xrun: 23.09-s013: (c) Copyright 1995-2024 Cadence Design Systems, Inc.
TOOL:	xrun	23.09-s013: Started on May 06, 2026 at 00:15:23 PKT
xrun
	-f flist.f
		./Functional/ahb3lite_pkg.sv
		./Functional/ahb_if.sv
		./Functional/mem.sv
		./Functional/design.sv
		./Covergroups/coverage_module.sv
		./Covergroups/directed_tests_v2.sv
		./Covergroups/tb_top_v2.sv
	-top tb_top
	-access +rwc
	-coverage all
	-covoverwrite
	-covtest test_1
	-covworkdir cov_work
file: ./Functional/ahb_if.sv
    default input #1step output #1step;
                                     |
xmvlog: *W,SAWSTP (./Functional/ahb_if.sv,35|37): Time unit "step" seen in literal - using local precision.
	interface worklib.ahb_if:sv
		errors: 0, warnings: 1
file: ./Functional/mem.sv
	module worklib.mem:sv
		errors: 0, warnings: 0
file: ./Functional/design.sv
	module worklib.ahb3liten:sv
		errors: 0, warnings: 0
file: ./Covergroups/coverage_module.sv
	module worklib.coverage_module:sv
		errors: 0, warnings: 0
file: ./Covergroups/directed_tests_v2.sv
	package worklib.ahb_test_pkg:sv
		errors: 0, warnings: 0
file: ./Covergroups/tb_top_v2.sv
	module worklib.tb_top:sv
		errors: 0, warnings: 0
	Elaborating the design hierarchy:
		Caching library 'worklib' ....... Done
	Top level design units:
		ahb3lite_pkg
		$unit_0x7ccf897a
		ahb_test_pkg
		tb_top

	Extracting FSMs for coverage:
		worklib.coverage_module
		worklib.mem
		worklib.ahb3liten
		worklib.tb_top
	Total FSMs extracted = 0
	Building instance overlay tables: .................... Done
	Enabling instrumentation for coverage types: block expression FSM toggle functional
xmelab: *W,COVDCL: By default expression coverage is scored only for Verilog logical operators (|| and &&) and VHDL logical operators (OR, AND, NOR, and NAND), and is scored only in condition expressions. To score coverage for other operators and for expressions in other statements, use the "set_expr_coverable_operators" and "set_expr_coverable_statements" coverage configuration file commands with suitable options at elaboration.
	Generating native compiled code:
		worklib.ahb3liten:sv <0x7dbf39ec>
			streams:  31, words: 19743
		worklib.coverage_module:sv <0x45131e59>
			streams:  39, words: 30515
		worklib.tb_top:sv <0x2dff9fb4>
			streams:  43, words: 48346
		worklib.ahb_test_pkg:sv <0x01e03a02>
			streams:  13, words: 52580
		worklib.ahb_if:sv <0x3a9baa6c>
			streams:   9, words: 11312
		worklib.mem:sv <0x177480cd>
			streams:   4, words:  2345
  bit [31:0] mem_model [0:1023];
                     |
xmelab: *W,COVMDD (./Covergroups/tb_top_v2.sv,12|21): Toggle coverage for bit, logic, reg, wire, enum and struct multi-dimensional static arrays and vectors is not supported by default. To enable toggle coverage for enum multi-dimensional static arrays specify 'set_toggle_scoring -sv_enum enable_mda' and for other multi-dimensional static arrays, specify 'set_toggle_scoring -sv_mda [<max_bit_base2_exponent>] [-sv_mda_of_struct]' ccf command in the coverage configuration file.
  int single_pass = 0, single_fail = 0;
                |
xmelab: *W,COVUTA (./Covergroups/tb_top_v2.sv,15|16): Toggle coverage is not supported for SystemVerilog integer, real, string, dynamic array, sparse memory and reference ports. It is also not supported for VHDL multi-dimensional array and array of record. There may also be other such objects in the design.
	Building instance specific data structures.
xmelab: *W,CGPIDF: Covergroup "per_instance" option , by default, is set as 0.
xmelab: *N,COVCGN: Coverage configuration file command "set_covergroup -new_instance_reporting" can be specified to improve the scoping and naming of covergroup instances. It may be noted that subsequent merging of a coverage database saved with this command and a coverage database saved without this command is not allowed.
	Loading native compiled code:     .................... Done
	Design hierarchy summary:
		                 Instances  Unique
		Modules:                 4       4
		Interfaces:              1       1
		Verilog packages:        2       2
		Registers:             195     195
		Scalar wires:           13       -
		Vectored wires:         14       -
		Always blocks:          15      13
		Initial blocks:         24      24
		Clocking blocks:         1       1
		Clocking items:         12      12
		Cont. assignments:       5       6
		Pseudo assignments:     18       -
		Covergroup Instances:    0      12
		Compilation units:       1       1
		Process Clocks:         13       2
		Simulation timescale:  1ps
	Writing initial simulation snapshot: worklib.tb_top:sv
Loading snapshot worklib.tb_top:sv .................... Done
SVSEED default: 1
xcelium> source /mnt/cadence_tools/installs/XCELIUM2309/tools/xcelium/files/xmsimrc
xcelium> run


================================================================================
            AHB-LITE VERIFICATION TESTBENCH WITH SCOREBOARDING
================================================================================


========== TEST SET 1: SINGLE WRITE/READ TESTS (1000 iterations) ==========

[PASS] Addr: 0x00000300 | Exp: 0x00001f47 | Got: 0x00001f47
[PASS] Addr: 0x000003a4 | Exp: 0x6c214b48 | Got: 0x6c214b48
[PASS] Addr: 0x000003ec | Exp: 0x0000e36b | Got: 0x0000e36b
[PASS] Addr: 0x00000114 | Exp: 0xd59312e1 | Got: 0xd59312e1
[PASS] Addr: 0x00000258 | Exp: 0x000000bd | Got: 0x000000bd
[PASS] Addr: 0x000002e8 | Exp: 0x0000d3fb | Got: 0x0000d3fb
[PASS] Addr: 0x0000003c | Exp: 0x00000093 | Got: 0x00000093
[PASS] Addr: 0x00000128 | Exp: 0x1d8f1ffb | Got: 0x1d8f1ffb
[PASS] Addr: 0x000001c0 | Exp: 0x0000ac4e | Got: 0x0000ac4e
[PASS] Addr: 0x0000022c | Exp: 0xa4e49de8 | Got: 0xa4e49de8
[PASS] Addr: 0x0000025c | Exp: 0x5cfee63c | Got: 0x5cfee63c
[PASS] Addr: 0x00000338 | Exp: 0x00001f32 | Got: 0x00001f32
[PASS] Addr: 0x000000cc | Exp: 0x00000042 | Got: 0x00000042
[PASS] Addr: 0x00000014 | Exp: 0x00000036 | Got: 0x00000036
[PASS] Addr: 0x00000238 | Exp: 0x04a0a336 | Got: 0x04a0a336
[PASS] Addr: 0x00000188 | Exp: 0x78882d83 | Got: 0x78882d83
[PASS] Addr: 0x00000034 | Exp: 0xbd12de0e | Got: 0xbd12de0e
[FAIL] Addr: 0x00000300 | Exp: 0x00001fda | Got: 0x000000da
[PASS] Addr: 0x000001e4 | Exp: 0x3b52e3bc | Got: 0x3b52e3bc
[PASS] Addr: 0x00000310 | Exp: 0x2c6f20f8 | Got: 0x2c6f20f8
[PASS] Addr: 0x000003f4 | Exp: 0x000073d4 | Got: 0x000073d4
[PASS] Addr: 0x00000300 | Exp: 0x16424514 | Got: 0x16424514
[PASS] Addr: 0x000003b0 | Exp: 0x000000f4 | Got: 0x000000f4
[PASS] Addr: 0x00000170 | Exp: 0x00000027 | Got: 0x00000027
[PASS] Addr: 0x00000124 | Exp: 0xad40f7e2 | Got: 0xad40f7e2
[PASS] Addr: 0x000003d0 | Exp: 0x000000ef | Got: 0x000000ef
[PASS] Addr: 0x00000010 | Exp: 0x00001672 | Got: 0x00001672
[FAIL] Addr: 0x00000300 | Exp: 0x164245b3 | Got: 0x000000b3
[PASS] Addr: 0x00000014 | Exp: 0x0000332f | Got: 0x0000332f
[PASS] Addr: 0x000002d8 | Exp: 0x00006bc5 | Got: 0x00006bc5
[PASS] Addr: 0x000003b0 | Exp: 0x6331dcb6 | Got: 0x6331dcb6
[PASS] Addr: 0x000000c0 | Exp: 0x000000ca | Got: 0x000000ca
[PASS] Addr: 0x0000024c | Exp: 0xae5ebfe1 | Got: 0xae5ebfe1
[PASS] Addr: 0x00000138 | Exp: 0x9fa597b9 | Got: 0x9fa597b9
[PASS] Addr: 0x00000160 | Exp: 0xde1c9fa9 | Got: 0xde1c9fa9
[PASS] Addr: 0x00000068 | Exp: 0x0000e3a5 | Got: 0x0000e3a5
[PASS] Addr: 0x00000074 | Exp: 0x000000c9 | Got: 0x000000c9
[PASS] Addr: 0x000001b8 | Exp: 0x85cd6e3c | Got: 0x85cd6e3c
[FAIL] Addr: 0x00000034 | Exp: 0xbd12f423 | Got: 0x0000f423
[FAIL] Addr: 0x0000025c | Exp: 0x5cfe130c | Got: 0x0000130c
[PASS] Addr: 0x00000074 | Exp: 0x0ba78ee5 | Got: 0x0ba78ee5
[PASS] Addr: 0x000002dc | Exp: 0x00000089 | Got: 0x00000089
[PASS] Addr: 0x0000015c | Exp: 0x3f2c9768 | Got: 0x3f2c9768
[FAIL] Addr: 0x000003b0 | Exp: 0x633135cf | Got: 0x000035cf
[PASS] Addr: 0x00000358 | Exp: 0xe73227dd | Got: 0xe73227dd
[PASS] Addr: 0x000000cc | Exp: 0x543b1828 | Got: 0x543b1828
[PASS] Addr: 0x00000240 | Exp: 0x0000ffa7 | Got: 0x0000ffa7
[PASS] Addr: 0x0000002c | Exp: 0x0000004e | Got: 0x0000004e
[PASS] Addr: 0x00000360 | Exp: 0x7e1a6087 | Got: 0x7e1a6087
[PASS] Addr: 0x00000364 | Exp: 0x0000006e | Got: 0x0000006e
[PASS] Addr: 0x00000280 | Exp: 0x80ab1c7a | Got: 0x80ab1c7a
[PASS] Addr: 0x0000003c | Exp: 0x0000bff2 | Got: 0x0000bff2
[PASS] Addr: 0x00000200 | Exp: 0x69c4d863 | Got: 0x69c4d863
[FAIL] Addr: 0x00000034 | Exp: 0xbd12f4fb | Got: 0x000000fb
[PASS] Addr: 0x000001e0 | Exp: 0x00004769 | Got: 0x00004769
[PASS] Addr: 0x0000030c | Exp: 0x89a4d1b1 | Got: 0x89a4d1b1
[PASS] Addr: 0x000001d4 | Exp: 0x0000001f | Got: 0x0000001f
[FAIL] Addr: 0x00000074 | Exp: 0x0ba7b83b | Got: 0x0000b83b
[PASS] Addr: 0x00000254 | Exp: 0x00000067 | Got: 0x00000067
[PASS] Addr: 0x00000070 | Exp: 0x0000f48e | Got: 0x0000f48e
[PASS] Addr: 0x000000b0 | Exp: 0x00000114 | Got: 0x00000114
[PASS] Addr: 0x00000310 | Exp: 0x9c70f8e7 | Got: 0x9c70f8e7
[PASS] Addr: 0x00000210 | Exp: 0x00003253 | Got: 0x00003253
[PASS] Addr: 0x000002ec | Exp: 0x872b6b16 | Got: 0x872b6b16
[PASS] Addr: 0x00000194 | Exp: 0x000087c8 | Got: 0x000087c8
[PASS] Addr: 0x000002ac | Exp: 0xc71b4381 | Got: 0xc71b4381
[FAIL] Addr: 0x00000160 | Exp: 0xde1c9f78 | Got: 0x00000078
[PASS] Addr: 0x000001b0 | Exp: 0x000000e4 | Got: 0x000000e4
[PASS] Addr: 0x000002b0 | Exp: 0xa68a7a6a | Got: 0xa68a7a6a
[PASS] Addr: 0x0000038c | Exp: 0xafe0dedb | Got: 0xafe0dedb
[PASS] Addr: 0x000000d4 | Exp: 0x9e58560d | Got: 0x9e58560d
[PASS] Addr: 0x000002a4 | Exp: 0x0000001f | Got: 0x0000001f
[PASS] Addr: 0x00000364 | Exp: 0x8c899259 | Got: 0x8c899259
[PASS] Addr: 0x000001b0 | Exp: 0x00003590 | Got: 0x00003590
[PASS] Addr: 0x00000324 | Exp: 0x000000b5 | Got: 0x000000b5
[PASS] Addr: 0x0000005c | Exp: 0x000000f7 | Got: 0x000000f7
[PASS] Addr: 0x00000240 | Exp: 0xb938779d | Got: 0xb938779d
[PASS] Addr: 0x000002c8 | Exp: 0x00000089 | Got: 0x00000089
[FAIL] Addr: 0x00000338 | Exp: 0x00001f00 | Got: 0x00000000
[PASS] Addr: 0x00000020 | Exp: 0x0000422b | Got: 0x0000422b
[PASS] Addr: 0x00000304 | Exp: 0x0000296c | Got: 0x0000296c
[PASS] Addr: 0x0000002c | Exp: 0x00000079 | Got: 0x00000079
[PASS] Addr: 0x00000224 | Exp: 0x000089e9 | Got: 0x000089e9
[PASS] Addr: 0x000003e0 | Exp: 0x00009586 | Got: 0x00009586
[PASS] Addr: 0x000000a4 | Exp: 0x58a996a6 | Got: 0x58a996a6
[PASS] Addr: 0x000000e8 | Exp: 0xf7b75f62 | Got: 0xf7b75f62
[PASS] Addr: 0x00000138 | Exp: 0x3c76e857 | Got: 0x3c76e857
[PASS] Addr: 0x00000040 | Exp: 0x0000005d | Got: 0x0000005d
[PASS] Addr: 0x00000340 | Exp: 0x00000059 | Got: 0x00000059
[PASS] Addr: 0x000003b8 | Exp: 0x0000000e | Got: 0x0000000e
[PASS] Addr: 0x000003e4 | Exp: 0x5181eb9c | Got: 0x5181eb9c
[PASS] Addr: 0x00000298 | Exp: 0x0000ec13 | Got: 0x0000ec13
[FAIL] Addr: 0x00000224 | Exp: 0x0000893f | Got: 0x0000003f
[PASS] Addr: 0x00000110 | Exp: 0x00000097 | Got: 0x00000097
[PASS] Addr: 0x000001d8 | Exp: 0x50f3fbf8 | Got: 0x50f3fbf8
[PASS] Addr: 0x000002e8 | Exp: 0x00006a95 | Got: 0x00006a95
[PASS] Addr: 0x000001d4 | Exp: 0x0000653b | Got: 0x0000653b
[PASS] Addr: 0x00000104 | Exp: 0x000000df | Got: 0x000000df
[PASS] Addr: 0x000000ec | Exp: 0x0000a117 | Got: 0x0000a117
[PASS] Addr: 0x000001e8 | Exp: 0x000094de | Got: 0x000094de
[PASS] Addr: 0x00000204 | Exp: 0x000027e0 | Got: 0x000027e0
[PASS] Addr: 0x00000164 | Exp: 0x00000018 | Got: 0x00000018
[PASS] Addr: 0x00000324 | Exp: 0xb38bb28f | Got: 0xb38bb28f
[FAIL] Addr: 0x00000300 | Exp: 0x1642f674 | Got: 0x0000f674
[FAIL] Addr: 0x0000038c | Exp: 0xafe0dee9 | Got: 0x000000e9
[PASS] Addr: 0x000003ac | Exp: 0xbfb20e3e | Got: 0xbfb20e3e
[PASS] Addr: 0x000000b8 | Exp: 0x1474b863 | Got: 0x1474b863
[PASS] Addr: 0x0000023c | Exp: 0x0000b6ea | Got: 0x0000b6ea
[PASS] Addr: 0x00000280 | Exp: 0x4a757bc2 | Got: 0x4a757bc2
[PASS] Addr: 0x00000308 | Exp: 0x0000ee98 | Got: 0x0000ee98
[PASS] Addr: 0x00000218 | Exp: 0x00007b83 | Got: 0x00007b83
[PASS] Addr: 0x00000268 | Exp: 0x0000005c | Got: 0x0000005c
[PASS] Addr: 0x00000024 | Exp: 0xbb8886fe | Got: 0xbb8886fe
[PASS] Addr: 0x00000254 | Exp: 0x282d533b | Got: 0x282d533b
[FAIL] Addr: 0x000001d4 | Exp: 0x00006549 | Got: 0x00000049
[PASS] Addr: 0x000002f0 | Exp: 0x0000b9f5 | Got: 0x0000b9f5
[FAIL] Addr: 0x000000e8 | Exp: 0xf7b75fde | Got: 0x000000de
[PASS] Addr: 0x00000220 | Exp: 0x0000b987 | Got: 0x0000b987
[PASS] Addr: 0x000002bc | Exp: 0x000054fd | Got: 0x000054fd
[FAIL] Addr: 0x00000204 | Exp: 0x0000276c | Got: 0x0000006c
[PASS] Addr: 0x00000268 | Exp: 0x000000d0 | Got: 0x000000d0
[PASS] Addr: 0x000002a4 | Exp: 0x000000a8 | Got: 0x000000a8
[PASS] Addr: 0x000001c0 | Exp: 0xa480f652 | Got: 0xa480f652
[PASS] Addr: 0x00000270 | Exp: 0x00000083 | Got: 0x00000083
[PASS] Addr: 0x00000174 | Exp: 0xb20dd6ee | Got: 0xb20dd6ee
[PASS] Addr: 0x000001d0 | Exp: 0x00003615 | Got: 0x00003615
[PASS] Addr: 0x00000010 | Exp: 0x0000dbe7 | Got: 0x0000dbe7
[PASS] Addr: 0x000001b8 | Exp: 0x5f18c387 | Got: 0x5f18c387
[FAIL] Addr: 0x00000014 | Exp: 0x0000337b | Got: 0x0000007b
[PASS] Addr: 0x0000013c | Exp: 0xa6dcaa15 | Got: 0xa6dcaa15
[PASS] Addr: 0x00000100 | Exp: 0x00001ac7 | Got: 0x00001ac7
[PASS] Addr: 0x00000218 | Exp: 0x5e5ea5d3 | Got: 0x5e5ea5d3
[PASS] Addr: 0x00000370 | Exp: 0xa635f06a | Got: 0xa635f06a
[FAIL] Addr: 0x0000003c | Exp: 0x0000bf35 | Got: 0x00000035
[PASS] Addr: 0x0000001c | Exp: 0x000000e9 | Got: 0x000000e9
[PASS] Addr: 0x0000006c | Exp: 0x83d6474d | Got: 0x83d6474d
[PASS] Addr: 0x000001f0 | Exp: 0x000000d7 | Got: 0x000000d7
[PASS] Addr: 0x000001c4 | Exp: 0x000000d3 | Got: 0x000000d3
[PASS] Addr: 0x0000031c | Exp: 0x0000bcb1 | Got: 0x0000bcb1
[PASS] Addr: 0x0000024c | Exp: 0x341cb1e7 | Got: 0x341cb1e7
[PASS] Addr: 0x00000120 | Exp: 0x00006a8b | Got: 0x00006a8b
[PASS] Addr: 0x00000288 | Exp: 0x00000096 | Got: 0x00000096
[PASS] Addr: 0x000003e4 | Exp: 0x9f1cdf6e | Got: 0x9f1cdf6e
[PASS] Addr: 0x00000000 | Exp: 0x0000001f | Got: 0x0000001f
[PASS] Addr: 0x000003c0 | Exp: 0x0000877c | Got: 0x0000877c
[PASS] Addr: 0x000002e0 | Exp: 0x00004ef4 | Got: 0x00004ef4
[PASS] Addr: 0x00000290 | Exp: 0x19ed2bd9 | Got: 0x19ed2bd9
[PASS] Addr: 0x00000278 | Exp: 0xd3a60580 | Got: 0xd3a60580
[PASS] Addr: 0x000003c4 | Exp: 0x0000004b | Got: 0x0000004b
[PASS] Addr: 0x000000d8 | Exp: 0x000000ab | Got: 0x000000ab
[PASS] Addr: 0x00000368 | Exp: 0x00003f9c | Got: 0x00003f9c
[PASS] Addr: 0x0000015c | Exp: 0x73cb431e | Got: 0x73cb431e
[PASS] Addr: 0x00000048 | Exp: 0x000000c4 | Got: 0x000000c4
[PASS] Addr: 0x00000230 | Exp: 0x00000048 | Got: 0x00000048
[FAIL] Addr: 0x000000e8 | Exp: 0xf7b75fc9 | Got: 0x000000c9
[PASS] Addr: 0x000000fc | Exp: 0x0000bc1e | Got: 0x0000bc1e
[PASS] Addr: 0x000003a0 | Exp: 0x00004b62 | Got: 0x00004b62
[PASS] Addr: 0x00000250 | Exp: 0x000000a3 | Got: 0x000000a3
[FAIL] Addr: 0x000001b0 | Exp: 0x0000355e | Got: 0x0000005e
[PASS] Addr: 0x0000005c | Exp: 0x540b162c | Got: 0x540b162c
[PASS] Addr: 0x0000014c | Exp: 0xec9ad9c8 | Got: 0xec9ad9c8
[PASS] Addr: 0x0000005c | Exp: 0x19a83d60 | Got: 0x19a83d60
[PASS] Addr: 0x000002a4 | Exp: 0x0000f2c8 | Got: 0x0000f2c8
[PASS] Addr: 0x00000338 | Exp: 0x00009203 | Got: 0x00009203
[PASS] Addr: 0x000003fc | Exp: 0x00001a49 | Got: 0x00001a49
[PASS] Addr: 0x00000118 | Exp: 0x00000070 | Got: 0x00000070
[PASS] Addr: 0x000000c0 | Exp: 0x29a6645d | Got: 0x29a6645d
[FAIL] Addr: 0x000003ec | Exp: 0x0000e3e8 | Got: 0x000000e8
[PASS] Addr: 0x00000390 | Exp: 0x00000061 | Got: 0x00000061
[PASS] Addr: 0x00000104 | Exp: 0xee44868f | Got: 0xee44868f
[PASS] Addr: 0x00000344 | Exp: 0x00005be0 | Got: 0x00005be0
[PASS] Addr: 0x00000194 | Exp: 0x0000742f | Got: 0x0000742f
[PASS] Addr: 0x00000318 | Exp: 0xa7983a39 | Got: 0xa7983a39
[FAIL] Addr: 0x0000024c | Exp: 0x341cb1c3 | Got: 0x000000c3
[PASS] Addr: 0x0000019c | Exp: 0x00000001 | Got: 0x00000001
[PASS] Addr: 0x000001ec | Exp: 0x99cf83b5 | Got: 0x99cf83b5
[PASS] Addr: 0x000002d8 | Exp: 0x3875f928 | Got: 0x3875f928
[PASS] Addr: 0x000002d0 | Exp: 0x4d143ce3 | Got: 0x4d143ce3
[PASS] Addr: 0x00000158 | Exp: 0x0000d4db | Got: 0x0000d4db
[PASS] Addr: 0x00000374 | Exp: 0x00001064 | Got: 0x00001064
[PASS] Addr: 0x0000023c | Exp: 0xd8892a2c | Got: 0xd8892a2c
[FAIL] Addr: 0x00000218 | Exp: 0x5e5ea50d | Got: 0x0000000d
[PASS] Addr: 0x00000044 | Exp: 0x8aa61a74 | Got: 0x8aa61a74
[FAIL] Addr: 0x00000344 | Exp: 0x00005bb3 | Got: 0x000000b3
[PASS] Addr: 0x000001e4 | Exp: 0x1d952e75 | Got: 0x1d952e75
[PASS] Addr: 0x00000360 | Exp: 0xb52d352f | Got: 0xb52d352f
[PASS] Addr: 0x00000258 | Exp: 0x03cb7f40 | Got: 0x03cb7f40
[PASS] Addr: 0x00000338 | Exp: 0x99af6523 | Got: 0x99af6523
[PASS] Addr: 0x000001a8 | Exp: 0x0000a3da | Got: 0x0000a3da
[PASS] Addr: 0x00000398 | Exp: 0x0000007f | Got: 0x0000007f
[PASS] Addr: 0x000003bc | Exp: 0xb4be279e | Got: 0xb4be279e
[PASS] Addr: 0x000003d4 | Exp: 0xe5fbc2c3 | Got: 0xe5fbc2c3
[PASS] Addr: 0x00000280 | Exp: 0xa8e80d62 | Got: 0xa8e80d62
[PASS] Addr: 0x0000035c | Exp: 0xf565e103 | Got: 0xf565e103
[PASS] Addr: 0x000002cc | Exp: 0x0000005a | Got: 0x0000005a
[FAIL] Addr: 0x0000024c | Exp: 0x341cb1ad | Got: 0x000000ad
[PASS] Addr: 0x000000a0 | Exp: 0x257fabbd | Got: 0x257fabbd
[PASS] Addr: 0x000000f8 | Exp: 0x0000000a | Got: 0x0000000a
[FAIL] Addr: 0x00000210 | Exp: 0x00003229 | Got: 0x00000029
[FAIL] Addr: 0x00000280 | Exp: 0xa8e80d86 | Got: 0x00000086
[PASS] Addr: 0x00000168 | Exp: 0x000000c8 | Got: 0x000000c8
[PASS] Addr: 0x00000264 | Exp: 0xfc4fdeb1 | Got: 0xfc4fdeb1
[FAIL] Addr: 0x0000023c | Exp: 0xd8892a30 | Got: 0x00000030
[PASS] Addr: 0x0000010c | Exp: 0x00000002 | Got: 0x00000002
[PASS] Addr: 0x0000016c | Exp: 0x51fda10c | Got: 0x51fda10c
[PASS] Addr: 0x00000354 | Exp: 0x0000005f | Got: 0x0000005f
[PASS] Addr: 0x0000003c | Exp: 0x0000be7e | Got: 0x0000be7e
[PASS] Addr: 0x00000130 | Exp: 0x00007d5e | Got: 0x00007d5e
[PASS] Addr: 0x00000268 | Exp: 0x58dc6a40 | Got: 0x58dc6a40
[PASS] Addr: 0x00000320 | Exp: 0x00000049 | Got: 0x00000049
[PASS] Addr: 0x00000328 | Exp: 0xd2f19b8d | Got: 0xd2f19b8d
[FAIL] Addr: 0x000002e0 | Exp: 0x00004ee4 | Got: 0x000000e4
[FAIL] Addr: 0x0000014c | Exp: 0xec9a4dc2 | Got: 0x00004dc2
[FAIL] Addr: 0x000002d8 | Exp: 0x38756eef | Got: 0x00006eef
[PASS] Addr: 0x00000248 | Exp: 0x000000c5 | Got: 0x000000c5
[FAIL] Addr: 0x000000c0 | Exp: 0x29a6646a | Got: 0x0000006a
[PASS] Addr: 0x0000003c | Exp: 0x00008022 | Got: 0x00008022
[PASS] Addr: 0x00000334 | Exp: 0x9752889d | Got: 0x9752889d
[PASS] Addr: 0x00000314 | Exp: 0x369551f8 | Got: 0x369551f8
[PASS] Addr: 0x00000228 | Exp: 0xa37459d4 | Got: 0xa37459d4
[PASS] Addr: 0x00000088 | Exp: 0x00000098 | Got: 0x00000098
[PASS] Addr: 0x000002a0 | Exp: 0x000078ea | Got: 0x000078ea
[FAIL] Addr: 0x00000334 | Exp: 0x975297e7 | Got: 0x000097e7
[PASS] Addr: 0x0000011c | Exp: 0x762ae98d | Got: 0x762ae98d
[PASS] Addr: 0x000000ac | Exp: 0x00000088 | Got: 0x00000088
[PASS] Addr: 0x00000340 | Exp: 0x0000003d | Got: 0x0000003d
[PASS] Addr: 0x00000284 | Exp: 0x79c666bc | Got: 0x79c666bc
[PASS] Addr: 0x00000050 | Exp: 0x7c429d12 | Got: 0x7c429d12
[PASS] Addr: 0x00000260 | Exp: 0x00000005 | Got: 0x00000005
[PASS] Addr: 0x000000d8 | Exp: 0x7c801643 | Got: 0x7c801643
[PASS] Addr: 0x00000108 | Exp: 0xcfb09b8e | Got: 0xcfb09b8e
[PASS] Addr: 0x00000128 | Exp: 0x4dbcb967 | Got: 0x4dbcb967
[PASS] Addr: 0x00000080 | Exp: 0x0000004c | Got: 0x0000004c
[PASS] Addr: 0x000002e8 | Exp: 0x0000047a | Got: 0x0000047a
[FAIL] Addr: 0x000000fc | Exp: 0x0000bce1 | Got: 0x000000e1
[PASS] Addr: 0x000001b4 | Exp: 0x0000afa0 | Got: 0x0000afa0
[PASS] Addr: 0x0000011c | Exp: 0x78991544 | Got: 0x78991544
[PASS] Addr: 0x000002a0 | Exp: 0x4c31c4aa | Got: 0x4c31c4aa
[PASS] Addr: 0x000000c8 | Exp: 0x00000023 | Got: 0x00000023
[PASS] Addr: 0x000002c0 | Exp: 0x0000c959 | Got: 0x0000c959
[FAIL] Addr: 0x00000374 | Exp: 0x00001004 | Got: 0x00000004
[FAIL] Addr: 0x000000d4 | Exp: 0x9e585666 | Got: 0x00000066
[PASS] Addr: 0x00000104 | Exp: 0x85411a30 | Got: 0x85411a30
[FAIL] Addr: 0x000001c0 | Exp: 0xa480f63e | Got: 0x0000003e
[PASS] Addr: 0x000001fc | Exp: 0x0000004d | Got: 0x0000004d
[PASS] Addr: 0x0000001c | Exp: 0x0000008f | Got: 0x0000008f
[FAIL] Addr: 0x00000278 | Exp: 0xd3a629ce | Got: 0x000029ce
[FAIL] Addr: 0x000002d0 | Exp: 0x4d143c85 | Got: 0x00000085
[FAIL] Addr: 0x00000050 | Exp: 0x7c42e10c | Got: 0x0000e10c
[PASS] Addr: 0x000002a8 | Exp: 0x000000d1 | Got: 0x000000d1
[PASS] Addr: 0x0000001c | Exp: 0xc5245131 | Got: 0xc5245131
[FAIL] Addr: 0x000002d0 | Exp: 0x4d14e26f | Got: 0x0000e26f
[PASS] Addr: 0x00000144 | Exp: 0x000019da | Got: 0x000019da
[PASS] Addr: 0x0000006c | Exp: 0xa6d23324 | Got: 0xa6d23324
[PASS] Addr: 0x00000118 | Exp: 0x00000079 | Got: 0x00000079
[FAIL] Addr: 0x0000013c | Exp: 0xa6dcaaca | Got: 0x000000ca
[FAIL] Addr: 0x000000d8 | Exp: 0x7c800e7c | Got: 0x00000e7c
[FAIL] Addr: 0x00000104 | Exp: 0x85411a4d | Got: 0x0000004d
[PASS] Addr: 0x000002c8 | Exp: 0x0000372f | Got: 0x0000372f
[PASS] Addr: 0x00000248 | Exp: 0x9d85ec71 | Got: 0x9d85ec71
[FAIL] Addr: 0x0000023c | Exp: 0xd8892a63 | Got: 0x00000063
[PASS] Addr: 0x000001bc | Exp: 0x3f6e865b | Got: 0x3f6e865b
[FAIL] Addr: 0x000002b0 | Exp: 0xa68a7acc | Got: 0x000000cc
[PASS] Addr: 0x000000e0 | Exp: 0x8afa6acb | Got: 0x8afa6acb
[FAIL] Addr: 0x000001d0 | Exp: 0x0000362c | Got: 0x0000002c
[PASS] Addr: 0x00000390 | Exp: 0x0000002a | Got: 0x0000002a
[PASS] Addr: 0x0000008c | Exp: 0x00004132 | Got: 0x00004132
[PASS] Addr: 0x00000094 | Exp: 0x0000b948 | Got: 0x0000b948
[FAIL] Addr: 0x00000324 | Exp: 0xb38bcd21 | Got: 0x0000cd21
[PASS] Addr: 0x0000012c | Exp: 0x559630e3 | Got: 0x559630e3
[PASS] Addr: 0x00000040 | Exp: 0x00003631 | Got: 0x00003631
[PASS] Addr: 0x000003a8 | Exp: 0x0000a7e8 | Got: 0x0000a7e8
[PASS] Addr: 0x000002fc | Exp: 0x000043b6 | Got: 0x000043b6
[PASS] Addr: 0x000000ec | Exp: 0x0253ae79 | Got: 0x0253ae79
[FAIL] Addr: 0x000003ec | Exp: 0x0000e303 | Got: 0x00000003
[PASS] Addr: 0x00000110 | Exp: 0x000000b3 | Got: 0x000000b3
[PASS] Addr: 0x00000144 | Exp: 0x0000460d | Got: 0x0000460d
[PASS] Addr: 0x000002e0 | Exp: 0x0000a82e | Got: 0x0000a82e
[PASS] Addr: 0x000001d0 | Exp: 0xd75002d0 | Got: 0xd75002d0
[PASS] Addr: 0x00000274 | Exp: 0x00006f42 | Got: 0x00006f42
[FAIL] Addr: 0x0000031c | Exp: 0x0000bc73 | Got: 0x00000073
[FAIL] Addr: 0x000002c0 | Exp: 0x0000c90c | Got: 0x0000000c
[PASS] Addr: 0x0000026c | Exp: 0x0000872b | Got: 0x0000872b
[FAIL] Addr: 0x00000224 | Exp: 0x00008934 | Got: 0x00000034
[PASS] Addr: 0x000000dc | Exp: 0xf349a3e1 | Got: 0xf349a3e1
[PASS] Addr: 0x000001fc | Exp: 0x0000006d | Got: 0x0000006d
[PASS] Addr: 0x00000264 | Exp: 0x72533893 | Got: 0x72533893
[FAIL] Addr: 0x0000012c | Exp: 0x559630ba | Got: 0x000000ba
[PASS] Addr: 0x000003fc | Exp: 0x56d2f87c | Got: 0x56d2f87c
[PASS] Addr: 0x000001b0 | Exp: 0x0000e874 | Got: 0x0000e874
[PASS] Addr: 0x00000094 | Exp: 0x7f9dcef3 | Got: 0x7f9dcef3
[PASS] Addr: 0x00000134 | Exp: 0x0000780c | Got: 0x0000780c
[FAIL] Addr: 0x00000130 | Exp: 0x00007d15 | Got: 0x00000015
[FAIL] Addr: 0x000000a4 | Exp: 0x58a99691 | Got: 0x00000091
[PASS] Addr: 0x00000000 | Exp: 0x0000ea23 | Got: 0x0000ea23
[PASS] Addr: 0x000002ac | Exp: 0xd7459cf1 | Got: 0xd7459cf1
[FAIL] Addr: 0x0000025c | Exp: 0x5cfeafa9 | Got: 0x0000afa9
[PASS] Addr: 0x0000015c | Exp: 0x607c6a00 | Got: 0x607c6a00
[FAIL] Addr: 0x000001e0 | Exp: 0x00004764 | Got: 0x00000064
[PASS] Addr: 0x000002a4 | Exp: 0x1e84ab3b | Got: 0x1e84ab3b
[PASS] Addr: 0x00000088 | Exp: 0x377abee2 | Got: 0x377abee2
[FAIL] Addr: 0x000003fc | Exp: 0x56d2084b | Got: 0x0000084b
[FAIL] Addr: 0x000003a4 | Exp: 0x6c2128e7 | Got: 0x000028e7
[FAIL] Addr: 0x000000e0 | Exp: 0x8afa1949 | Got: 0x00001949
[PASS] Addr: 0x000001fc | Exp: 0x00008894 | Got: 0x00008894
[FAIL] Addr: 0x00000068 | Exp: 0x0000e3c4 | Got: 0x000000c4
[FAIL] Addr: 0x000000dc | Exp: 0xf3496847 | Got: 0x00006847
[FAIL] Addr: 0x000001d8 | Exp: 0x50f3fb83 | Got: 0x00000083
[FAIL] Addr: 0x00000024 | Exp: 0xbb88a742 | Got: 0x0000a742
[PASS] Addr: 0x00000028 | Exp: 0x6c2e580b | Got: 0x6c2e580b
[PASS] Addr: 0x00000158 | Exp: 0x0000150b | Got: 0x0000150b
[PASS] Addr: 0x000000ac | Exp: 0x000000e1 | Got: 0x000000e1
[PASS] Addr: 0x000001a4 | Exp: 0x00000097 | Got: 0x00000097
[PASS] Addr: 0x0000007c | Exp: 0x00002a8e | Got: 0x00002a8e
[PASS] Addr: 0x00000308 | Exp: 0x828dbe26 | Got: 0x828dbe26
[PASS] Addr: 0x00000130 | Exp: 0x4ec69065 | Got: 0x4ec69065
[PASS] Addr: 0x0000004c | Exp: 0x000000ec | Got: 0x000000ec
[PASS] Addr: 0x00000050 | Exp: 0x01413704 | Got: 0x01413704
[PASS] Addr: 0x0000001c | Exp: 0xb2dced76 | Got: 0xb2dced76
[FAIL] Addr: 0x000001ec | Exp: 0x99cf839c | Got: 0x0000009c
[PASS] Addr: 0x0000031c | Exp: 0x66a07bc8 | Got: 0x66a07bc8
[PASS] Addr: 0x0000023c | Exp: 0x86cb47f1 | Got: 0x86cb47f1
[FAIL] Addr: 0x000000ec | Exp: 0x0253a848 | Got: 0x0000a848
[PASS] Addr: 0x00000214 | Exp: 0x00000021 | Got: 0x00000021
[PASS] Addr: 0x00000040 | Exp: 0x8af0ba5c | Got: 0x8af0ba5c
[FAIL] Addr: 0x00000290 | Exp: 0x19ed2b26 | Got: 0x00000026
[PASS] Addr: 0x000001fc | Exp: 0x00001fd2 | Got: 0x00001fd2
[FAIL] Addr: 0x0000038c | Exp: 0xafe0de1a | Got: 0x0000001a
[PASS] Addr: 0x00000320 | Exp: 0x41cafb03 | Got: 0x41cafb03
[PASS] Addr: 0x00000148 | Exp: 0x2c0f623e | Got: 0x2c0f623e
[PASS] Addr: 0x00000204 | Exp: 0xd5d591b7 | Got: 0xd5d591b7
[FAIL] Addr: 0x000000e8 | Exp: 0xf7b7adb9 | Got: 0x0000adb9
[FAIL] Addr: 0x00000248 | Exp: 0x9d85a0c8 | Got: 0x0000a0c8
[PASS] Addr: 0x00000010 | Exp: 0x131f9f21 | Got: 0x131f9f21
[PASS] Addr: 0x000003f0 | Exp: 0x00000087 | Got: 0x00000087
[PASS] Addr: 0x0000036c | Exp: 0x0000ddbc | Got: 0x0000ddbc
[PASS] Addr: 0x00000178 | Exp: 0xfb3285e0 | Got: 0xfb3285e0
[PASS] Addr: 0x00000048 | Exp: 0xb9ab2085 | Got: 0xb9ab2085
[FAIL] Addr: 0x000000dc | Exp: 0xf3492c3c | Got: 0x00002c3c
[PASS] Addr: 0x00000110 | Exp: 0x000000ee | Got: 0x000000ee
[PASS] Addr: 0x000003a4 | Exp: 0xd5ef942b | Got: 0xd5ef942b
[PASS] Addr: 0x000000f8 | Exp: 0x00000068 | Got: 0x00000068
[PASS] Addr: 0x00000208 | Exp: 0x2dcc92bf | Got: 0x2dcc92bf
[PASS] Addr: 0x00000274 | Exp: 0x000089a4 | Got: 0x000089a4
[FAIL] Addr: 0x000000e8 | Exp: 0xf7b7adb7 | Got: 0x000000b7
[PASS] Addr: 0x000000dc | Exp: 0x49b57697 | Got: 0x49b57697
[FAIL] Addr: 0x000002f0 | Exp: 0x0000b961 | Got: 0x00000061
[PASS] Addr: 0x000000ec | Exp: 0xeb620640 | Got: 0xeb620640
[PASS] Addr: 0x0000009c | Exp: 0x0000003d | Got: 0x0000003d
[PASS] Addr: 0x00000064 | Exp: 0x0000002a | Got: 0x0000002a
[PASS] Addr: 0x00000340 | Exp: 0x00000062 | Got: 0x00000062
[PASS] Addr: 0x00000084 | Exp: 0x000000b1 | Got: 0x000000b1
[FAIL] Addr: 0x00000334 | Exp: 0x975297a2 | Got: 0x000000a2
[PASS] Addr: 0x000003ac | Exp: 0x86003506 | Got: 0x86003506
[PASS] Addr: 0x000000cc | Exp: 0x19c3fd6d | Got: 0x19c3fd6d
[PASS] Addr: 0x000001e8 | Exp: 0x0000e4f1 | Got: 0x0000e4f1
[FAIL] Addr: 0x0000006c | Exp: 0xa6d2ef77 | Got: 0x0000ef77
[PASS] Addr: 0x0000007c | Exp: 0x0000205a | Got: 0x0000205a
[PASS] Addr: 0x000001a0 | Exp: 0x1390e21a | Got: 0x1390e21a
[PASS] Addr: 0x00000080 | Exp: 0x00008486 | Got: 0x00008486
[FAIL] Addr: 0x00000120 | Exp: 0x00006a7a | Got: 0x0000007a
[PASS] Addr: 0x00000058 | Exp: 0x00009922 | Got: 0x00009922
[PASS] Addr: 0x000001f0 | Exp: 0x7d29896b | Got: 0x7d29896b
[PASS] Addr: 0x00000060 | Exp: 0x00000002 | Got: 0x00000002
[PASS] Addr: 0x00000164 | Exp: 0x00000013 | Got: 0x00000013
[FAIL] Addr: 0x00000268 | Exp: 0x58dc09a7 | Got: 0x000009a7
[PASS] Addr: 0x0000022c | Exp: 0xf818074f | Got: 0xf818074f
[PASS] Addr: 0x0000004c | Exp: 0x00007583 | Got: 0x00007583
[PASS] Addr: 0x00000270 | Exp: 0x000000d7 | Got: 0x000000d7
[FAIL] Addr: 0x00000188 | Exp: 0x78882dfc | Got: 0x000000fc
[PASS] Addr: 0x000000e4 | Exp: 0x00000022 | Got: 0x00000022
[FAIL] Addr: 0x000003bc | Exp: 0xb4bed233 | Got: 0x0000d233
[PASS] Addr: 0x000000bc | Exp: 0x00000009 | Got: 0x00000009
[PASS] Addr: 0x00000244 | Exp: 0x00007383 | Got: 0x00007383
[PASS] Addr: 0x000000e4 | Exp: 0x0000002b | Got: 0x0000002b
[PASS] Addr: 0x000000d0 | Exp: 0xcb9278c9 | Got: 0xcb9278c9
[PASS] Addr: 0x000001e8 | Exp: 0x00001a14 | Got: 0x00001a14
[FAIL] Addr: 0x000000dc | Exp: 0x49b5c766 | Got: 0x0000c766
[FAIL] Addr: 0x00000324 | Exp: 0xb38bcd1d | Got: 0x0000001d
[PASS] Addr: 0x00000260 | Exp: 0x33d4b106 | Got: 0x33d4b106
[PASS] Addr: 0x000002c4 | Exp: 0x0000c912 | Got: 0x0000c912
[PASS] Addr: 0x0000033c | Exp: 0x77d7c11f | Got: 0x77d7c11f
[FAIL] Addr: 0x000000d0 | Exp: 0xcb927896 | Got: 0x00000096
[FAIL] Addr: 0x000001ec | Exp: 0x99cfbd39 | Got: 0x0000bd39
[FAIL] Addr: 0x0000014c | Exp: 0xec9a4d48 | Got: 0x00000048
[FAIL] Addr: 0x000002fc | Exp: 0x000043f1 | Got: 0x000000f1
[PASS] Addr: 0x0000013c | Exp: 0x2e93c8a3 | Got: 0x2e93c8a3
[PASS] Addr: 0x000001ac | Exp: 0xe307f6bc | Got: 0xe307f6bc
[PASS] Addr: 0x000002b4 | Exp: 0x000000a7 | Got: 0x000000a7
[FAIL] Addr: 0x00000370 | Exp: 0xa635ba6c | Got: 0x0000ba6c
[PASS] Addr: 0x000003f0 | Exp: 0x8f1e833b | Got: 0x8f1e833b
[FAIL] Addr: 0x00000284 | Exp: 0x79c66674 | Got: 0x00000074
[FAIL] Addr: 0x00000160 | Exp: 0xde1c9f4d | Got: 0x0000004d
[PASS] Addr: 0x0000038c | Exp: 0xb1f9caed | Got: 0xb1f9caed
[PASS] Addr: 0x000002ac | Exp: 0x0ee003bf | Got: 0x0ee003bf
[FAIL] Addr: 0x00000208 | Exp: 0x2dcc9255 | Got: 0x00000055
[FAIL] Addr: 0x000002d8 | Exp: 0x3875ce02 | Got: 0x0000ce02
[FAIL] Addr: 0x00000000 | Exp: 0x0000ea1b | Got: 0x0000001b
[PASS] Addr: 0x00000350 | Exp: 0x00000080 | Got: 0x00000080
[PASS] Addr: 0x00000080 | Exp: 0x000020dc | Got: 0x000020dc
[FAIL] Addr: 0x000001e4 | Exp: 0x1d952ebc | Got: 0x000000bc
[FAIL] Addr: 0x0000012c | Exp: 0x5596306b | Got: 0x0000006b
[PASS] Addr: 0x000001f8 | Exp: 0x00000039 | Got: 0x00000039
[FAIL] Addr: 0x000002d8 | Exp: 0x3875bf93 | Got: 0x0000bf93
[FAIL] Addr: 0x00000074 | Exp: 0x0ba7b81b | Got: 0x0000001b
[PASS] Addr: 0x00000118 | Exp: 0x0000009d | Got: 0x0000009d
[PASS] Addr: 0x000002e8 | Exp: 0x00005990 | Got: 0x00005990
[FAIL] Addr: 0x000000c0 | Exp: 0x29a6a991 | Got: 0x0000a991
[PASS] Addr: 0x000001a4 | Exp: 0x000000ee | Got: 0x000000ee
[PASS] Addr: 0x00000184 | Exp: 0x08b1393d | Got: 0x08b1393d
[FAIL] Addr: 0x000000a4 | Exp: 0x58a98f99 | Got: 0x00008f99
[PASS] Addr: 0x00000280 | Exp: 0x115c98f7 | Got: 0x115c98f7
[PASS] Addr: 0x000003c4 | Exp: 0x000000ac | Got: 0x000000ac
[FAIL] Addr: 0x000001d8 | Exp: 0x50f33323 | Got: 0x00003323
[PASS] Addr: 0x000001c8 | Exp: 0x00000054 | Got: 0x00000054
[FAIL] Addr: 0x00000328 | Exp: 0xd2f16674 | Got: 0x00006674
[FAIL] Addr: 0x0000025c | Exp: 0x5cfeaffb | Got: 0x000000fb
[PASS] Addr: 0x00000134 | Exp: 0x0b01a8f3 | Got: 0x0b01a8f3
[PASS] Addr: 0x00000334 | Exp: 0x6238c42a | Got: 0x6238c42a
[PASS] Addr: 0x00000264 | Exp: 0x82c6a5c1 | Got: 0x82c6a5c1
[PASS] Addr: 0x00000018 | Exp: 0xc166872d | Got: 0xc166872d
[PASS] Addr: 0x00000064 | Exp: 0x00d2399d | Got: 0x00d2399d
[PASS] Addr: 0x000001ec | Exp: 0x65671574 | Got: 0x65671574
[PASS] Addr: 0x0000029c | Exp: 0x00000026 | Got: 0x00000026
[PASS] Addr: 0x000000d4 | Exp: 0x7ec73cbd | Got: 0x7ec73cbd
[PASS] Addr: 0x000003e0 | Exp: 0x000073de | Got: 0x000073de
[PASS] Addr: 0x0000012c | Exp: 0x5e3b6af4 | Got: 0x5e3b6af4
[PASS] Addr: 0x000002e8 | Exp: 0x0000eaf3 | Got: 0x0000eaf3
[PASS] Addr: 0x000003a8 | Exp: 0x66d745d7 | Got: 0x66d745d7
[PASS] Addr: 0x000001dc | Exp: 0x000000be | Got: 0x000000be
[PASS] Addr: 0x0000005c | Exp: 0x4c00ab5a | Got: 0x4c00ab5a
[PASS] Addr: 0x00000104 | Exp: 0x274ce008 | Got: 0x274ce008
[FAIL] Addr: 0x000000d4 | Exp: 0x7ec79ecd | Got: 0x00009ecd
[FAIL] Addr: 0x00000034 | Exp: 0xbd12f410 | Got: 0x00000010
[PASS] Addr: 0x00000114 | Exp: 0xf11d66c0 | Got: 0xf11d66c0
[FAIL] Addr: 0x0000036c | Exp: 0x0000dd4e | Got: 0x0000004e
[PASS] Addr: 0x000003c0 | Exp: 0xcb88dfa3 | Got: 0xcb88dfa3
[PASS] Addr: 0x0000026c | Exp: 0x0000baf5 | Got: 0x0000baf5
[FAIL] Addr: 0x0000011c | Exp: 0x7899152e | Got: 0x0000002e
[PASS] Addr: 0x00000340 | Exp: 0x0000003b | Got: 0x0000003b
[PASS] Addr: 0x00000118 | Exp: 0x00000084 | Got: 0x00000084
[PASS] Addr: 0x000003c8 | Exp: 0x0000005a | Got: 0x0000005a
[FAIL] Addr: 0x0000006c | Exp: 0xa6d2b117 | Got: 0x0000b117
[PASS] Addr: 0x00000258 | Exp: 0x2d398652 | Got: 0x2d398652
[FAIL] Addr: 0x000000a4 | Exp: 0x58a98f4a | Got: 0x0000004a
[FAIL] Addr: 0x00000134 | Exp: 0x0b017375 | Got: 0x00007375
[PASS] Addr: 0x0000032c | Exp: 0xe7b613da | Got: 0xe7b613da
[FAIL] Addr: 0x00000138 | Exp: 0x3c76e8a1 | Got: 0x000000a1
[FAIL] Addr: 0x00000368 | Exp: 0x00003ffb | Got: 0x000000fb
[PASS] Addr: 0x0000034c | Exp: 0x0000004b | Got: 0x0000004b
[PASS] Addr: 0x000003b8 | Exp: 0x00000042 | Got: 0x00000042
[PASS] Addr: 0x00000110 | Exp: 0xa12bea42 | Got: 0xa12bea42
[PASS] Addr: 0x00000194 | Exp: 0x00003646 | Got: 0x00003646
[PASS] Addr: 0x00000058 | Exp: 0xd99ac22d | Got: 0xd99ac22d
[PASS] Addr: 0x00000094 | Exp: 0x71ac6b06 | Got: 0x71ac6b06
[PASS] Addr: 0x000001c8 | Exp: 0x00001bda | Got: 0x00001bda
[FAIL] Addr: 0x00000088 | Exp: 0x377a820a | Got: 0x0000820a
[FAIL] Addr: 0x0000025c | Exp: 0x5cfed037 | Got: 0x0000d037
[PASS] Addr: 0x0000027c | Exp: 0x0000e94a | Got: 0x0000e94a
[PASS] Addr: 0x000003f8 | Exp: 0x0000c21c | Got: 0x0000c21c
[PASS] Addr: 0x000000d4 | Exp: 0x9dfa06d0 | Got: 0x9dfa06d0
[FAIL] Addr: 0x000000fc | Exp: 0x0000bcd0 | Got: 0x000000d0
[PASS] Addr: 0x00000258 | Exp: 0x9c86e51c | Got: 0x9c86e51c
[PASS] Addr: 0x000002dc | Exp: 0x00007347 | Got: 0x00007347
[PASS] Addr: 0x0000003c | Exp: 0xc7850c4b | Got: 0xc7850c4b
[PASS] Addr: 0x0000039c | Exp: 0x0000732c | Got: 0x0000732c
[FAIL] Addr: 0x0000033c | Exp: 0x77d7cbf8 | Got: 0x0000cbf8
[PASS] Addr: 0x00000270 | Exp: 0x000076a4 | Got: 0x000076a4
[PASS] Addr: 0x000003ac | Exp: 0xf54bf9df | Got: 0xf54bf9df
[FAIL] Addr: 0x00000344 | Exp: 0x00005bcd | Got: 0x000000cd
[PASS] Addr: 0x00000078 | Exp: 0x2b11e945 | Got: 0x2b11e945
[PASS] Addr: 0x00000154 | Exp: 0x09555109 | Got: 0x09555109
[FAIL] Addr: 0x00000148 | Exp: 0x2c0f6218 | Got: 0x00000018
[PASS] Addr: 0x000000b4 | Exp: 0x000000fd | Got: 0x000000fd
[PASS] Addr: 0x00000380 | Exp: 0x000006d5 | Got: 0x000006d5
[PASS] Addr: 0x000002e0 | Exp: 0x00000159 | Got: 0x00000159
[FAIL] Addr: 0x0000025c | Exp: 0x5cfed02e | Got: 0x0000002e
[FAIL] Addr: 0x00000258 | Exp: 0x9c86e556 | Got: 0x00000056
[PASS] Addr: 0x000001fc | Exp: 0x00003d69 | Got: 0x00003d69
[PASS] Addr: 0x00000118 | Exp: 0xce4bed01 | Got: 0xce4bed01
[PASS] Addr: 0x00000170 | Exp: 0x00000087 | Got: 0x00000087
[PASS] Addr: 0x00000248 | Exp: 0x9bc9a63b | Got: 0x9bc9a63b
[PASS] Addr: 0x000003c8 | Exp: 0x0000002a | Got: 0x0000002a
[FAIL] Addr: 0x000002ac | Exp: 0x0ee0037c | Got: 0x0000007c
[PASS] Addr: 0x0000002c | Exp: 0x00004535 | Got: 0x00004535
[PASS] Addr: 0x00000054 | Exp: 0x0000385c | Got: 0x0000385c
[FAIL] Addr: 0x000000e8 | Exp: 0xf7b71631 | Got: 0x00001631
[FAIL] Addr: 0x00000108 | Exp: 0xcfb09bd1 | Got: 0x000000d1
[PASS] Addr: 0x00000174 | Exp: 0xc4d47174 | Got: 0xc4d47174
[PASS] Addr: 0x000003f8 | Exp: 0x7686dc36 | Got: 0x7686dc36
[PASS] Addr: 0x00000394 | Exp: 0x42dd6901 | Got: 0x42dd6901
[FAIL] Addr: 0x00000238 | Exp: 0x04a0a310 | Got: 0x00000010
[FAIL] Addr: 0x0000035c | Exp: 0xf565e12d | Got: 0x0000002d
[FAIL] Addr: 0x00000260 | Exp: 0x33d4cd90 | Got: 0x0000cd90
[PASS] Addr: 0x0000023c | Exp: 0x2b182707 | Got: 0x2b182707
[FAIL] Addr: 0x00000308 | Exp: 0x828d5ad8 | Got: 0x00005ad8
[FAIL] Addr: 0x00000120 | Exp: 0x00006a76 | Got: 0x00000076
[PASS] Addr: 0x00000068 | Exp: 0x0000d8ff | Got: 0x0000d8ff
[PASS] Addr: 0x00000170 | Exp: 0x00000021 | Got: 0x00000021
[PASS] Addr: 0x000000e8 | Exp: 0x15f5b0d4 | Got: 0x15f5b0d4
[FAIL] Addr: 0x00000130 | Exp: 0x4ec69010 | Got: 0x00000010
[FAIL] Addr: 0x000000a0 | Exp: 0x257fab63 | Got: 0x00000063
[FAIL] Addr: 0x00000200 | Exp: 0x69c4b214 | Got: 0x0000b214
[FAIL] Addr: 0x000003fc | Exp: 0x56d20839 | Got: 0x00000039
[PASS] Addr: 0x00000330 | Exp: 0xd87dbae8 | Got: 0xd87dbae8
[PASS] Addr: 0x00000144 | Exp: 0x0000af68 | Got: 0x0000af68
[PASS] Addr: 0x000002e0 | Exp: 0x0000db14 | Got: 0x0000db14
[FAIL] Addr: 0x0000011c | Exp: 0x7899524a | Got: 0x0000524a
[FAIL] Addr: 0x000001f0 | Exp: 0x7d297496 | Got: 0x00007496
[FAIL] Addr: 0x0000023c | Exp: 0x2b18f006 | Got: 0x0000f006
[FAIL] Addr: 0x00000338 | Exp: 0x99af6540 | Got: 0x00000040
[PASS] Addr: 0x000003cc | Exp: 0x26e5cad4 | Got: 0x26e5cad4
[PASS] Addr: 0x00000170 | Exp: 0x000000e1 | Got: 0x000000e1
[FAIL] Addr: 0x00000324 | Exp: 0xb38bcd01 | Got: 0x00000001
[PASS] Addr: 0x00000060 | Exp: 0xd69b5f24 | Got: 0xd69b5f24
[FAIL] Addr: 0x00000040 | Exp: 0x8af0d4b2 | Got: 0x0000d4b2
[FAIL] Addr: 0x000000e0 | Exp: 0x8afa1938 | Got: 0x00000038
[PASS] Addr: 0x00000150 | Exp: 0x9a77406a | Got: 0x9a77406a
[FAIL] Addr: 0x000003e4 | Exp: 0x9f1c6935 | Got: 0x00006935
[PASS] Addr: 0x00000158 | Exp: 0xbbd5e64a | Got: 0xbbd5e64a
[PASS] Addr: 0x0000009c | Exp: 0x0000003a | Got: 0x0000003a
[FAIL] Addr: 0x000001b8 | Exp: 0x5f18541c | Got: 0x0000541c
[PASS] Addr: 0x0000017c | Exp: 0x3ea49458 | Got: 0x3ea49458
[FAIL] Addr: 0x000002b0 | Exp: 0xa68a660e | Got: 0x0000660e
[FAIL] Addr: 0x0000003c | Exp: 0xc7850c30 | Got: 0x00000030
[FAIL] Addr: 0x00000304 | Exp: 0x0000293f | Got: 0x0000003f
[PASS] Addr: 0x0000010c | Exp: 0xc2f5735b | Got: 0xc2f5735b
[PASS] Addr: 0x00000288 | Exp: 0x93a6d6fd | Got: 0x93a6d6fd
[FAIL] Addr: 0x00000080 | Exp: 0x0000208e | Got: 0x0000008e
[PASS] Addr: 0x00000398 | Exp: 0x000000c9 | Got: 0x000000c9
[FAIL] Addr: 0x000000b0 | Exp: 0x0000017a | Got: 0x0000007a
[FAIL] Addr: 0x000003d4 | Exp: 0xe5fbb51f | Got: 0x0000b51f
[FAIL] Addr: 0x00000150 | Exp: 0x9a774076 | Got: 0x00000076
[PASS] Addr: 0x00000380 | Exp: 0x00009af8 | Got: 0x00009af8
[PASS] Addr: 0x000002b4 | Exp: 0x85dad3dc | Got: 0x85dad3dc
[PASS] Addr: 0x00000038 | Exp: 0x0000020c | Got: 0x0000020c
[PASS] Addr: 0x000003d8 | Exp: 0x00001634 | Got: 0x00001634
[FAIL] Addr: 0x00000274 | Exp: 0x000089d9 | Got: 0x000000d9
[PASS] Addr: 0x00000388 | Exp: 0x00000014 | Got: 0x00000014
[PASS] Addr: 0x0000020c | Exp: 0xd3548166 | Got: 0xd3548166
[PASS] Addr: 0x00000060 | Exp: 0xf4e155c3 | Got: 0xf4e155c3
[FAIL] Addr: 0x000001e0 | Exp: 0x000047c4 | Got: 0x000000c4
[PASS] Addr: 0x000003dc | Exp: 0x000000a1 | Got: 0x000000a1
[FAIL] Addr: 0x00000254 | Exp: 0x282da55a | Got: 0x0000a55a
[FAIL] Addr: 0x0000006c | Exp: 0xa6d28447 | Got: 0x00008447
[PASS] Addr: 0x000002e8 | Exp: 0x22588ede | Got: 0x22588ede
[FAIL] Addr: 0x00000284 | Exp: 0x79c6666d | Got: 0x0000006d
[PASS] Addr: 0x000002c4 | Exp: 0x30bc2b23 | Got: 0x30bc2b23
[PASS] Addr: 0x000000ac | Exp: 0x86b05b90 | Got: 0x86b05b90
[FAIL] Addr: 0x00000050 | Exp: 0x01413796 | Got: 0x00000096
[PASS] Addr: 0x0000028c | Exp: 0x00000052 | Got: 0x00000052
[FAIL] Addr: 0x000003bc | Exp: 0xb4bed287 | Got: 0x00000087
[FAIL] Addr: 0x00000300 | Exp: 0x1642f69e | Got: 0x0000009e
[PASS] Addr: 0x00000098 | Exp: 0x00000028 | Got: 0x00000028
[PASS] Addr: 0x00000128 | Exp: 0xc50ed590 | Got: 0xc50ed590
[FAIL] Addr: 0x00000258 | Exp: 0x9c86e557 | Got: 0x00000057
[FAIL] Addr: 0x00000078 | Exp: 0x2b115f17 | Got: 0x00005f17
[FAIL] Addr: 0x000003f0 | Exp: 0x8f1ed41d | Got: 0x0000d41d
[PASS] Addr: 0x000003c8 | Exp: 0x00008c58 | Got: 0x00008c58
[PASS] Addr: 0x00000258 | Exp: 0xbcd4e7f4 | Got: 0xbcd4e7f4
[PASS] Addr: 0x00000358 | Exp: 0x0b70cbd2 | Got: 0x0b70cbd2
[FAIL] Addr: 0x0000022c | Exp: 0xf81807c9 | Got: 0x000000c9
[FAIL] Addr: 0x000001fc | Exp: 0x00003d45 | Got: 0x00000045
[PASS] Addr: 0x00000030 | Exp: 0x000000c5 | Got: 0x000000c5
[FAIL] Addr: 0x0000010c | Exp: 0xc2f57350 | Got: 0x00000050
[PASS] Addr: 0x000000e0 | Exp: 0x90ac55cc | Got: 0x90ac55cc
[PASS] Addr: 0x00000390 | Exp: 0x000000dd | Got: 0x000000dd
[FAIL] Addr: 0x00000308 | Exp: 0x828d4ec2 | Got: 0x00004ec2
[PASS] Addr: 0x00000038 | Exp: 0x0000af3e | Got: 0x0000af3e
[FAIL] Addr: 0x00000148 | Exp: 0x2c0fbe91 | Got: 0x0000be91
[PASS] Addr: 0x0000027c | Exp: 0x0000e814 | Got: 0x0000e814
[PASS] Addr: 0x000002b0 | Exp: 0x850856ec | Got: 0x850856ec
[FAIL] Addr: 0x000002ac | Exp: 0x0ee0a5f5 | Got: 0x0000a5f5
[FAIL] Addr: 0x0000024c | Exp: 0x341cd8d2 | Got: 0x0000d8d2
[PASS] Addr: 0x000000ec | Exp: 0x234c2aca | Got: 0x234c2aca
[PASS] Addr: 0x000001b0 | Exp: 0x0000dcd2 | Got: 0x0000dcd2
[FAIL] Addr: 0x00000364 | Exp: 0x8c8992f9 | Got: 0x000000f9
[PASS] Addr: 0x0000028c | Exp: 0x00000012 | Got: 0x00000012
[FAIL] Addr: 0x00000334 | Exp: 0x6238c448 | Got: 0x00000048
[PASS] Addr: 0x0000033c | Exp: 0x4638780e | Got: 0x4638780e
[FAIL] Addr: 0x00000094 | Exp: 0x71acaf7d | Got: 0x0000af7d
[PASS] Addr: 0x00000254 | Exp: 0x92bb5721 | Got: 0x92bb5721
[FAIL] Addr: 0x000001e0 | Exp: 0x000047c7 | Got: 0x000000c7
[PASS] Addr: 0x00000134 | Exp: 0x49957bc6 | Got: 0x49957bc6
[PASS] Addr: 0x000001a0 | Exp: 0xaafcaadd | Got: 0xaafcaadd
[PASS] Addr: 0x0000019c | Exp: 0x0000389c | Got: 0x0000389c
[PASS] Addr: 0x000003a4 | Exp: 0x695c56e9 | Got: 0x695c56e9
[PASS] Addr: 0x00000234 | Exp: 0x4e86732b | Got: 0x4e86732b
[PASS] Addr: 0x00000110 | Exp: 0xf1336323 | Got: 0xf1336323
[PASS] Addr: 0x00000218 | Exp: 0x6fc83f6a | Got: 0x6fc83f6a
[FAIL] Addr: 0x0000036c | Exp: 0x0000dd3d | Got: 0x0000003d
[PASS] Addr: 0x0000037c | Exp: 0x4aa14dfd | Got: 0x4aa14dfd
[FAIL] Addr: 0x000002ac | Exp: 0x0ee0a583 | Got: 0x00000083
[PASS] Addr: 0x00000124 | Exp: 0x83d29140 | Got: 0x83d29140
[PASS] Addr: 0x00000250 | Exp: 0x000000c0 | Got: 0x000000c0
[FAIL] Addr: 0x00000300 | Exp: 0x1642f605 | Got: 0x00000005
[PASS] Addr: 0x00000164 | Exp: 0x15240edf | Got: 0x15240edf
[PASS] Addr: 0x000001c4 | Exp: 0x0000001e | Got: 0x0000001e
[PASS] Addr: 0x00000198 | Exp: 0x00000057 | Got: 0x00000057
[PASS] Addr: 0x00000168 | Exp: 0x00003e9a | Got: 0x00003e9a
[FAIL] Addr: 0x00000154 | Exp: 0x09555144 | Got: 0x00000044
[FAIL] Addr: 0x000002bc | Exp: 0x000054d0 | Got: 0x000000d0
[PASS] Addr: 0x000000bc | Exp: 0x8f3c7556 | Got: 0x8f3c7556
[PASS] Addr: 0x00000004 | Exp: 0x00005b1d | Got: 0x00005b1d
[FAIL] Addr: 0x000001d0 | Exp: 0xd7507b6b | Got: 0x00007b6b
[FAIL] Addr: 0x00000078 | Exp: 0x2b115f6e | Got: 0x0000006e
[PASS] Addr: 0x00000368 | Exp: 0x000066fb | Got: 0x000066fb
[PASS] Addr: 0x000002dc | Exp: 0xb626917d | Got: 0xb626917d
[FAIL] Addr: 0x00000358 | Exp: 0x0b70cb39 | Got: 0x00000039
[FAIL] Addr: 0x00000314 | Exp: 0x3695c4dc | Got: 0x0000c4dc
[FAIL] Addr: 0x00000370 | Exp: 0xa635ddf3 | Got: 0x0000ddf3
[PASS] Addr: 0x000002a4 | Exp: 0x189973b4 | Got: 0x189973b4
[PASS] Addr: 0x00000198 | Exp: 0x3144fc3f | Got: 0x3144fc3f
[FAIL] Addr: 0x00000058 | Exp: 0xd99ac24b | Got: 0x0000004b
[FAIL] Addr: 0x000002dc | Exp: 0xb62691d5 | Got: 0x000000d5
[PASS] Addr: 0x000002c0 | Exp: 0x00007347 | Got: 0x00007347
[PASS] Addr: 0x00000178 | Exp: 0x4faa713a | Got: 0x4faa713a
[PASS] Addr: 0x000001c8 | Exp: 0x0000ddb6 | Got: 0x0000ddb6
[PASS] Addr: 0x000001e8 | Exp: 0x000002a2 | Got: 0x000002a2
[PASS] Addr: 0x00000344 | Exp: 0x0000ddca | Got: 0x0000ddca
[PASS] Addr: 0x00000304 | Exp: 0x00007f94 | Got: 0x00007f94
[FAIL] Addr: 0x00000288 | Exp: 0x93a6d665 | Got: 0x00000065
[PASS] Addr: 0x000000fc | Exp: 0xf2d4ed4c | Got: 0xf2d4ed4c
[PASS] Addr: 0x000002f4 | Exp: 0x0000005a | Got: 0x0000005a
[FAIL] Addr: 0x0000037c | Exp: 0x4aa14de1 | Got: 0x000000e1
[PASS] Addr: 0x0000017c | Exp: 0x4f27646e | Got: 0x4f27646e
[PASS] Addr: 0x000002b0 | Exp: 0x8241282b | Got: 0x8241282b
[PASS] Addr: 0x00000144 | Exp: 0x4b043121 | Got: 0x4b043121
[PASS] Addr: 0x00000354 | Exp: 0xd78d9e63 | Got: 0xd78d9e63
[PASS] Addr: 0x0000032c | Exp: 0xea0ded2f | Got: 0xea0ded2f
[PASS] Addr: 0x000001cc | Exp: 0x00008589 | Got: 0x00008589
[FAIL] Addr: 0x0000005c | Exp: 0x4c00abd5 | Got: 0x000000d5
[PASS] Addr: 0x0000002c | Exp: 0x42125387 | Got: 0x42125387
[FAIL] Addr: 0x000003d8 | Exp: 0x000016d5 | Got: 0x000000d5
[PASS] Addr: 0x00000348 | Exp: 0x00002a18 | Got: 0x00002a18
[FAIL] Addr: 0x0000030c | Exp: 0x89a4d639 | Got: 0x0000d639
[PASS] Addr: 0x000002d0 | Exp: 0x59c2ac66 | Got: 0x59c2ac66
[FAIL] Addr: 0x00000168 | Exp: 0x00003ed9 | Got: 0x000000d9
[PASS] Addr: 0x0000004c | Exp: 0x0000dd76 | Got: 0x0000dd76
[PASS] Addr: 0x000002e0 | Exp: 0x0137a39b | Got: 0x0137a39b
[PASS] Addr: 0x00000144 | Exp: 0xe1d88b45 | Got: 0xe1d88b45
[FAIL] Addr: 0x0000017c | Exp: 0x4f27537d | Got: 0x0000537d
[PASS] Addr: 0x00000034 | Exp: 0x3bdf8ab0 | Got: 0x3bdf8ab0
[PASS] Addr: 0x00000200 | Exp: 0xc1219655 | Got: 0xc1219655
[FAIL] Addr: 0x000000b8 | Exp: 0x1474c815 | Got: 0x0000c815
[PASS] Addr: 0x00000360 | Exp: 0x6c662853 | Got: 0x6c662853
[FAIL] Addr: 0x00000288 | Exp: 0x93a6f0bc | Got: 0x0000f0bc
[FAIL] Addr: 0x0000015c | Exp: 0x607c5e4c | Got: 0x00005e4c
[PASS] Addr: 0x0000038c | Exp: 0xfc6638f4 | Got: 0xfc6638f4
[PASS] Addr: 0x00000210 | Exp: 0xa5e85fb7 | Got: 0xa5e85fb7
[FAIL] Addr: 0x000000fc | Exp: 0xf2d4edfd | Got: 0x000000fd
[FAIL] Addr: 0x00000284 | Exp: 0x79c66673 | Got: 0x00000073
[PASS] Addr: 0x00000350 | Exp: 0x0000eaa9 | Got: 0x0000eaa9
[PASS] Addr: 0x0000023c | Exp: 0x32944b50 | Got: 0x32944b50
[FAIL] Addr: 0x00000178 | Exp: 0x4faa71c3 | Got: 0x000000c3
[FAIL] Addr: 0x000001bc | Exp: 0x3f6eda49 | Got: 0x0000da49
[PASS] Addr: 0x000002c8 | Exp: 0x0000892c | Got: 0x0000892c
[PASS] Addr: 0x00000038 | Exp: 0xc38d4192 | Got: 0xc38d4192
[PASS] Addr: 0x0000001c | Exp: 0xbcb112c8 | Got: 0xbcb112c8
[PASS] Addr: 0x000003fc | Exp: 0x9417d057 | Got: 0x9417d057
[FAIL] Addr: 0x000003e0 | Exp: 0x0000731c | Got: 0x0000001c
[PASS] Addr: 0x00000218 | Exp: 0xfc74123f | Got: 0xfc74123f
[FAIL] Addr: 0x0000012c | Exp: 0x5e3b01b4 | Got: 0x000001b4
[PASS] Addr: 0x000000e4 | Exp: 0x000000b3 | Got: 0x000000b3
[FAIL] Addr: 0x000001bc | Exp: 0x3f6e1b47 | Got: 0x00001b47
[PASS] Addr: 0x00000194 | Exp: 0x00002ae2 | Got: 0x00002ae2
[FAIL] Addr: 0x00000320 | Exp: 0x41cafb9a | Got: 0x0000009a
[PASS] Addr: 0x000000c8 | Exp: 0x0000d080 | Got: 0x0000d080
[FAIL] Addr: 0x000002ac | Exp: 0x0ee0a526 | Got: 0x00000026
[PASS] Addr: 0x0000021c | Exp: 0x00006b52 | Got: 0x00006b52
[PASS] Addr: 0x000000a0 | Exp: 0x6587f079 | Got: 0x6587f079
[FAIL] Addr: 0x000002b0 | Exp: 0x8241b36c | Got: 0x0000b36c
[FAIL] Addr: 0x0000022c | Exp: 0xf818075e | Got: 0x0000005e
[PASS] Addr: 0x000002cc | Exp: 0x00000035 | Got: 0x00000035
[FAIL] Addr: 0x00000284 | Exp: 0x79c666bd | Got: 0x000000bd
[PASS] Addr: 0x00000250 | Exp: 0x00000030 | Got: 0x00000030
[PASS] Addr: 0x000002f0 | Exp: 0x00005940 | Got: 0x00005940
[PASS] Addr: 0x0000006c | Exp: 0x8ae2e97a | Got: 0x8ae2e97a
[PASS] Addr: 0x000001dc | Exp: 0x000000bb | Got: 0x000000bb
[FAIL] Addr: 0x0000020c | Exp: 0xd3540d13 | Got: 0x00000d13
[PASS] Addr: 0x000000dc | Exp: 0x0873204a | Got: 0x0873204a
[PASS] Addr: 0x00000380 | Exp: 0x2fce3ade | Got: 0x2fce3ade
[FAIL] Addr: 0x000001d4 | Exp: 0x00006538 | Got: 0x00000038
[PASS] Addr: 0x000000f8 | Exp: 0xb74ec468 | Got: 0xb74ec468
[PASS] Addr: 0x000002fc | Exp: 0xe4079aa4 | Got: 0xe4079aa4
[PASS] Addr: 0x00000230 | Exp: 0x00005469 | Got: 0x00005469
[PASS] Addr: 0x000001e0 | Exp: 0x8f795be2 | Got: 0x8f795be2
[PASS] Addr: 0x000000dc | Exp: 0x9c39410b | Got: 0x9c39410b
[PASS] Addr: 0x00000190 | Exp: 0x00009fa3 | Got: 0x00009fa3
[FAIL] Addr: 0x00000258 | Exp: 0xbcd4e7ee | Got: 0x000000ee
[PASS] Addr: 0x00000394 | Exp: 0x8996e4d5 | Got: 0x8996e4d5
[FAIL] Addr: 0x00000024 | Exp: 0xbb88b2e8 | Got: 0x0000b2e8
[PASS] Addr: 0x00000008 | Exp: 0xf078c24a | Got: 0xf078c24a
[PASS] Addr: 0x00000384 | Exp: 0x0000008e | Got: 0x0000008e
[PASS] Addr: 0x000000b4 | Exp: 0x67769218 | Got: 0x67769218
[FAIL] Addr: 0x000003fc | Exp: 0x94178374 | Got: 0x00008374
[FAIL] Addr: 0x00000308 | Exp: 0x828d4ec4 | Got: 0x000000c4
[PASS] Addr: 0x000000f4 | Exp: 0x00007d34 | Got: 0x00007d34
[PASS] Addr: 0x00000140 | Exp: 0x503af31e | Got: 0x503af31e
[PASS] Addr: 0x00000238 | Exp: 0xa6331232 | Got: 0xa6331232
[FAIL] Addr: 0x00000260 | Exp: 0x33d439eb | Got: 0x000039eb
[FAIL] Addr: 0x00000394 | Exp: 0x8996771b | Got: 0x0000771b
[FAIL] Addr: 0x0000015c | Exp: 0x607c5e45 | Got: 0x00000045
[FAIL] Addr: 0x00000358 | Exp: 0x0b70212f | Got: 0x0000212f
[PASS] Addr: 0x00000310 | Exp: 0x7faddbc4 | Got: 0x7faddbc4
[PASS] Addr: 0x000003fc | Exp: 0xada4d544 | Got: 0xada4d544
[FAIL] Addr: 0x00000360 | Exp: 0x6c66285a | Got: 0x0000005a
[PASS] Addr: 0x00000094 | Exp: 0xb9a1f186 | Got: 0xb9a1f186
[FAIL] Addr: 0x00000148 | Exp: 0x2c0fbe00 | Got: 0x00000000
[FAIL] Addr: 0x0000007c | Exp: 0x00002000 | Got: 0x00000000
[PASS] Addr: 0x000001d8 | Exp: 0xb13b9e13 | Got: 0xb13b9e13
[FAIL] Addr: 0x000001d0 | Exp: 0xd7500fdd | Got: 0x00000fdd
[FAIL] Addr: 0x00000264 | Exp: 0x82c6a57d | Got: 0x0000007d
[PASS] Addr: 0x00000310 | Exp: 0x2bf5ab6d | Got: 0x2bf5ab6d
[FAIL] Addr: 0x0000017c | Exp: 0x4f276a94 | Got: 0x00006a94
[FAIL] Addr: 0x000003a0 | Exp: 0x00004be6 | Got: 0x000000e6
[FAIL] Addr: 0x00000300 | Exp: 0x1642f6c3 | Got: 0x000000c3
[PASS] Addr: 0x00000368 | Exp: 0x0e068ff0 | Got: 0x0e068ff0
[PASS] Addr: 0x00000330 | Exp: 0x0b5d15eb | Got: 0x0b5d15eb
[FAIL] Addr: 0x0000014c | Exp: 0xec9a4de0 | Got: 0x000000e0
[FAIL] Addr: 0x000000d0 | Exp: 0xcb927887 | Got: 0x00000087
[PASS] Addr: 0x000000d8 | Exp: 0xdc8f8ac0 | Got: 0xdc8f8ac0
[PASS] Addr: 0x00000214 | Exp: 0xec2e7893 | Got: 0xec2e7893
[PASS] Addr: 0x000002c0 | Exp: 0x00003113 | Got: 0x00003113
[PASS] Addr: 0x000000cc | Exp: 0x0578632c | Got: 0x0578632c
[PASS] Addr: 0x00000074 | Exp: 0xd6f0e45b | Got: 0xd6f0e45b
[PASS] Addr: 0x00000168 | Exp: 0x3ecf68f5 | Got: 0x3ecf68f5
[FAIL] Addr: 0x000002ac | Exp: 0x0ee0a557 | Got: 0x00000057
[FAIL] Addr: 0x00000110 | Exp: 0xf1330d3d | Got: 0x00000d3d
[PASS] Addr: 0x000002f8 | Exp: 0x00004b0e | Got: 0x00004b0e
[FAIL] Addr: 0x000002ac | Exp: 0x0ee05be2 | Got: 0x00005be2
[FAIL] Addr: 0x00000058 | Exp: 0xd99ac28e | Got: 0x0000008e
[PASS] Addr: 0x000002f4 | Exp: 0x000000f4 | Got: 0x000000f4
[PASS] Addr: 0x000002cc | Exp: 0x0000a772 | Got: 0x0000a772
[PASS] Addr: 0x00000384 | Exp: 0x0000001a | Got: 0x0000001a
[PASS] Addr: 0x000001d4 | Exp: 0x00000d25 | Got: 0x00000d25
[PASS] Addr: 0x000000f0 | Exp: 0x8ff7d8b6 | Got: 0x8ff7d8b6
[FAIL] Addr: 0x00000210 | Exp: 0xa5e8a0e9 | Got: 0x0000a0e9
[FAIL] Addr: 0x000003c8 | Exp: 0x00008cc9 | Got: 0x000000c9
[FAIL] Addr: 0x000001cc | Exp: 0x00008597 | Got: 0x00000097
[FAIL] Addr: 0x000000b8 | Exp: 0x1474c895 | Got: 0x00000095
[PASS] Addr: 0x00000090 | Exp: 0x7567d225 | Got: 0x7567d225
[PASS] Addr: 0x00000384 | Exp: 0xed9a8704 | Got: 0xed9a8704
[PASS] Addr: 0x000001a8 | Exp: 0xec07b6ea | Got: 0xec07b6ea
[FAIL] Addr: 0x0000012c | Exp: 0x5e3b01cc | Got: 0x000000cc
[PASS] Addr: 0x000001c4 | Exp: 0x000000a2 | Got: 0x000000a2
[FAIL] Addr: 0x000000ec | Exp: 0x234ce650 | Got: 0x0000e650
[FAIL] Addr: 0x0000037c | Exp: 0x4aa13930 | Got: 0x00003930
[FAIL] Addr: 0x0000005c | Exp: 0x4c00ab46 | Got: 0x00000046
[FAIL] Addr: 0x000002e0 | Exp: 0x01371227 | Got: 0x00001227
[FAIL] Addr: 0x00000270 | Exp: 0x0000761c | Got: 0x0000001c
[FAIL] Addr: 0x00000010 | Exp: 0x131f1107 | Got: 0x00001107
[PASS] Addr: 0x0000018c | Exp: 0x2820c518 | Got: 0x2820c518
[FAIL] Addr: 0x000000bc | Exp: 0x8f3c7548 | Got: 0x00000048
[FAIL] Addr: 0x000000a0 | Exp: 0x6587f042 | Got: 0x00000042
[PASS] Addr: 0x000000d0 | Exp: 0x2c70631a | Got: 0x2c70631a
[FAIL] Addr: 0x00000328 | Exp: 0xd2f10103 | Got: 0x00000103
[FAIL] Addr: 0x000001e8 | Exp: 0x000002e7 | Got: 0x000000e7
[FAIL] Addr: 0x00000048 | Exp: 0xb9ab788a | Got: 0x0000788a
[FAIL] Addr: 0x000001ec | Exp: 0x6567d59e | Got: 0x0000d59e
[FAIL] Addr: 0x000000d4 | Exp: 0x9dfa73f3 | Got: 0x000073f3
[PASS] Addr: 0x0000009c | Exp: 0x0000f0af | Got: 0x0000f0af
[FAIL] Addr: 0x00000064 | Exp: 0x00d23927 | Got: 0x00000027
[FAIL] Addr: 0x0000002c | Exp: 0x42124cd5 | Got: 0x00004cd5
[PASS] Addr: 0x00000160 | Exp: 0x4f660082 | Got: 0x4f660082
[FAIL] Addr: 0x000000c8 | Exp: 0x0000d097 | Got: 0x00000097
[FAIL] Addr: 0x00000014 | Exp: 0x00003338 | Got: 0x00000038
[FAIL] Addr: 0x00000320 | Exp: 0x41cafb8e | Got: 0x0000008e
[PASS] Addr: 0x000000c8 | Exp: 0x0000b675 | Got: 0x0000b675
[PASS] Addr: 0x00000204 | Exp: 0x032b9965 | Got: 0x032b9965
[FAIL] Addr: 0x000000b8 | Exp: 0x1474db48 | Got: 0x0000db48
[PASS] Addr: 0x000002f4 | Exp: 0x000000a3 | Got: 0x000000a3
[PASS] Addr: 0x00000240 | Exp: 0x300cab3e | Got: 0x300cab3e
[PASS] Addr: 0x000001a4 | Exp: 0x00000029 | Got: 0x00000029
[FAIL] Addr: 0x000003d8 | Exp: 0x000016ce | Got: 0x000000ce
[FAIL] Addr: 0x00000290 | Exp: 0x19ed127a | Got: 0x0000127a
[FAIL] Addr: 0x0000022c | Exp: 0xf8180779 | Got: 0x00000079
[PASS] Addr: 0x0000009c | Exp: 0xf00afdbd | Got: 0xf00afdbd
[FAIL] Addr: 0x00000128 | Exp: 0xc50e5fae | Got: 0x00005fae
[FAIL] Addr: 0x0000018c | Exp: 0x2820c584 | Got: 0x00000084
[FAIL] Addr: 0x00000018 | Exp: 0xc166876f | Got: 0x0000006f
[FAIL] Addr: 0x000001a0 | Exp: 0xaafcaf4c | Got: 0x0000af4c
[PASS] Addr: 0x00000098 | Exp: 0x0000dab6 | Got: 0x0000dab6
[FAIL] Addr: 0x00000224 | Exp: 0x000089c1 | Got: 0x000000c1
[PASS] Addr: 0x000000c4 | Exp: 0x00003096 | Got: 0x00003096
[FAIL] Addr: 0x00000304 | Exp: 0x00007fc8 | Got: 0x000000c8
[FAIL] Addr: 0x00000038 | Exp: 0xc38d4122 | Got: 0x00000022
[FAIL] Addr: 0x00000354 | Exp: 0xd78d9e3b | Got: 0x0000003b
[PASS] Addr: 0x00000020 | Exp: 0x0000820e | Got: 0x0000820e
[FAIL] Addr: 0x000000e0 | Exp: 0x90ac5572 | Got: 0x00000072
[FAIL] Addr: 0x00000254 | Exp: 0x92bb7318 | Got: 0x00007318
[PASS] Addr: 0x000002bc | Exp: 0x00004d86 | Got: 0x00004d86
[FAIL] Addr: 0x00000350 | Exp: 0x0000ea26 | Got: 0x00000026
[PASS] Addr: 0x000002e4 | Exp: 0x00008a56 | Got: 0x00008a56
[FAIL] Addr: 0x00000364 | Exp: 0x8c89a92d | Got: 0x0000a92d
[FAIL] Addr: 0x000002b4 | Exp: 0x85dad347 | Got: 0x00000047
[FAIL] Addr: 0x000002a4 | Exp: 0x1899c8d5 | Got: 0x0000c8d5
[FAIL] Addr: 0x00000288 | Exp: 0x93a606cc | Got: 0x000006cc
[PASS] Addr: 0x00000014 | Exp: 0x316646de | Got: 0x316646de
[FAIL] Addr: 0x00000040 | Exp: 0x8af0d4aa | Got: 0x000000aa
[PASS] Addr: 0x0000039c | Exp: 0xf78be341 | Got: 0xf78be341
[FAIL] Addr: 0x000000e0 | Exp: 0x90ac0af8 | Got: 0x00000af8
[FAIL] Addr: 0x00000338 | Exp: 0x99afda18 | Got: 0x0000da18
[FAIL] Addr: 0x00000110 | Exp: 0xf1337ce9 | Got: 0x00007ce9
[FAIL] Addr: 0x000002e8 | Exp: 0x22588e3c | Got: 0x0000003c
[PASS] Addr: 0x000000bc | Exp: 0x6a534a4b | Got: 0x6a534a4b
[FAIL] Addr: 0x000003d8 | Exp: 0x000016b1 | Got: 0x000000b1
[FAIL] Addr: 0x00000190 | Exp: 0x00009fcc | Got: 0x000000cc
[FAIL] Addr: 0x00000268 | Exp: 0x58dc96c2 | Got: 0x000096c2
[PASS] Addr: 0x00000098 | Exp: 0x00001800 | Got: 0x00001800
[PASS] Addr: 0x00000330 | Exp: 0xfd6740ec | Got: 0xfd6740ec
[PASS] Addr: 0x000002cc | Exp: 0x1e4a7e24 | Got: 0x1e4a7e24
[FAIL] Addr: 0x0000032c | Exp: 0xea0ded7c | Got: 0x0000007c
[PASS] Addr: 0x000000a0 | Exp: 0x894cfba0 | Got: 0x894cfba0
[PASS] Addr: 0x000002a8 | Exp: 0xfc4fa9f9 | Got: 0xfc4fa9f9
[FAIL] Addr: 0x00000090 | Exp: 0x7567fb4e | Got: 0x0000fb4e
[FAIL] Addr: 0x00000374 | Exp: 0x00001040 | Got: 0x00000040
[FAIL] Addr: 0x000000b0 | Exp: 0x0000017e | Got: 0x0000007e
[PASS] Addr: 0x000001d8 | Exp: 0xf6ac8472 | Got: 0xf6ac8472
[FAIL] Addr: 0x00000348 | Exp: 0x00002ab7 | Got: 0x000000b7
[FAIL] Addr: 0x000000b4 | Exp: 0x67768c8f | Got: 0x00008c8f
[PASS] Addr: 0x00000258 | Exp: 0x239b733c | Got: 0x239b733c
[FAIL] Addr: 0x00000088 | Exp: 0x377a82df | Got: 0x000000df
[PASS] Addr: 0x00000224 | Exp: 0x0000fa52 | Got: 0x0000fa52
[FAIL] Addr: 0x0000018c | Exp: 0x2820c515 | Got: 0x00000015
[FAIL] Addr: 0x000002d0 | Exp: 0x59c2ac44 | Got: 0x00000044
[PASS] Addr: 0x000000b0 | Exp: 0x00006233 | Got: 0x00006233
[PASS] Addr: 0x000000f0 | Exp: 0xe0bac823 | Got: 0xe0bac823
[PASS] Addr: 0x000003c8 | Exp: 0x0000b22d | Got: 0x0000b22d
[PASS] Addr: 0x00000108 | Exp: 0x92355e4f | Got: 0x92355e4f
[PASS] Addr: 0x0000007c | Exp: 0x00006a4d | Got: 0x00006a4d
[PASS] Addr: 0x00000230 | Exp: 0x59ef48b8 | Got: 0x59ef48b8
[FAIL] Addr: 0x0000026c | Exp: 0x0000ba5a | Got: 0x0000005a
[FAIL] Addr: 0x0000039c | Exp: 0xf78b01e2 | Got: 0x000001e2
[PASS] Addr: 0x00000040 | Exp: 0x5d95be78 | Got: 0x5d95be78
[PASS] Addr: 0x00000120 | Exp: 0x4b6566ab | Got: 0x4b6566ab
[FAIL] Addr: 0x000003a8 | Exp: 0x66d7d9cf | Got: 0x0000d9cf
[PASS] Addr: 0x000002d4 | Exp: 0x00004ecc | Got: 0x00004ecc
[PASS] Addr: 0x00000084 | Exp: 0x0000a5ec | Got: 0x0000a5ec
[FAIL] Addr: 0x0000039c | Exp: 0xf78b0121 | Got: 0x00000021
[FAIL] Addr: 0x000002dc | Exp: 0xb62621e8 | Got: 0x000021e8
[PASS] Addr: 0x000002b4 | Exp: 0x5c2538a9 | Got: 0x5c2538a9
[FAIL] Addr: 0x00000004 | Exp: 0x00005b4b | Got: 0x0000004b
[FAIL] Addr: 0x00000040 | Exp: 0x5d95be4e | Got: 0x0000004e
[PASS] Addr: 0x0000029c | Exp: 0x000000ae | Got: 0x000000ae
[PASS] Addr: 0x000000e4 | Exp: 0x00000063 | Got: 0x00000063
[FAIL] Addr: 0x000001a8 | Exp: 0xec07da24 | Got: 0x0000da24
[FAIL] Addr: 0x0000004c | Exp: 0x0000ddee | Got: 0x000000ee
[FAIL] Addr: 0x000002a0 | Exp: 0x4c31c457 | Got: 0x00000057
[FAIL] Addr: 0x000002c0 | Exp: 0x000031ab | Got: 0x000000ab
[PASS] Addr: 0x00000288 | Exp: 0xd093a573 | Got: 0xd093a573
[FAIL] Addr: 0x000001b4 | Exp: 0x0000afcd | Got: 0x000000cd
[FAIL] Addr: 0x000001e4 | Exp: 0x1d952ec4 | Got: 0x000000c4
[PASS] Addr: 0x00000354 | Exp: 0xf59c5f84 | Got: 0xf59c5f84
[PASS] Addr: 0x000003e8 | Exp: 0x0000b21f | Got: 0x0000b21f
[FAIL] Addr: 0x0000011c | Exp: 0x78995241 | Got: 0x00000041
[FAIL] Addr: 0x00000080 | Exp: 0x00002002 | Got: 0x00000002
[FAIL] Addr: 0x00000160 | Exp: 0x4f66cab9 | Got: 0x0000cab9
[FAIL] Addr: 0x00000148 | Exp: 0x2c0f4a7a | Got: 0x00004a7a
[PASS] Addr: 0x000003dc | Exp: 0x00006aab | Got: 0x00006aab
[PASS] Addr: 0x000001c4 | Exp: 0x000000c9 | Got: 0x000000c9
[FAIL] Addr: 0x0000014c | Exp: 0xec9a4d61 | Got: 0x00000061
[PASS] Addr: 0x00000250 | Exp: 0x000000c5 | Got: 0x000000c5
[PASS] Addr: 0x000001f8 | Exp: 0x00006ff9 | Got: 0x00006ff9
[PASS] Addr: 0x00000238 | Exp: 0x2e1ea300 | Got: 0x2e1ea300
[FAIL] Addr: 0x0000033c | Exp: 0x46384a62 | Got: 0x00004a62
[PASS] Addr: 0x000000d0 | Exp: 0xf60ec2aa | Got: 0xf60ec2aa
[FAIL] Addr: 0x00000024 | Exp: 0xbb88c127 | Got: 0x0000c127
[FAIL] Addr: 0x00000184 | Exp: 0x08b13936 | Got: 0x00000036
[PASS] Addr: 0x000000f4 | Exp: 0x000073ec | Got: 0x000073ec
[FAIL] Addr: 0x000002d8 | Exp: 0x3875e3c0 | Got: 0x0000e3c0
[FAIL] Addr: 0x000001c0 | Exp: 0xa48042b9 | Got: 0x000042b9
[FAIL] Addr: 0x00000090 | Exp: 0x7567422b | Got: 0x0000422b
[FAIL] Addr: 0x000003f4 | Exp: 0x000073fa | Got: 0x000000fa
[FAIL] Addr: 0x000000a0 | Exp: 0x894cfb0a | Got: 0x0000000a
[FAIL] Addr: 0x000002e8 | Exp: 0x2258d542 | Got: 0x0000d542
[FAIL] Addr: 0x00000364 | Exp: 0x8c89bf45 | Got: 0x0000bf45
[PASS] Addr: 0x00000368 | Exp: 0xda20b2d4 | Got: 0xda20b2d4
[FAIL] Addr: 0x00000290 | Exp: 0x19ed1278 | Got: 0x00000078
[FAIL] Addr: 0x00000258 | Exp: 0x239b01e1 | Got: 0x000001e1
[PASS] Addr: 0x00000348 | Exp: 0xc166c11b | Got: 0xc166c11b
[FAIL] Addr: 0x00000230 | Exp: 0x59ef698f | Got: 0x0000698f
[PASS] Addr: 0x00000340 | Exp: 0x00000b65 | Got: 0x00000b65
[PASS] Addr: 0x00000390 | Exp: 0x000000bf | Got: 0x000000bf
[FAIL] Addr: 0x000000ac | Exp: 0x86b096ee | Got: 0x000096ee
[FAIL] Addr: 0x000000d4 | Exp: 0x9dfaa68b | Got: 0x0000a68b
[PASS] Addr: 0x00000174 | Exp: 0x416c1b17 | Got: 0x416c1b17
[PASS] Addr: 0x000000a8 | Exp: 0x063a7392 | Got: 0x063a7392
[PASS] Addr: 0x0000012c | Exp: 0x1631ac2b | Got: 0x1631ac2b
[PASS] Addr: 0x00000390 | Exp: 0x000069f4 | Got: 0x000069f4
[PASS] Addr: 0x0000022c | Exp: 0xbbdcac42 | Got: 0xbbdcac42
[PASS] Addr: 0x0000007c | Exp: 0x0000c61d | Got: 0x0000c61d
[FAIL] Addr: 0x0000019c | Exp: 0x000038ea | Got: 0x000000ea
[PASS] Addr: 0x00000054 | Exp: 0x0000e242 | Got: 0x0000e242
[PASS] Addr: 0x0000028c | Exp: 0xeab85186 | Got: 0xeab85186
[FAIL] Addr: 0x00000090 | Exp: 0x756742ad | Got: 0x000000ad
[FAIL] Addr: 0x000003fc | Exp: 0xada4d272 | Got: 0x0000d272
[PASS] Addr: 0x000000bc | Exp: 0x508f70ba | Got: 0x508f70ba
[FAIL] Addr: 0x000001f0 | Exp: 0x7d2974ec | Got: 0x000000ec
[FAIL] Addr: 0x00000318 | Exp: 0xa7983a9d | Got: 0x0000009d
[FAIL] Addr: 0x0000017c | Exp: 0x4f276ab3 | Got: 0x000000b3
[FAIL] Addr: 0x00000014 | Exp: 0x31665dea | Got: 0x00005dea
[PASS] Addr: 0x000003dc | Exp: 0x0000246d | Got: 0x0000246d
[PASS] Addr: 0x000000f4 | Exp: 0x0b9012d3 | Got: 0x0b9012d3
[PASS] Addr: 0x0000007c | Exp: 0xea8455ca | Got: 0xea8455ca
[FAIL] Addr: 0x00000158 | Exp: 0xbbd53e30 | Got: 0x00003e30
[PASS] Addr: 0x00000208 | Exp: 0x0b56ba6b | Got: 0x0b56ba6b
[FAIL] Addr: 0x000003c0 | Exp: 0xcb88df42 | Got: 0x00000042
[FAIL] Addr: 0x0000028c | Exp: 0xeab85181 | Got: 0x00000081
[FAIL] Addr: 0x00000134 | Exp: 0x49957b34 | Got: 0x00000034
[PASS] Addr: 0x00000264 | Exp: 0x756b2635 | Got: 0x756b2635
[PASS] Addr: 0x000003bc | Exp: 0xc5820866 | Got: 0xc5820866
[PASS] Addr: 0x0000026c | Exp: 0x0847bacc | Got: 0x0847bacc
[PASS] Addr: 0x00000004 | Exp: 0x0000cf6a | Got: 0x0000cf6a
[PASS] Addr: 0x00000100 | Exp: 0x00001087 | Got: 0x00001087
[PASS] Addr: 0x000001dc | Exp: 0x000000cb | Got: 0x000000cb
[PASS] Addr: 0x00000210 | Exp: 0x8be0a34d | Got: 0x8be0a34d
[PASS] Addr: 0x000003d4 | Exp: 0x8dcd4c91 | Got: 0x8dcd4c91
[FAIL] Addr: 0x0000022c | Exp: 0xbbdcac08 | Got: 0x00000008
[FAIL] Addr: 0x000001c8 | Exp: 0x0000dd86 | Got: 0x00000086
[PASS] Addr: 0x00000098 | Exp: 0x4e2cf8d0 | Got: 0x4e2cf8d0
[FAIL] Addr: 0x00000268 | Exp: 0x58dc9636 | Got: 0x00000036
[FAIL] Addr: 0x0000005c | Exp: 0x4c00abcb | Got: 0x000000cb
[PASS] Addr: 0x000003d0 | Exp: 0x9963e2b9 | Got: 0x9963e2b9
[FAIL] Addr: 0x00000050 | Exp: 0x0141d2d0 | Got: 0x0000d2d0
[PASS] Addr: 0x00000320 | Exp: 0x9f99b732 | Got: 0x9f99b732
[FAIL] Addr: 0x00000234 | Exp: 0x4e8619cf | Got: 0x000019cf
[FAIL] Addr: 0x000002fc | Exp: 0xe4079a14 | Got: 0x00000014
[FAIL] Addr: 0x000000bc | Exp: 0x508f89f1 | Got: 0x000089f1
[FAIL] Addr: 0x00000124 | Exp: 0x83d2c127 | Got: 0x0000c127
[FAIL] Addr: 0x00000098 | Exp: 0x4e2cd37f | Got: 0x0000d37f
[FAIL] Addr: 0x00000300 | Exp: 0x1642694f | Got: 0x0000694f
[PASS] Addr: 0x0000008c | Exp: 0x65761084 | Got: 0x65761084
[FAIL] Addr: 0x00000138 | Exp: 0x3c767107 | Got: 0x00007107
[PASS] Addr: 0x00000088 | Exp: 0xd9b97a32 | Got: 0xd9b97a32
[FAIL] Addr: 0x00000240 | Exp: 0x300c28b1 | Got: 0x000028b1
[FAIL] Addr: 0x000003a0 | Exp: 0x00004b06 | Got: 0x00000006
[PASS] Addr: 0x000003dc | Exp: 0x00005b8e | Got: 0x00005b8e
[PASS] Addr: 0x0000013c | Exp: 0x6eed61ac | Got: 0x6eed61ac
[PASS] Addr: 0x000003cc | Exp: 0x24a1808c | Got: 0x24a1808c
[FAIL] Addr: 0x0000010c | Exp: 0xc2f573a1 | Got: 0x000000a1
[PASS] Addr: 0x00000340 | Exp: 0x569bd9c3 | Got: 0x569bd9c3
[FAIL] Addr: 0x00000224 | Exp: 0x0000fa9b | Got: 0x0000009b
[PASS] Addr: 0x00000170 | Exp: 0x000000be | Got: 0x000000be
[FAIL] Addr: 0x0000010c | Exp: 0xc2f57ba9 | Got: 0x00007ba9
[FAIL] Addr: 0x0000013c | Exp: 0x6eed617b | Got: 0x0000007b
[FAIL] Addr: 0x000000d0 | Exp: 0xf60ecf1b | Got: 0x0000cf1b
[FAIL] Addr: 0x000001a0 | Exp: 0xaafcaf31 | Got: 0x00000031
[FAIL] Addr: 0x00000310 | Exp: 0x2bf5ab20 | Got: 0x00000020
[FAIL] Addr: 0x0000015c | Exp: 0x607c5ed6 | Got: 0x000000d6
[FAIL] Addr: 0x0000030c | Exp: 0x89a4d632 | Got: 0x00000032
[FAIL] Addr: 0x00000178 | Exp: 0x4faac35c | Got: 0x0000c35c
[FAIL] Addr: 0x000003bc | Exp: 0xc582ee33 | Got: 0x0000ee33
[PASS] Addr: 0x000002dc | Exp: 0x16fa33bf | Got: 0x16fa33bf
[FAIL] Addr: 0x000000d4 | Exp: 0x9dfac554 | Got: 0x0000c554
[FAIL] Addr: 0x000002d8 | Exp: 0x387588c1 | Got: 0x000088c1
[FAIL] Addr: 0x000002e0 | Exp: 0x01379ebb | Got: 0x00009ebb
[FAIL] Addr: 0x000002b0 | Exp: 0x82419e70 | Got: 0x00009e70
[PASS] Addr: 0x0000024c | Exp: 0x1e75b2e1 | Got: 0x1e75b2e1
[FAIL] Addr: 0x0000023c | Exp: 0x32944b6d | Got: 0x0000006d
[PASS] Addr: 0x00000178 | Exp: 0xeaf8f7bd | Got: 0xeaf8f7bd
[FAIL] Addr: 0x0000016c | Exp: 0x51fd47ec | Got: 0x000047ec
[PASS] Addr: 0x000001cc | Exp: 0x000014a2 | Got: 0x000014a2
[FAIL] Addr: 0x000000dc | Exp: 0x9c39e77b | Got: 0x0000e77b
[PASS] Addr: 0x000003b8 | Exp: 0x7769aaea | Got: 0x7769aaea
[PASS] Addr: 0x00000160 | Exp: 0x1fc5d183 | Got: 0x1fc5d183
[PASS] Addr: 0x000001e0 | Exp: 0xbfbab750 | Got: 0xbfbab750
[PASS] Addr: 0x00000298 | Exp: 0xc49a1491 | Got: 0xc49a1491
[PASS] Addr: 0x00000304 | Exp: 0xb229901f | Got: 0xb229901f
[PASS] Addr: 0x00000088 | Exp: 0xd471f052 | Got: 0xd471f052
[PASS] Addr: 0x0000033c | Exp: 0x5768c40d | Got: 0x5768c40d
[PASS] Addr: 0x0000000c | Exp: 0x00000061 | Got: 0x00000061
[PASS] Addr: 0x000003e8 | Exp: 0x5fc6dde6 | Got: 0x5fc6dde6
[FAIL] Addr: 0x00000290 | Exp: 0x19ed12c1 | Got: 0x000000c1
[PASS] Addr: 0x000002cc | Exp: 0x7d23d0e9 | Got: 0x7d23d0e9
[PASS] Addr: 0x00000078 | Exp: 0x1f471d29 | Got: 0x1f471d29
[FAIL] Addr: 0x00000024 | Exp: 0xbb8891f3 | Got: 0x000091f3
[PASS] Addr: 0x000002d4 | Exp: 0x00005003 | Got: 0x00005003
[FAIL] Addr: 0x000003a8 | Exp: 0x66d7d95f | Got: 0x0000005f
[FAIL] Addr: 0x000003d4 | Exp: 0x8dcde233 | Got: 0x0000e233
[FAIL] Addr: 0x000000ac | Exp: 0x86b096a8 | Got: 0x000000a8
[FAIL] Addr: 0x00000264 | Exp: 0x756b8699 | Got: 0x00008699
[FAIL] Addr: 0x00000118 | Exp: 0xce4bedd5 | Got: 0x000000d5
[FAIL] Addr: 0x000000c0 | Exp: 0x29a68c56 | Got: 0x00008c56
[FAIL] Addr: 0x0000039c | Exp: 0xf78b0192 | Got: 0x00000092
[FAIL] Addr: 0x000001f8 | Exp: 0x00006fcf | Got: 0x000000cf
[PASS] Addr: 0x00000098 | Exp: 0x75ffd11f | Got: 0x75ffd11f
[FAIL] Addr: 0x00000290 | Exp: 0x19ed4073 | Got: 0x00004073
[FAIL] Addr: 0x00000248 | Exp: 0x9bc9a6ea | Got: 0x000000ea
[PASS] Addr: 0x00000000 | Exp: 0x30614c3d | Got: 0x30614c3d
[FAIL] Addr: 0x000003c8 | Exp: 0x0000b2fc | Got: 0x000000fc
[PASS] Addr: 0x0000034c | Exp: 0x000000f9 | Got: 0x000000f9
[FAIL] Addr: 0x00000330 | Exp: 0xfd674015 | Got: 0x00000015
[PASS] Addr: 0x00000298 | Exp: 0x7a04d148 | Got: 0x7a04d148
[FAIL] Addr: 0x00000288 | Exp: 0xd093a597 | Got: 0x00000097
[FAIL] Addr: 0x000001a8 | Exp: 0xec073762 | Got: 0x00003762
[FAIL] Addr: 0x00000000 | Exp: 0x30614c24 | Got: 0x00000024
[PASS] Addr: 0x00000188 | Exp: 0x2b82639e | Got: 0x2b82639e
[FAIL] Addr: 0x000000e0 | Exp: 0x90ac0a07 | Got: 0x00000007
[FAIL] Addr: 0x00000308 | Exp: 0x828d4eb4 | Got: 0x000000b4

[SINGLE TESTS COMPLETED] Passed: 622, Failed: 378


========== TEST SET 2: BURST INCR TESTS (Repeated 50 times) ==========

[FAIL] Addr: 0x00001000 | Exp: 0x309fb27c | Got: 0xa5cd34a7
[PASS] Addr: 0x00001004 | Exp: 0x1a06fce8 | Got: 0x1a06fce8
[PASS] Addr: 0x00001008 | Exp: 0x36133355 | Got: 0x36133355
[PASS] Addr: 0x0000100c | Exp: 0xa5cd34a7 | Got: 0xa5cd34a7
[FAIL] Addr: 0x00001100 | Exp: 0xa8c52415 | Got: 0x3f31bb41
[PASS] Addr: 0x00001104 | Exp: 0x4928f8bd | Got: 0x4928f8bd
[PASS] Addr: 0x00001108 | Exp: 0xc54b1bbd | Got: 0xc54b1bbd
[PASS] Addr: 0x0000110c | Exp: 0x3f31bb41 | Got: 0x3f31bb41
[FAIL] Addr: 0x00001200 | Exp: 0x1807cbd0 | Got: 0xfc90c200
[PASS] Addr: 0x00001204 | Exp: 0x617571b7 | Got: 0x617571b7
[PASS] Addr: 0x00001208 | Exp: 0xe866eb60 | Got: 0xe866eb60
[PASS] Addr: 0x0000120c | Exp: 0xfc90c200 | Got: 0xfc90c200
[FAIL] Addr: 0x00001300 | Exp: 0x2ddc30da | Got: 0x54f2fc2c
[PASS] Addr: 0x00001304 | Exp: 0x34890c08 | Got: 0x34890c08
[PASS] Addr: 0x00001308 | Exp: 0x0a9c2690 | Got: 0x0a9c2690
[PASS] Addr: 0x0000130c | Exp: 0x54f2fc2c | Got: 0x54f2fc2c
[FAIL] Addr: 0x00001400 | Exp: 0x881a6608 | Got: 0x35de4a58
[PASS] Addr: 0x00001404 | Exp: 0x28bd126d | Got: 0x28bd126d
[PASS] Addr: 0x00001408 | Exp: 0x11408609 | Got: 0x11408609
[PASS] Addr: 0x0000140c | Exp: 0x35de4a58 | Got: 0x35de4a58
[FAIL] Addr: 0x00001500 | Exp: 0xe671c760 | Got: 0xfad66be6
[PASS] Addr: 0x00001504 | Exp: 0x78a4cfb3 | Got: 0x78a4cfb3
[PASS] Addr: 0x00001508 | Exp: 0x87404c75 | Got: 0x87404c75
[PASS] Addr: 0x0000150c | Exp: 0xfad66be6 | Got: 0xfad66be6
[FAIL] Addr: 0x00001600 | Exp: 0xcdef6791 | Got: 0x54d7e082
[PASS] Addr: 0x00001604 | Exp: 0x628e182e | Got: 0x628e182e
[PASS] Addr: 0x00001608 | Exp: 0x38a84bea | Got: 0x38a84bea
[PASS] Addr: 0x0000160c | Exp: 0x54d7e082 | Got: 0x54d7e082
[FAIL] Addr: 0x00001700 | Exp: 0x9c7c2d74 | Got: 0x21dcf9a3
[PASS] Addr: 0x00001704 | Exp: 0x48070342 | Got: 0x48070342
[PASS] Addr: 0x00001708 | Exp: 0x3e1e9b69 | Got: 0x3e1e9b69
[PASS] Addr: 0x0000170c | Exp: 0x21dcf9a3 | Got: 0x21dcf9a3
[FAIL] Addr: 0x00001800 | Exp: 0x0c5da193 | Got: 0x345a1c0f
[PASS] Addr: 0x00001804 | Exp: 0xbd57d4dc | Got: 0xbd57d4dc
[PASS] Addr: 0x00001808 | Exp: 0x7865fc5f | Got: 0x7865fc5f
[PASS] Addr: 0x0000180c | Exp: 0x345a1c0f | Got: 0x345a1c0f
[FAIL] Addr: 0x00001900 | Exp: 0x27b46ba1 | Got: 0x0ac33156
[PASS] Addr: 0x00001904 | Exp: 0x890216f8 | Got: 0x890216f8
[PASS] Addr: 0x00001908 | Exp: 0x7bdcf025 | Got: 0x7bdcf025
[PASS] Addr: 0x0000190c | Exp: 0x0ac33156 | Got: 0x0ac33156
[FAIL] Addr: 0x00001a00 | Exp: 0xabfc7ffc | Got: 0x77054954
[PASS] Addr: 0x00001a04 | Exp: 0x9347e31b | Got: 0x9347e31b
[PASS] Addr: 0x00001a08 | Exp: 0xebfe7d82 | Got: 0xebfe7d82
[PASS] Addr: 0x00001a0c | Exp: 0x77054954 | Got: 0x77054954
[FAIL] Addr: 0x00001b00 | Exp: 0xdd90fd30 | Got: 0x360a6bb2
[PASS] Addr: 0x00001b04 | Exp: 0xc5a25bd8 | Got: 0xc5a25bd8
[PASS] Addr: 0x00001b08 | Exp: 0x46e2a626 | Got: 0x46e2a626
[PASS] Addr: 0x00001b0c | Exp: 0x360a6bb2 | Got: 0x360a6bb2
[FAIL] Addr: 0x00001c00 | Exp: 0xcb23b975 | Got: 0x77389964
[PASS] Addr: 0x00001c04 | Exp: 0xda4c564e | Got: 0xda4c564e
[PASS] Addr: 0x00001c08 | Exp: 0x20ba8c2e | Got: 0x20ba8c2e
[PASS] Addr: 0x00001c0c | Exp: 0x77389964 | Got: 0x77389964
[FAIL] Addr: 0x00001d00 | Exp: 0x0146802e | Got: 0x53f0fe2a
[PASS] Addr: 0x00001d04 | Exp: 0x1bb833a6 | Got: 0x1bb833a6
[PASS] Addr: 0x00001d08 | Exp: 0xcf5647a5 | Got: 0xcf5647a5
[PASS] Addr: 0x00001d0c | Exp: 0x53f0fe2a | Got: 0x53f0fe2a
[FAIL] Addr: 0x00001e00 | Exp: 0xade7ff6a | Got: 0x37115210
[PASS] Addr: 0x00001e04 | Exp: 0x1416ea96 | Got: 0x1416ea96
[PASS] Addr: 0x00001e08 | Exp: 0x85a16bff | Got: 0x85a16bff
[PASS] Addr: 0x00001e0c | Exp: 0x37115210 | Got: 0x37115210
[FAIL] Addr: 0x00001f00 | Exp: 0x33cf6564 | Got: 0x34746af0
[PASS] Addr: 0x00001f04 | Exp: 0x2cd240e3 | Got: 0x2cd240e3
[PASS] Addr: 0x00001f08 | Exp: 0xdf203d9e | Got: 0xdf203d9e
[PASS] Addr: 0x00001f0c | Exp: 0x34746af0 | Got: 0x34746af0
[FAIL] Addr: 0x00002000 | Exp: 0x2e22ae05 | Got: 0x506ffded
[PASS] Addr: 0x00002004 | Exp: 0x3e1434d9 | Got: 0x3e1434d9
[PASS] Addr: 0x00002008 | Exp: 0xdb789750 | Got: 0xdb789750
[PASS] Addr: 0x0000200c | Exp: 0x506ffded | Got: 0x506ffded
[FAIL] Addr: 0x00002100 | Exp: 0xe3e0a05f | Got: 0xb75590f8
[PASS] Addr: 0x00002104 | Exp: 0x0e3f96d3 | Got: 0x0e3f96d3
[PASS] Addr: 0x00002108 | Exp: 0x49e77fcc | Got: 0x49e77fcc
[PASS] Addr: 0x0000210c | Exp: 0xb75590f8 | Got: 0xb75590f8
[FAIL] Addr: 0x00002200 | Exp: 0x2b687c32 | Got: 0xe4f29c4d
[PASS] Addr: 0x00002204 | Exp: 0xc174d2b8 | Got: 0xc174d2b8
[PASS] Addr: 0x00002208 | Exp: 0xa4c86f3a | Got: 0xa4c86f3a
[PASS] Addr: 0x0000220c | Exp: 0xe4f29c4d | Got: 0xe4f29c4d
[FAIL] Addr: 0x00002300 | Exp: 0xbdf15769 | Got: 0xbc12dbf5
[PASS] Addr: 0x00002304 | Exp: 0x390fe97a | Got: 0x390fe97a
[PASS] Addr: 0x00002308 | Exp: 0x5d1144ab | Got: 0x5d1144ab
[PASS] Addr: 0x0000230c | Exp: 0xbc12dbf5 | Got: 0xbc12dbf5
[FAIL] Addr: 0x00002400 | Exp: 0xfb122b9c | Got: 0x8df9d144
[PASS] Addr: 0x00002404 | Exp: 0x63279a97 | Got: 0x63279a97
[PASS] Addr: 0x00002408 | Exp: 0x95d7eb9b | Got: 0x95d7eb9b
[PASS] Addr: 0x0000240c | Exp: 0x8df9d144 | Got: 0x8df9d144
[FAIL] Addr: 0x00002500 | Exp: 0x1c3a938e | Got: 0x11ea745a
[PASS] Addr: 0x00002504 | Exp: 0x7a10bd99 | Got: 0x7a10bd99
[PASS] Addr: 0x00002508 | Exp: 0x4fc6b174 | Got: 0x4fc6b174
[PASS] Addr: 0x0000250c | Exp: 0x11ea745a | Got: 0x11ea745a
[FAIL] Addr: 0x00002600 | Exp: 0xd83638ad | Got: 0x4ca215a3
[PASS] Addr: 0x00002604 | Exp: 0x33dacb98 | Got: 0x33dacb98
[PASS] Addr: 0x00002608 | Exp: 0x04ab4b0b | Got: 0x04ab4b0b
[PASS] Addr: 0x0000260c | Exp: 0x4ca215a3 | Got: 0x4ca215a3
[FAIL] Addr: 0x00002700 | Exp: 0x76aff097 | Got: 0x67dc6f59
[PASS] Addr: 0x00002704 | Exp: 0xe1d198b5 | Got: 0xe1d198b5
[PASS] Addr: 0x00002708 | Exp: 0xb2ed8a23 | Got: 0xb2ed8a23
[PASS] Addr: 0x0000270c | Exp: 0x67dc6f59 | Got: 0x67dc6f59
[FAIL] Addr: 0x00002800 | Exp: 0x53ab8a92 | Got: 0x79cce6ff
[PASS] Addr: 0x00002804 | Exp: 0x7ffc3d9e | Got: 0x7ffc3d9e
[PASS] Addr: 0x00002808 | Exp: 0x590dc2e7 | Got: 0x590dc2e7
[PASS] Addr: 0x0000280c | Exp: 0x79cce6ff | Got: 0x79cce6ff
[FAIL] Addr: 0x00002900 | Exp: 0xd30a4d11 | Got: 0x3ca6fee6
[PASS] Addr: 0x00002904 | Exp: 0xb4a1310f | Got: 0xb4a1310f
[PASS] Addr: 0x00002908 | Exp: 0xe12ce172 | Got: 0xe12ce172
[PASS] Addr: 0x0000290c | Exp: 0x3ca6fee6 | Got: 0x3ca6fee6
[FAIL] Addr: 0x00002a00 | Exp: 0xc4092333 | Got: 0xb617f7ab
[PASS] Addr: 0x00002a04 | Exp: 0xbfbe914e | Got: 0xbfbe914e
[PASS] Addr: 0x00002a08 | Exp: 0x7c832f4a | Got: 0x7c832f4a
[PASS] Addr: 0x00002a0c | Exp: 0xb617f7ab | Got: 0xb617f7ab
[FAIL] Addr: 0x00002b00 | Exp: 0x34c17a45 | Got: 0xcec9a1b5
[PASS] Addr: 0x00002b04 | Exp: 0x5a8f9dac | Got: 0x5a8f9dac
[PASS] Addr: 0x00002b08 | Exp: 0x6eebc8de | Got: 0x6eebc8de
[PASS] Addr: 0x00002b0c | Exp: 0xcec9a1b5 | Got: 0xcec9a1b5
[FAIL] Addr: 0x00002c00 | Exp: 0xb5a6cf3e | Got: 0xd9e25eb8
[PASS] Addr: 0x00002c04 | Exp: 0x870d6008 | Got: 0x870d6008
[PASS] Addr: 0x00002c08 | Exp: 0x4a54c30d | Got: 0x4a54c30d
[PASS] Addr: 0x00002c0c | Exp: 0xd9e25eb8 | Got: 0xd9e25eb8
[FAIL] Addr: 0x00002d00 | Exp: 0x0d0aec40 | Got: 0x0c835336
[PASS] Addr: 0x00002d04 | Exp: 0x4f6b864e | Got: 0x4f6b864e
[PASS] Addr: 0x00002d08 | Exp: 0x9a5000a1 | Got: 0x9a5000a1
[PASS] Addr: 0x00002d0c | Exp: 0x0c835336 | Got: 0x0c835336
[FAIL] Addr: 0x00002e00 | Exp: 0x5a9ad61c | Got: 0xe54bc7fb
[PASS] Addr: 0x00002e04 | Exp: 0x75996bf2 | Got: 0x75996bf2
[PASS] Addr: 0x00002e08 | Exp: 0xff88b7ce | Got: 0xff88b7ce
[PASS] Addr: 0x00002e0c | Exp: 0xe54bc7fb | Got: 0xe54bc7fb
[FAIL] Addr: 0x00002f00 | Exp: 0xaade69cc | Got: 0x83d3bb9f
[PASS] Addr: 0x00002f04 | Exp: 0x12c35377 | Got: 0x12c35377
[PASS] Addr: 0x00002f08 | Exp: 0xbb43a7b5 | Got: 0xbb43a7b5
[PASS] Addr: 0x00002f0c | Exp: 0x83d3bb9f | Got: 0x83d3bb9f
[FAIL] Addr: 0x00003000 | Exp: 0xfabba9f9 | Got: 0xf031a406
[PASS] Addr: 0x00003004 | Exp: 0x26d1cfed | Got: 0x26d1cfed
[PASS] Addr: 0x00003008 | Exp: 0xaae4fde5 | Got: 0xaae4fde5
[PASS] Addr: 0x0000300c | Exp: 0xf031a406 | Got: 0xf031a406
[FAIL] Addr: 0x00003100 | Exp: 0xaaf2bc75 | Got: 0x52785fe2
[PASS] Addr: 0x00003104 | Exp: 0x17e65e6c | Got: 0x17e65e6c
[PASS] Addr: 0x00003108 | Exp: 0xb36aebd7 | Got: 0xb36aebd7
[PASS] Addr: 0x0000310c | Exp: 0x52785fe2 | Got: 0x52785fe2
[FAIL] Addr: 0x00003200 | Exp: 0x63a097bf | Got: 0x1a34582d
[PASS] Addr: 0x00003204 | Exp: 0x21e32f9c | Got: 0x21e32f9c
[PASS] Addr: 0x00003208 | Exp: 0x9cf1ec70 | Got: 0x9cf1ec70
[PASS] Addr: 0x0000320c | Exp: 0x1a34582d | Got: 0x1a34582d
[FAIL] Addr: 0x00003300 | Exp: 0x67be6084 | Got: 0x15f1d1b1
[PASS] Addr: 0x00003304 | Exp: 0xb5e3212f | Got: 0xb5e3212f
[PASS] Addr: 0x00003308 | Exp: 0x5e2db980 | Got: 0x5e2db980
[PASS] Addr: 0x0000330c | Exp: 0x15f1d1b1 | Got: 0x15f1d1b1
[FAIL] Addr: 0x00003400 | Exp: 0x58a1771b | Got: 0x7ab36e82
[PASS] Addr: 0x00003404 | Exp: 0xc9bfe763 | Got: 0xc9bfe763
[PASS] Addr: 0x00003408 | Exp: 0xd7f4f147 | Got: 0xd7f4f147
[PASS] Addr: 0x0000340c | Exp: 0x7ab36e82 | Got: 0x7ab36e82
[FAIL] Addr: 0x00003500 | Exp: 0x69793506 | Got: 0xdb7cdf80
[PASS] Addr: 0x00003504 | Exp: 0x178a6683 | Got: 0x178a6683
[PASS] Addr: 0x00003508 | Exp: 0x00b36bed | Got: 0x00b36bed
[PASS] Addr: 0x0000350c | Exp: 0xdb7cdf80 | Got: 0xdb7cdf80
[FAIL] Addr: 0x00003600 | Exp: 0x02d45a75 | Got: 0x10cbc5d8
[PASS] Addr: 0x00003604 | Exp: 0x4d143c65 | Got: 0x4d143c65
[PASS] Addr: 0x00003608 | Exp: 0x7ff64107 | Got: 0x7ff64107
[PASS] Addr: 0x0000360c | Exp: 0x10cbc5d8 | Got: 0x10cbc5d8
[FAIL] Addr: 0x00003700 | Exp: 0xd61a2bc5 | Got: 0x101ac482
[PASS] Addr: 0x00003704 | Exp: 0x2b6979eb | Got: 0x2b6979eb
[PASS] Addr: 0x00003708 | Exp: 0xb9e37d17 | Got: 0xb9e37d17
[PASS] Addr: 0x0000370c | Exp: 0x101ac482 | Got: 0x101ac482
[FAIL] Addr: 0x00003800 | Exp: 0x61103efb | Got: 0xb35ec1c2
[PASS] Addr: 0x00003804 | Exp: 0x96518c84 | Got: 0x96518c84
[PASS] Addr: 0x00003808 | Exp: 0x4abd870b | Got: 0x4abd870b
[PASS] Addr: 0x0000380c | Exp: 0xb35ec1c2 | Got: 0xb35ec1c2
[FAIL] Addr: 0x00003900 | Exp: 0xe158f94c | Got: 0x708958aa
[PASS] Addr: 0x00003904 | Exp: 0x93cf57aa | Got: 0x93cf57aa
[PASS] Addr: 0x00003908 | Exp: 0xf26335ba | Got: 0xf26335ba
[PASS] Addr: 0x0000390c | Exp: 0x708958aa | Got: 0x708958aa
[FAIL] Addr: 0x00003a00 | Exp: 0xb7edbc96 | Got: 0x01097a94
[PASS] Addr: 0x00003a04 | Exp: 0x3ba47e63 | Got: 0x3ba47e63
[PASS] Addr: 0x00003a08 | Exp: 0xefcf956c | Got: 0xefcf956c
[PASS] Addr: 0x00003a0c | Exp: 0x01097a94 | Got: 0x01097a94
[FAIL] Addr: 0x00003b00 | Exp: 0x3ca9c4e6 | Got: 0xf94740aa
[PASS] Addr: 0x00003b04 | Exp: 0x96cbdcc3 | Got: 0x96cbdcc3
[PASS] Addr: 0x00003b08 | Exp: 0xcc9a5d52 | Got: 0xcc9a5d52
[PASS] Addr: 0x00003b0c | Exp: 0xf94740aa | Got: 0xf94740aa
[FAIL] Addr: 0x00003c00 | Exp: 0x01c1b5f2 | Got: 0x502bed60
[PASS] Addr: 0x00003c04 | Exp: 0x6efd3166 | Got: 0x6efd3166
[PASS] Addr: 0x00003c08 | Exp: 0x98761508 | Got: 0x98761508
[PASS] Addr: 0x00003c0c | Exp: 0x502bed60 | Got: 0x502bed60
[FAIL] Addr: 0x00003d00 | Exp: 0x8745d89e | Got: 0xd6951df6
[PASS] Addr: 0x00003d04 | Exp: 0x0e2df6f9 | Got: 0x0e2df6f9
[PASS] Addr: 0x00003d08 | Exp: 0x94b0ea18 | Got: 0x94b0ea18
[PASS] Addr: 0x00003d0c | Exp: 0xd6951df6 | Got: 0xd6951df6
[FAIL] Addr: 0x00003e00 | Exp: 0x5ea30879 | Got: 0x9ee42bf9
[PASS] Addr: 0x00003e04 | Exp: 0xee0b6db0 | Got: 0xee0b6db0
[PASS] Addr: 0x00003e08 | Exp: 0x4fb63577 | Got: 0x4fb63577
[PASS] Addr: 0x00003e0c | Exp: 0x9ee42bf9 | Got: 0x9ee42bf9
[FAIL] Addr: 0x00003f00 | Exp: 0xbe245140 | Got: 0x5471bec1
[PASS] Addr: 0x00003f04 | Exp: 0x5783d4cf | Got: 0x5783d4cf
[PASS] Addr: 0x00003f08 | Exp: 0x308cb108 | Got: 0x308cb108
[PASS] Addr: 0x00003f0c | Exp: 0x5471bec1 | Got: 0x5471bec1
[FAIL] Addr: 0x00004000 | Exp: 0x846b3c58 | Got: 0x83128cf3
[PASS] Addr: 0x00004004 | Exp: 0xf23cd423 | Got: 0xf23cd423
[PASS] Addr: 0x00004008 | Exp: 0x72575d16 | Got: 0x72575d16
[PASS] Addr: 0x0000400c | Exp: 0x83128cf3 | Got: 0x83128cf3
[FAIL] Addr: 0x00004100 | Exp: 0xabfbce55 | Got: 0xce9a4dfe
[PASS] Addr: 0x00004104 | Exp: 0x441c1588 | Got: 0x441c1588
[PASS] Addr: 0x00004108 | Exp: 0x8fd515dd | Got: 0x8fd515dd
[PASS] Addr: 0x0000410c | Exp: 0xce9a4dfe | Got: 0xce9a4dfe

[BURST INCR TESTS COMPLETED] Passed: 150, Failed: 50


========== TEST SET 3: BURST WRAP TESTS (Repeated 50 times) ==========

[FAIL] Addr: 0x00002000 | Exp: 0x2eaf3478 | Got: 0x1a55dba0
[PASS] Addr: 0x00002004 | Exp: 0x20c10e63 | Got: 0x20c10e63
[PASS] Addr: 0x00002008 | Exp: 0x1ee0d900 | Got: 0x1ee0d900
[PASS] Addr: 0x0000200c | Exp: 0x1a55dba0 | Got: 0x1a55dba0
[FAIL] Addr: 0x00002100 | Exp: 0x5942222a | Got: 0xa08e8360
[PASS] Addr: 0x00002104 | Exp: 0x0907f927 | Got: 0x0907f927
[PASS] Addr: 0x00002108 | Exp: 0x1bf1bb11 | Got: 0x1bf1bb11
[PASS] Addr: 0x0000210c | Exp: 0xa08e8360 | Got: 0xa08e8360
[FAIL] Addr: 0x00002200 | Exp: 0x8ec7de84 | Got: 0xfa0b8813
[PASS] Addr: 0x00002204 | Exp: 0x7a87fed2 | Got: 0x7a87fed2
[PASS] Addr: 0x00002208 | Exp: 0xa5998d0f | Got: 0xa5998d0f
[PASS] Addr: 0x0000220c | Exp: 0xfa0b8813 | Got: 0xfa0b8813
[FAIL] Addr: 0x00002300 | Exp: 0x7c3001c9 | Got: 0x158ed359
[PASS] Addr: 0x00002304 | Exp: 0x2f13906f | Got: 0x2f13906f
[PASS] Addr: 0x00002308 | Exp: 0x280731e1 | Got: 0x280731e1
[PASS] Addr: 0x0000230c | Exp: 0x158ed359 | Got: 0x158ed359
[FAIL] Addr: 0x00002400 | Exp: 0xbbc9e2e8 | Got: 0x1f54d720
[PASS] Addr: 0x00002404 | Exp: 0x4c3df094 | Got: 0x4c3df094
[PASS] Addr: 0x00002408 | Exp: 0xf887a3de | Got: 0xf887a3de
[PASS] Addr: 0x0000240c | Exp: 0x1f54d720 | Got: 0x1f54d720
[FAIL] Addr: 0x00002500 | Exp: 0xe8bbb4fd | Got: 0x58979f1e
[PASS] Addr: 0x00002504 | Exp: 0x82d0ece4 | Got: 0x82d0ece4
[PASS] Addr: 0x00002508 | Exp: 0x60ffaa47 | Got: 0x60ffaa47
[PASS] Addr: 0x0000250c | Exp: 0x58979f1e | Got: 0x58979f1e
[FAIL] Addr: 0x00002600 | Exp: 0x228c54cf | Got: 0xdf0e1258
[PASS] Addr: 0x00002604 | Exp: 0x1e54c78c | Got: 0x1e54c78c
[PASS] Addr: 0x00002608 | Exp: 0x1b733ec9 | Got: 0x1b733ec9
[PASS] Addr: 0x0000260c | Exp: 0xdf0e1258 | Got: 0xdf0e1258
[FAIL] Addr: 0x00002700 | Exp: 0x009cc652 | Got: 0x646a64a0
[PASS] Addr: 0x00002704 | Exp: 0x048c50c7 | Got: 0x048c50c7
[PASS] Addr: 0x00002708 | Exp: 0x3d80a2fd | Got: 0x3d80a2fd
[PASS] Addr: 0x0000270c | Exp: 0x646a64a0 | Got: 0x646a64a0
[FAIL] Addr: 0x00002800 | Exp: 0xf5a86224 | Got: 0xd5d9b810
[PASS] Addr: 0x00002804 | Exp: 0xa4f9305c | Got: 0xa4f9305c
[PASS] Addr: 0x00002808 | Exp: 0x93e325ea | Got: 0x93e325ea
[PASS] Addr: 0x0000280c | Exp: 0xd5d9b810 | Got: 0xd5d9b810
[FAIL] Addr: 0x00002900 | Exp: 0x2348b311 | Got: 0xf385ee93
[PASS] Addr: 0x00002904 | Exp: 0xd8565f1c | Got: 0xd8565f1c
[PASS] Addr: 0x00002908 | Exp: 0x6df19980 | Got: 0x6df19980
[PASS] Addr: 0x0000290c | Exp: 0xf385ee93 | Got: 0xf385ee93
[FAIL] Addr: 0x00002a00 | Exp: 0x9d730391 | Got: 0xd813ab5b
[PASS] Addr: 0x00002a04 | Exp: 0xb01cd067 | Got: 0xb01cd067
[PASS] Addr: 0x00002a08 | Exp: 0xd91e781d | Got: 0xd91e781d
[PASS] Addr: 0x00002a0c | Exp: 0xd813ab5b | Got: 0xd813ab5b
[FAIL] Addr: 0x00002b00 | Exp: 0x1df89b47 | Got: 0x70268469
[PASS] Addr: 0x00002b04 | Exp: 0x35fe4ba7 | Got: 0x35fe4ba7
[PASS] Addr: 0x00002b08 | Exp: 0x4c78ba09 | Got: 0x4c78ba09
[PASS] Addr: 0x00002b0c | Exp: 0x70268469 | Got: 0x70268469
[FAIL] Addr: 0x00002c00 | Exp: 0x2804ac82 | Got: 0xe1dc640a
[PASS] Addr: 0x00002c04 | Exp: 0x1b6c75d1 | Got: 0x1b6c75d1
[PASS] Addr: 0x00002c08 | Exp: 0xc42b5afc | Got: 0xc42b5afc
[PASS] Addr: 0x00002c0c | Exp: 0xe1dc640a | Got: 0xe1dc640a
[FAIL] Addr: 0x00002d00 | Exp: 0x9ba1f1be | Got: 0xe44e1a57
[PASS] Addr: 0x00002d04 | Exp: 0x59110ae9 | Got: 0x59110ae9
[PASS] Addr: 0x00002d08 | Exp: 0x4cfd8f95 | Got: 0x4cfd8f95
[PASS] Addr: 0x00002d0c | Exp: 0xe44e1a57 | Got: 0xe44e1a57
[FAIL] Addr: 0x00002e00 | Exp: 0xb933fb21 | Got: 0x07121eb2
[PASS] Addr: 0x00002e04 | Exp: 0xbe57477d | Got: 0xbe57477d
[PASS] Addr: 0x00002e08 | Exp: 0xffd1aae2 | Got: 0xffd1aae2
[PASS] Addr: 0x00002e0c | Exp: 0x07121eb2 | Got: 0x07121eb2
[FAIL] Addr: 0x00002f00 | Exp: 0x94fb2c01 | Got: 0xe9ba814e
[PASS] Addr: 0x00002f04 | Exp: 0x70e08227 | Got: 0x70e08227
[PASS] Addr: 0x00002f08 | Exp: 0x6d26b3dd | Got: 0x6d26b3dd
[PASS] Addr: 0x00002f0c | Exp: 0xe9ba814e | Got: 0xe9ba814e
[FAIL] Addr: 0x00003000 | Exp: 0xfa96685b | Got: 0x63550ca6
[PASS] Addr: 0x00003004 | Exp: 0x5c0df50d | Got: 0x5c0df50d
[PASS] Addr: 0x00003008 | Exp: 0x7897aaeb | Got: 0x7897aaeb
[PASS] Addr: 0x0000300c | Exp: 0x63550ca6 | Got: 0x63550ca6
[FAIL] Addr: 0x00003100 | Exp: 0xc07c725b | Got: 0x99eb9702
[PASS] Addr: 0x00003104 | Exp: 0x9079b762 | Got: 0x9079b762
[PASS] Addr: 0x00003108 | Exp: 0xa45b7f5d | Got: 0xa45b7f5d
[PASS] Addr: 0x0000310c | Exp: 0x99eb9702 | Got: 0x99eb9702
[FAIL] Addr: 0x00003200 | Exp: 0x8b84f7d9 | Got: 0x0a0383f7
[PASS] Addr: 0x00003204 | Exp: 0x937de6e5 | Got: 0x937de6e5
[PASS] Addr: 0x00003208 | Exp: 0xccc4b4f1 | Got: 0xccc4b4f1
[PASS] Addr: 0x0000320c | Exp: 0x0a0383f7 | Got: 0x0a0383f7
[FAIL] Addr: 0x00003300 | Exp: 0x025d4fd7 | Got: 0x7e1e75e6
[PASS] Addr: 0x00003304 | Exp: 0x9eac015f | Got: 0x9eac015f
[PASS] Addr: 0x00003308 | Exp: 0x53c2b950 | Got: 0x53c2b950
[PASS] Addr: 0x0000330c | Exp: 0x7e1e75e6 | Got: 0x7e1e75e6
[FAIL] Addr: 0x00003400 | Exp: 0x7115e806 | Got: 0xf63b2f7a
[PASS] Addr: 0x00003404 | Exp: 0xcf566e27 | Got: 0xcf566e27
[PASS] Addr: 0x00003408 | Exp: 0xbc60e990 | Got: 0xbc60e990
[PASS] Addr: 0x0000340c | Exp: 0xf63b2f7a | Got: 0xf63b2f7a
[FAIL] Addr: 0x00003500 | Exp: 0xdc946241 | Got: 0x7f54a52c
[PASS] Addr: 0x00003504 | Exp: 0x460637a0 | Got: 0x460637a0
[PASS] Addr: 0x00003508 | Exp: 0xb64347b2 | Got: 0xb64347b2
[PASS] Addr: 0x0000350c | Exp: 0x7f54a52c | Got: 0x7f54a52c
[FAIL] Addr: 0x00003600 | Exp: 0x861f620e | Got: 0xfade3ec1
[PASS] Addr: 0x00003604 | Exp: 0x3606f4b7 | Got: 0x3606f4b7
[PASS] Addr: 0x00003608 | Exp: 0x9930e022 | Got: 0x9930e022
[PASS] Addr: 0x0000360c | Exp: 0xfade3ec1 | Got: 0xfade3ec1
[FAIL] Addr: 0x00003700 | Exp: 0xded70a22 | Got: 0xd64a48c9
[PASS] Addr: 0x00003704 | Exp: 0xe4d8e267 | Got: 0xe4d8e267
[PASS] Addr: 0x00003708 | Exp: 0x5085df3c | Got: 0x5085df3c
[PASS] Addr: 0x0000370c | Exp: 0xd64a48c9 | Got: 0xd64a48c9
[FAIL] Addr: 0x00003800 | Exp: 0xeb3929dc | Got: 0xb2889620
[PASS] Addr: 0x00003804 | Exp: 0x99bd2d37 | Got: 0x99bd2d37
[PASS] Addr: 0x00003808 | Exp: 0xb6bd56c3 | Got: 0xb6bd56c3
[PASS] Addr: 0x0000380c | Exp: 0xb2889620 | Got: 0xb2889620
[FAIL] Addr: 0x00003900 | Exp: 0x169e1ac7 | Got: 0xfb81516e
[PASS] Addr: 0x00003904 | Exp: 0x7d306ab9 | Got: 0x7d306ab9
[PASS] Addr: 0x00003908 | Exp: 0x60eeb369 | Got: 0x60eeb369
[PASS] Addr: 0x0000390c | Exp: 0xfb81516e | Got: 0xfb81516e
[FAIL] Addr: 0x00003a00 | Exp: 0x76bb4e1b | Got: 0x6f9afea8
[PASS] Addr: 0x00003a04 | Exp: 0x686a430b | Got: 0x686a430b
[PASS] Addr: 0x00003a08 | Exp: 0xda4de24d | Got: 0xda4de24d
[PASS] Addr: 0x00003a0c | Exp: 0x6f9afea8 | Got: 0x6f9afea8
[FAIL] Addr: 0x00003b00 | Exp: 0x7f218a3a | Got: 0x9736ac8f
[PASS] Addr: 0x00003b04 | Exp: 0xa4dd4a58 | Got: 0xa4dd4a58
[PASS] Addr: 0x00003b08 | Exp: 0x4fa62676 | Got: 0x4fa62676
[PASS] Addr: 0x00003b0c | Exp: 0x9736ac8f | Got: 0x9736ac8f
[FAIL] Addr: 0x00003c00 | Exp: 0x24bbd835 | Got: 0x2c33562f
[PASS] Addr: 0x00003c04 | Exp: 0x9bbb0a56 | Got: 0x9bbb0a56
[PASS] Addr: 0x00003c08 | Exp: 0xaae79e5b | Got: 0xaae79e5b
[PASS] Addr: 0x00003c0c | Exp: 0x2c33562f | Got: 0x2c33562f
[FAIL] Addr: 0x00003d00 | Exp: 0x71552147 | Got: 0x716a745f
[PASS] Addr: 0x00003d04 | Exp: 0x756f3bc7 | Got: 0x756f3bc7
[PASS] Addr: 0x00003d08 | Exp: 0x1e94795d | Got: 0x1e94795d
[PASS] Addr: 0x00003d0c | Exp: 0x716a745f | Got: 0x716a745f
[FAIL] Addr: 0x00003e00 | Exp: 0x87117c56 | Got: 0x7a31bf45
[PASS] Addr: 0x00003e04 | Exp: 0xa9212ffa | Got: 0xa9212ffa
[PASS] Addr: 0x00003e08 | Exp: 0x2152dd49 | Got: 0x2152dd49
[PASS] Addr: 0x00003e0c | Exp: 0x7a31bf45 | Got: 0x7a31bf45
[FAIL] Addr: 0x00003f00 | Exp: 0x13f12b77 | Got: 0x61da1fd1
[PASS] Addr: 0x00003f04 | Exp: 0x7c346a49 | Got: 0x7c346a49
[PASS] Addr: 0x00003f08 | Exp: 0xd95e7bd9 | Got: 0xd95e7bd9
[PASS] Addr: 0x00003f0c | Exp: 0x61da1fd1 | Got: 0x61da1fd1
[FAIL] Addr: 0x00004000 | Exp: 0x35534969 | Got: 0x7333d13f
[PASS] Addr: 0x00004004 | Exp: 0x71c9699a | Got: 0x71c9699a
[PASS] Addr: 0x00004008 | Exp: 0xf815d831 | Got: 0xf815d831
[PASS] Addr: 0x0000400c | Exp: 0x7333d13f | Got: 0x7333d13f
[FAIL] Addr: 0x00004100 | Exp: 0xcb6e2717 | Got: 0x4007b297
[PASS] Addr: 0x00004104 | Exp: 0xaa3ba1e0 | Got: 0xaa3ba1e0
[PASS] Addr: 0x00004108 | Exp: 0x056c3c64 | Got: 0x056c3c64
[PASS] Addr: 0x0000410c | Exp: 0x4007b297 | Got: 0x4007b297
[FAIL] Addr: 0x00004200 | Exp: 0x3cd85918 | Got: 0xa899c82e
[PASS] Addr: 0x00004204 | Exp: 0x32a2a59a | Got: 0x32a2a59a
[PASS] Addr: 0x00004208 | Exp: 0x1b775eef | Got: 0x1b775eef
[PASS] Addr: 0x0000420c | Exp: 0xa899c82e | Got: 0xa899c82e
[FAIL] Addr: 0x00004300 | Exp: 0xaa027530 | Got: 0xd32eed25
[PASS] Addr: 0x00004304 | Exp: 0x44537f51 | Got: 0x44537f51
[PASS] Addr: 0x00004308 | Exp: 0x11e4b83b | Got: 0x11e4b83b
[PASS] Addr: 0x0000430c | Exp: 0xd32eed25 | Got: 0xd32eed25
[FAIL] Addr: 0x00004400 | Exp: 0x90b87fcf | Got: 0x1382b4e8
[PASS] Addr: 0x00004404 | Exp: 0x745d3b1d | Got: 0x745d3b1d
[PASS] Addr: 0x00004408 | Exp: 0x197f881d | Got: 0x197f881d
[PASS] Addr: 0x0000440c | Exp: 0x1382b4e8 | Got: 0x1382b4e8
[FAIL] Addr: 0x00004500 | Exp: 0xdfa3098f | Got: 0xc24f7cae
[PASS] Addr: 0x00004504 | Exp: 0xd30ca01e | Got: 0xd30ca01e
[PASS] Addr: 0x00004508 | Exp: 0xc7ae8b57 | Got: 0xc7ae8b57
[PASS] Addr: 0x0000450c | Exp: 0xc24f7cae | Got: 0xc24f7cae
[FAIL] Addr: 0x00004600 | Exp: 0x79c9fcb9 | Got: 0x04ccacfd
[PASS] Addr: 0x00004604 | Exp: 0xfb671a05 | Got: 0xfb671a05
[PASS] Addr: 0x00004608 | Exp: 0x91f56117 | Got: 0x91f56117
[PASS] Addr: 0x0000460c | Exp: 0x04ccacfd | Got: 0x04ccacfd
[FAIL] Addr: 0x00004700 | Exp: 0x2a091abe | Got: 0x842a2b25
[PASS] Addr: 0x00004704 | Exp: 0x12b3d28b | Got: 0x12b3d28b
[PASS] Addr: 0x00004708 | Exp: 0xb971a075 | Got: 0xb971a075
[PASS] Addr: 0x0000470c | Exp: 0x842a2b25 | Got: 0x842a2b25
[FAIL] Addr: 0x00004800 | Exp: 0x06a229c0 | Got: 0x1516fac2
[PASS] Addr: 0x00004804 | Exp: 0xb7f0faf6 | Got: 0xb7f0faf6
[PASS] Addr: 0x00004808 | Exp: 0xa65e9df7 | Got: 0xa65e9df7
[PASS] Addr: 0x0000480c | Exp: 0x1516fac2 | Got: 0x1516fac2
[FAIL] Addr: 0x00004900 | Exp: 0x44acd209 | Got: 0x4f3c0f3d
[PASS] Addr: 0x00004904 | Exp: 0xe3594599 | Got: 0xe3594599
[PASS] Addr: 0x00004908 | Exp: 0xb393e10e | Got: 0xb393e10e
[PASS] Addr: 0x0000490c | Exp: 0x4f3c0f3d | Got: 0x4f3c0f3d
[FAIL] Addr: 0x00004a00 | Exp: 0x7b9b2b90 | Got: 0x14c04d49
[PASS] Addr: 0x00004a04 | Exp: 0xb5e78f52 | Got: 0xb5e78f52
[PASS] Addr: 0x00004a08 | Exp: 0x6a034998 | Got: 0x6a034998
[PASS] Addr: 0x00004a0c | Exp: 0x14c04d49 | Got: 0x14c04d49
[FAIL] Addr: 0x00004b00 | Exp: 0x58c1fb79 | Got: 0x09c5bc68
[PASS] Addr: 0x00004b04 | Exp: 0x38ccb90c | Got: 0x38ccb90c
[PASS] Addr: 0x00004b08 | Exp: 0x2c3ce55e | Got: 0x2c3ce55e
[PASS] Addr: 0x00004b0c | Exp: 0x09c5bc68 | Got: 0x09c5bc68
[FAIL] Addr: 0x00004c00 | Exp: 0xc2caa194 | Got: 0xfbe9e866
[PASS] Addr: 0x00004c04 | Exp: 0x0cfab13d | Got: 0x0cfab13d
[PASS] Addr: 0x00004c08 | Exp: 0x51e97596 | Got: 0x51e97596
[PASS] Addr: 0x00004c0c | Exp: 0xfbe9e866 | Got: 0xfbe9e866
[FAIL] Addr: 0x00004d00 | Exp: 0x6d3fb5db | Got: 0x39c572da
[PASS] Addr: 0x00004d04 | Exp: 0x0a9cad67 | Got: 0x0a9cad67
[PASS] Addr: 0x00004d08 | Exp: 0xb352a460 | Got: 0xb352a460
[PASS] Addr: 0x00004d0c | Exp: 0x39c572da | Got: 0x39c572da
[FAIL] Addr: 0x00004e00 | Exp: 0xdc0655f6 | Got: 0xda6fd4aa
[PASS] Addr: 0x00004e04 | Exp: 0xd0999399 | Got: 0xd0999399
[PASS] Addr: 0x00004e08 | Exp: 0xa4d9ea4b | Got: 0xa4d9ea4b
[PASS] Addr: 0x00004e0c | Exp: 0xda6fd4aa | Got: 0xda6fd4aa
[FAIL] Addr: 0x00004f00 | Exp: 0xd6df22b9 | Got: 0xf4f94f86
[PASS] Addr: 0x00004f04 | Exp: 0x441693ed | Got: 0x441693ed
[PASS] Addr: 0x00004f08 | Exp: 0x627d23cf | Got: 0x627d23cf
[PASS] Addr: 0x00004f0c | Exp: 0xf4f94f86 | Got: 0xf4f94f86
[FAIL] Addr: 0x00005000 | Exp: 0x4ce7eda2 | Got: 0xc7f10f6a
[PASS] Addr: 0x00005004 | Exp: 0xfff3f20a | Got: 0xfff3f20a
[PASS] Addr: 0x00005008 | Exp: 0xeb59d6d3 | Got: 0xeb59d6d3
[PASS] Addr: 0x0000500c | Exp: 0xc7f10f6a | Got: 0xc7f10f6a
[FAIL] Addr: 0x00005100 | Exp: 0xa817165e | Got: 0xd0e17c1f
[PASS] Addr: 0x00005104 | Exp: 0xb44bfea2 | Got: 0xb44bfea2
[PASS] Addr: 0x00005108 | Exp: 0x4d242826 | Got: 0x4d242826
[PASS] Addr: 0x0000510c | Exp: 0xd0e17c1f | Got: 0xd0e17c1f

[BURST WRAP TESTS COMPLETED] Passed: 150, Failed: 50


========== TEST SET 4: SPECIAL TESTS (Repeated 50 times) ==========

[WAIT_STATE_TEST][FAIL] No wait state observed!
[IDLE_TEST][PASS] No transfer during IDLE
[BUSY_TEST][PASS] BUSY did not initiate transfer
[NO_IDLE_TEST][PASS] No-IDLE transfers successful
[BOUNDARY_TEST] Writing INCR4 burst crossing 1KB boundary...
[BOUNDARY_TEST][FAIL] No error for boundary violation
[ALIGNMENT_TEST] Testing WORD-aligned access...
[ALIGNMENT_TEST][PASS] Aligned WORD access successful
[WAIT_STATE_TEST][FAIL] No wait state observed!
[IDLE_TEST][PASS] No transfer during IDLE
[BUSY_TEST][PASS] BUSY did not initiate transfer
[NO_IDLE_TEST][PASS] No-IDLE transfers successful
[BOUNDARY_TEST] Writing INCR4 burst crossing 1KB boundary...
[BOUNDARY_TEST][FAIL] No error for boundary violation
[ALIGNMENT_TEST] Testing WORD-aligned access...
[ALIGNMENT_TEST][PASS] Aligned WORD access successful
[WAIT_STATE_TEST][FAIL] No wait state observed!
[IDLE_TEST][PASS] No transfer during IDLE
[BUSY_TEST][PASS] BUSY did not initiate transfer
[NO_IDLE_TEST][PASS] No-IDLE transfers successful
[BOUNDARY_TEST] Writing INCR4 burst crossing 1KB boundary...
[BOUNDARY_TEST][FAIL] No error for boundary violation
[ALIGNMENT_TEST] Testing WORD-aligned access...
[ALIGNMENT_TEST][PASS] Aligned WORD access successful
[WAIT_STATE_TEST][FAIL] No wait state observed!
[IDLE_TEST][PASS] No transfer during IDLE
[BUSY_TEST][PASS] BUSY did not initiate transfer
[NO_IDLE_TEST][PASS] No-IDLE transfers successful
[BOUNDARY_TEST] Writing INCR4 burst crossing 1KB boundary...
[BOUNDARY_TEST][FAIL] No error for boundary violation
[ALIGNMENT_TEST] Testing WORD-aligned access...
[ALIGNMENT_TEST][PASS] Aligned WORD access successful
[WAIT_STATE_TEST][FAIL] No wait state observed!
[IDLE_TEST][PASS] No transfer during IDLE
[BUSY_TEST][PASS] BUSY did not initiate transfer
[NO_IDLE_TEST][PASS] No-IDLE transfers successful
[BOUNDARY_TEST] Writing INCR4 burst crossing 1KB boundary...
[BOUNDARY_TEST][FAIL] No error for boundary violation
[ALIGNMENT_TEST] Testing WORD-aligned access...
[ALIGNMENT_TEST][PASS] Aligned WORD access successful
[WAIT_STATE_TEST][FAIL] No wait state observed!
[IDLE_TEST][PASS] No transfer during IDLE
[BUSY_TEST][PASS] BUSY did not initiate transfer
[NO_IDLE_TEST][PASS] No-IDLE transfers successful
[BOUNDARY_TEST] Writing INCR4 burst crossing 1KB boundary...
[BOUNDARY_TEST][FAIL] No error for boundary violation
[ALIGNMENT_TEST] Testing WORD-aligned access...
[ALIGNMENT_TEST][PASS] Aligned WORD access successful
[WAIT_STATE_TEST][FAIL] No wait state observed!
[IDLE_TEST][PASS] No transfer during IDLE
[BUSY_TEST][PASS] BUSY did not initiate transfer
[NO_IDLE_TEST][PASS] No-IDLE transfers successful
[BOUNDARY_TEST] Writing INCR4 burst crossing 1KB boundary...
[BOUNDARY_TEST][FAIL] No error for boundary violation
[ALIGNMENT_TEST] Testing WORD-aligned access...
[ALIGNMENT_TEST][PASS] Aligned WORD access successful
[WAIT_STATE_TEST][FAIL] No wait state observed!
[IDLE_TEST][PASS] No transfer during IDLE
[BUSY_TEST][PASS] BUSY did not initiate transfer
[NO_IDLE_TEST][PASS] No-IDLE transfers successful
[BOUNDARY_TEST] Writing INCR4 burst crossing 1KB boundary...
[BOUNDARY_TEST][FAIL] No error for boundary violation
[ALIGNMENT_TEST] Testing WORD-aligned access...
[ALIGNMENT_TEST][PASS] Aligned WORD access successful
[WAIT_STATE_TEST][FAIL] No wait state observed!
[IDLE_TEST][PASS] No transfer during IDLE
[BUSY_TEST][PASS] BUSY did not initiate transfer
[NO_IDLE_TEST][PASS] No-IDLE transfers successful
[BOUNDARY_TEST] Writing INCR4 burst crossing 1KB boundary...
[BOUNDARY_TEST][FAIL] No error for boundary violation
[ALIGNMENT_TEST] Testing WORD-aligned access...
[ALIGNMENT_TEST][PASS] Aligned WORD access successful
[WAIT_STATE_TEST][FAIL] No wait state observed!
[IDLE_TEST][PASS] No transfer during IDLE
[BUSY_TEST][PASS] BUSY did not initiate transfer
[NO_IDLE_TEST][PASS] No-IDLE transfers successful
[BOUNDARY_TEST] Writing INCR4 burst crossing 1KB boundary...
[BOUNDARY_TEST][FAIL] No error for boundary violation
[ALIGNMENT_TEST] Testing WORD-aligned access...
[ALIGNMENT_TEST][PASS] Aligned WORD access successful
[WAIT_STATE_TEST][FAIL] No wait state observed!
[IDLE_TEST][PASS] No transfer during IDLE
[BUSY_TEST][PASS] BUSY did not initiate transfer
[NO_IDLE_TEST][PASS] No-IDLE transfers successful
[BOUNDARY_TEST] Writing INCR4 burst crossing 1KB boundary...
[BOUNDARY_TEST][FAIL] No error for boundary violation
[ALIGNMENT_TEST] Testing WORD-aligned access...
[ALIGNMENT_TEST][PASS] Aligned WORD access successful
[WAIT_STATE_TEST][FAIL] No wait state observed!
[IDLE_TEST][PASS] No transfer during IDLE
[BUSY_TEST][PASS] BUSY did not initiate transfer
[NO_IDLE_TEST][PASS] No-IDLE transfers successful
[BOUNDARY_TEST] Writing INCR4 burst crossing 1KB boundary...
[BOUNDARY_TEST][FAIL] No error for boundary violation
[ALIGNMENT_TEST] Testing WORD-aligned access...
[ALIGNMENT_TEST][PASS] Aligned WORD access successful
[WAIT_STATE_TEST][FAIL] No wait state observed!
[IDLE_TEST][PASS] No transfer during IDLE
[BUSY_TEST][PASS] BUSY did not initiate transfer
[NO_IDLE_TEST][PASS] No-IDLE transfers successful
[BOUNDARY_TEST] Writing INCR4 burst crossing 1KB boundary...
[BOUNDARY_TEST][FAIL] No error for boundary violation
[ALIGNMENT_TEST] Testing WORD-aligned access...
[ALIGNMENT_TEST][PASS] Aligned WORD access successful
[WAIT_STATE_TEST][FAIL] No wait state observed!
[IDLE_TEST][PASS] No transfer during IDLE
[BUSY_TEST][PASS] BUSY did not initiate transfer
[NO_IDLE_TEST][PASS] No-IDLE transfers successful
[BOUNDARY_TEST] Writing INCR4 burst crossing 1KB boundary...
[BOUNDARY_TEST][FAIL] No error for boundary violation
[ALIGNMENT_TEST] Testing WORD-aligned access...
[ALIGNMENT_TEST][PASS] Aligned WORD access successful
[WAIT_STATE_TEST][FAIL] No wait state observed!
[IDLE_TEST][PASS] No transfer during IDLE
[BUSY_TEST][PASS] BUSY did not initiate transfer
[NO_IDLE_TEST][PASS] No-IDLE transfers successful
[BOUNDARY_TEST] Writing INCR4 burst crossing 1KB boundary...
[BOUNDARY_TEST][FAIL] No error for boundary violation
[ALIGNMENT_TEST] Testing WORD-aligned access...
[ALIGNMENT_TEST][PASS] Aligned WORD access successful
[WAIT_STATE_TEST][FAIL] No wait state observed!
[IDLE_TEST][PASS] No transfer during IDLE
[BUSY_TEST][PASS] BUSY did not initiate transfer
[NO_IDLE_TEST][PASS] No-IDLE transfers successful
[BOUNDARY_TEST] Writing INCR4 burst crossing 1KB boundary...
[BOUNDARY_TEST][FAIL] No error for boundary violation
[ALIGNMENT_TEST] Testing WORD-aligned access...
[ALIGNMENT_TEST][PASS] Aligned WORD access successful
[WAIT_STATE_TEST][FAIL] No wait state observed!
[IDLE_TEST][PASS] No transfer during IDLE
[BUSY_TEST][PASS] BUSY did not initiate transfer
[NO_IDLE_TEST][PASS] No-IDLE transfers successful
[BOUNDARY_TEST] Writing INCR4 burst crossing 1KB boundary...
[BOUNDARY_TEST][FAIL] No error for boundary violation
[ALIGNMENT_TEST] Testing WORD-aligned access...
[ALIGNMENT_TEST][PASS] Aligned WORD access successful
[WAIT_STATE_TEST][FAIL] No wait state observed!
[IDLE_TEST][PASS] No transfer during IDLE
[BUSY_TEST][PASS] BUSY did not initiate transfer
[NO_IDLE_TEST][PASS] No-IDLE transfers successful
[BOUNDARY_TEST] Writing INCR4 burst crossing 1KB boundary...
[BOUNDARY_TEST][FAIL] No error for boundary violation
[ALIGNMENT_TEST] Testing WORD-aligned access...
[ALIGNMENT_TEST][PASS] Aligned WORD access successful
[WAIT_STATE_TEST][FAIL] No wait state observed!
[IDLE_TEST][PASS] No transfer during IDLE
[BUSY_TEST][PASS] BUSY did not initiate transfer
[NO_IDLE_TEST][PASS] No-IDLE transfers successful
[BOUNDARY_TEST] Writing INCR4 burst crossing 1KB boundary...
[BOUNDARY_TEST][FAIL] No error for boundary violation
[ALIGNMENT_TEST] Testing WORD-aligned access...
[ALIGNMENT_TEST][PASS] Aligned WORD access successful
[WAIT_STATE_TEST][FAIL] No wait state observed!
[IDLE_TEST][PASS] No transfer during IDLE
[BUSY_TEST][PASS] BUSY did not initiate transfer
[NO_IDLE_TEST][PASS] No-IDLE transfers successful
[BOUNDARY_TEST] Writing INCR4 burst crossing 1KB boundary...
[BOUNDARY_TEST][FAIL] No error for boundary violation
[ALIGNMENT_TEST] Testing WORD-aligned access...
[ALIGNMENT_TEST][PASS] Aligned WORD access successful
[WAIT_STATE_TEST][FAIL] No wait state observed!
[IDLE_TEST][PASS] No transfer during IDLE
[BUSY_TEST][PASS] BUSY did not initiate transfer
[NO_IDLE_TEST][PASS] No-IDLE transfers successful
[BOUNDARY_TEST] Writing INCR4 burst crossing 1KB boundary...
[BOUNDARY_TEST][FAIL] No error for boundary violation
[ALIGNMENT_TEST] Testing WORD-aligned access...
[ALIGNMENT_TEST][PASS] Aligned WORD access successful
[WAIT_STATE_TEST][FAIL] No wait state observed!
[IDLE_TEST][PASS] No transfer during IDLE
[BUSY_TEST][PASS] BUSY did not initiate transfer
[NO_IDLE_TEST][PASS] No-IDLE transfers successful
[BOUNDARY_TEST] Writing INCR4 burst crossing 1KB boundary...
[BOUNDARY_TEST][FAIL] No error for boundary violation
[ALIGNMENT_TEST] Testing WORD-aligned access...
[ALIGNMENT_TEST][PASS] Aligned WORD access successful
[WAIT_STATE_TEST][FAIL] No wait state observed!
[IDLE_TEST][PASS] No transfer during IDLE
[BUSY_TEST][PASS] BUSY did not initiate transfer
[NO_IDLE_TEST][PASS] No-IDLE transfers successful
[BOUNDARY_TEST] Writing INCR4 burst crossing 1KB boundary...
[BOUNDARY_TEST][FAIL] No error for boundary violation
[ALIGNMENT_TEST] Testing WORD-aligned access...
[ALIGNMENT_TEST][PASS] Aligned WORD access successful
[WAIT_STATE_TEST][FAIL] No wait state observed!
[IDLE_TEST][PASS] No transfer during IDLE
[BUSY_TEST][PASS] BUSY did not initiate transfer
[NO_IDLE_TEST][PASS] No-IDLE transfers successful
[BOUNDARY_TEST] Writing INCR4 burst crossing 1KB boundary...
[BOUNDARY_TEST][FAIL] No error for boundary violation
[ALIGNMENT_TEST] Testing WORD-aligned access...
[ALIGNMENT_TEST][PASS] Aligned WORD access successful
[WAIT_STATE_TEST][FAIL] No wait state observed!
[IDLE_TEST][PASS] No transfer during IDLE
[BUSY_TEST][PASS] BUSY did not initiate transfer
[NO_IDLE_TEST][PASS] No-IDLE transfers successful
[BOUNDARY_TEST] Writing INCR4 burst crossing 1KB boundary...
[BOUNDARY_TEST][FAIL] No error for boundary violation
[ALIGNMENT_TEST] Testing WORD-aligned access...
[ALIGNMENT_TEST][PASS] Aligned WORD access successful
[WAIT_STATE_TEST][FAIL] No wait state observed!
[IDLE_TEST][PASS] No transfer during IDLE
[BUSY_TEST][PASS] BUSY did not initiate transfer
[NO_IDLE_TEST][PASS] No-IDLE transfers successful
[BOUNDARY_TEST] Writing INCR4 burst crossing 1KB boundary...
[BOUNDARY_TEST][FAIL] No error for boundary violation
[ALIGNMENT_TEST] Testing WORD-aligned access...
[ALIGNMENT_TEST][PASS] Aligned WORD access successful
[WAIT_STATE_TEST][FAIL] No wait state observed!
[IDLE_TEST][PASS] No transfer during IDLE
[BUSY_TEST][PASS] BUSY did not initiate transfer
[NO_IDLE_TEST][PASS] No-IDLE transfers successful
[BOUNDARY_TEST] Writing INCR4 burst crossing 1KB boundary...
[BOUNDARY_TEST][FAIL] No error for boundary violation
[ALIGNMENT_TEST] Testing WORD-aligned access...
[ALIGNMENT_TEST][PASS] Aligned WORD access successful
[WAIT_STATE_TEST][FAIL] No wait state observed!
[IDLE_TEST][PASS] No transfer during IDLE
[BUSY_TEST][PASS] BUSY did not initiate transfer
[NO_IDLE_TEST][PASS] No-IDLE transfers successful
[BOUNDARY_TEST] Writing INCR4 burst crossing 1KB boundary...
[BOUNDARY_TEST][FAIL] No error for boundary violation
[ALIGNMENT_TEST] Testing WORD-aligned access...
[ALIGNMENT_TEST][PASS] Aligned WORD access successful
[WAIT_STATE_TEST][FAIL] No wait state observed!
[IDLE_TEST][PASS] No transfer during IDLE
[BUSY_TEST][PASS] BUSY did not initiate transfer
[NO_IDLE_TEST][PASS] No-IDLE transfers successful
[BOUNDARY_TEST] Writing INCR4 burst crossing 1KB boundary...
[BOUNDARY_TEST][FAIL] No error for boundary violation
[ALIGNMENT_TEST] Testing WORD-aligned access...
[ALIGNMENT_TEST][PASS] Aligned WORD access successful
[WAIT_STATE_TEST][FAIL] No wait state observed!
[IDLE_TEST][PASS] No transfer during IDLE
[BUSY_TEST][PASS] BUSY did not initiate transfer
[NO_IDLE_TEST][PASS] No-IDLE transfers successful
[BOUNDARY_TEST] Writing INCR4 burst crossing 1KB boundary...
[BOUNDARY_TEST][FAIL] No error for boundary violation
[ALIGNMENT_TEST] Testing WORD-aligned access...
[ALIGNMENT_TEST][PASS] Aligned WORD access successful
[WAIT_STATE_TEST][FAIL] No wait state observed!
[IDLE_TEST][PASS] No transfer during IDLE
[BUSY_TEST][PASS] BUSY did not initiate transfer
[NO_IDLE_TEST][PASS] No-IDLE transfers successful
[BOUNDARY_TEST] Writing INCR4 burst crossing 1KB boundary...
[BOUNDARY_TEST][FAIL] No error for boundary violation
[ALIGNMENT_TEST] Testing WORD-aligned access...
[ALIGNMENT_TEST][PASS] Aligned WORD access successful
[WAIT_STATE_TEST][FAIL] No wait state observed!
[IDLE_TEST][PASS] No transfer during IDLE
[BUSY_TEST][PASS] BUSY did not initiate transfer
[NO_IDLE_TEST][PASS] No-IDLE transfers successful
[BOUNDARY_TEST] Writing INCR4 burst crossing 1KB boundary...
[BOUNDARY_TEST][FAIL] No error for boundary violation
[ALIGNMENT_TEST] Testing WORD-aligned access...
[ALIGNMENT_TEST][PASS] Aligned WORD access successful
[WAIT_STATE_TEST][FAIL] No wait state observed!
[IDLE_TEST][PASS] No transfer during IDLE
[BUSY_TEST][PASS] BUSY did not initiate transfer
[NO_IDLE_TEST][PASS] No-IDLE transfers successful
[BOUNDARY_TEST] Writing INCR4 burst crossing 1KB boundary...
[BOUNDARY_TEST][FAIL] No error for boundary violation
[ALIGNMENT_TEST] Testing WORD-aligned access...
[ALIGNMENT_TEST][PASS] Aligned WORD access successful
[WAIT_STATE_TEST][FAIL] No wait state observed!
[IDLE_TEST][PASS] No transfer during IDLE
[BUSY_TEST][PASS] BUSY did not initiate transfer
[NO_IDLE_TEST][PASS] No-IDLE transfers successful
[BOUNDARY_TEST] Writing INCR4 burst crossing 1KB boundary...
[BOUNDARY_TEST][FAIL] No error for boundary violation
[ALIGNMENT_TEST] Testing WORD-aligned access...
[ALIGNMENT_TEST][PASS] Aligned WORD access successful
[WAIT_STATE_TEST][FAIL] No wait state observed!
[IDLE_TEST][PASS] No transfer during IDLE
[BUSY_TEST][PASS] BUSY did not initiate transfer
[NO_IDLE_TEST][PASS] No-IDLE transfers successful
[BOUNDARY_TEST] Writing INCR4 burst crossing 1KB boundary...
[BOUNDARY_TEST][FAIL] No error for boundary violation
[ALIGNMENT_TEST] Testing WORD-aligned access...
[ALIGNMENT_TEST][PASS] Aligned WORD access successful
[WAIT_STATE_TEST][FAIL] No wait state observed!
[IDLE_TEST][PASS] No transfer during IDLE
[BUSY_TEST][PASS] BUSY did not initiate transfer
[NO_IDLE_TEST][PASS] No-IDLE transfers successful
[BOUNDARY_TEST] Writing INCR4 burst crossing 1KB boundary...
[BOUNDARY_TEST][FAIL] No error for boundary violation
[ALIGNMENT_TEST] Testing WORD-aligned access...
[ALIGNMENT_TEST][PASS] Aligned WORD access successful
[WAIT_STATE_TEST][FAIL] No wait state observed!
[IDLE_TEST][PASS] No transfer during IDLE
[BUSY_TEST][PASS] BUSY did not initiate transfer
[NO_IDLE_TEST][PASS] No-IDLE transfers successful
[BOUNDARY_TEST] Writing INCR4 burst crossing 1KB boundary...
[BOUNDARY_TEST][FAIL] No error for boundary violation
[ALIGNMENT_TEST] Testing WORD-aligned access...
[ALIGNMENT_TEST][PASS] Aligned WORD access successful
[WAIT_STATE_TEST][FAIL] No wait state observed!
[IDLE_TEST][PASS] No transfer during IDLE
[BUSY_TEST][PASS] BUSY did not initiate transfer
[NO_IDLE_TEST][PASS] No-IDLE transfers successful
[BOUNDARY_TEST] Writing INCR4 burst crossing 1KB boundary...
[BOUNDARY_TEST][FAIL] No error for boundary violation
[ALIGNMENT_TEST] Testing WORD-aligned access...
[ALIGNMENT_TEST][PASS] Aligned WORD access successful
[WAIT_STATE_TEST][FAIL] No wait state observed!
[IDLE_TEST][PASS] No transfer during IDLE
[BUSY_TEST][PASS] BUSY did not initiate transfer
[NO_IDLE_TEST][PASS] No-IDLE transfers successful
[BOUNDARY_TEST] Writing INCR4 burst crossing 1KB boundary...
[BOUNDARY_TEST][FAIL] No error for boundary violation
[ALIGNMENT_TEST] Testing WORD-aligned access...
[ALIGNMENT_TEST][PASS] Aligned WORD access successful
[WAIT_STATE_TEST][FAIL] No wait state observed!
[IDLE_TEST][PASS] No transfer during IDLE
[BUSY_TEST][PASS] BUSY did not initiate transfer
[NO_IDLE_TEST][PASS] No-IDLE transfers successful
[BOUNDARY_TEST] Writing INCR4 burst crossing 1KB boundary...
[BOUNDARY_TEST][FAIL] No error for boundary violation
[ALIGNMENT_TEST] Testing WORD-aligned access...
[ALIGNMENT_TEST][PASS] Aligned WORD access successful
[WAIT_STATE_TEST][FAIL] No wait state observed!
[IDLE_TEST][PASS] No transfer during IDLE
[BUSY_TEST][PASS] BUSY did not initiate transfer
[NO_IDLE_TEST][PASS] No-IDLE transfers successful
[BOUNDARY_TEST] Writing INCR4 burst crossing 1KB boundary...
[BOUNDARY_TEST][FAIL] No error for boundary violation
[ALIGNMENT_TEST] Testing WORD-aligned access...
[ALIGNMENT_TEST][PASS] Aligned WORD access successful
[WAIT_STATE_TEST][FAIL] No wait state observed!
[IDLE_TEST][PASS] No transfer during IDLE
[BUSY_TEST][PASS] BUSY did not initiate transfer
[NO_IDLE_TEST][PASS] No-IDLE transfers successful
[BOUNDARY_TEST] Writing INCR4 burst crossing 1KB boundary...
[BOUNDARY_TEST][FAIL] No error for boundary violation
[ALIGNMENT_TEST] Testing WORD-aligned access...
[ALIGNMENT_TEST][PASS] Aligned WORD access successful
[WAIT_STATE_TEST][FAIL] No wait state observed!
[IDLE_TEST][PASS] No transfer during IDLE
[BUSY_TEST][PASS] BUSY did not initiate transfer
[NO_IDLE_TEST][PASS] No-IDLE transfers successful
[BOUNDARY_TEST] Writing INCR4 burst crossing 1KB boundary...
[BOUNDARY_TEST][FAIL] No error for boundary violation
[ALIGNMENT_TEST] Testing WORD-aligned access...
[ALIGNMENT_TEST][PASS] Aligned WORD access successful
[WAIT_STATE_TEST][FAIL] No wait state observed!
[IDLE_TEST][PASS] No transfer during IDLE
[BUSY_TEST][PASS] BUSY did not initiate transfer
[NO_IDLE_TEST][PASS] No-IDLE transfers successful
[BOUNDARY_TEST] Writing INCR4 burst crossing 1KB boundary...
[BOUNDARY_TEST][FAIL] No error for boundary violation
[ALIGNMENT_TEST] Testing WORD-aligned access...
[ALIGNMENT_TEST][PASS] Aligned WORD access successful
[WAIT_STATE_TEST][FAIL] No wait state observed!
[IDLE_TEST][PASS] No transfer during IDLE
[BUSY_TEST][PASS] BUSY did not initiate transfer
[NO_IDLE_TEST][PASS] No-IDLE transfers successful
[BOUNDARY_TEST] Writing INCR4 burst crossing 1KB boundary...
[BOUNDARY_TEST][FAIL] No error for boundary violation
[ALIGNMENT_TEST] Testing WORD-aligned access...
[ALIGNMENT_TEST][PASS] Aligned WORD access successful
[WAIT_STATE_TEST][FAIL] No wait state observed!
[IDLE_TEST][PASS] No transfer during IDLE
[BUSY_TEST][PASS] BUSY did not initiate transfer
[NO_IDLE_TEST][PASS] No-IDLE transfers successful
[BOUNDARY_TEST] Writing INCR4 burst crossing 1KB boundary...
[BOUNDARY_TEST][FAIL] No error for boundary violation
[ALIGNMENT_TEST] Testing WORD-aligned access...
[ALIGNMENT_TEST][PASS] Aligned WORD access successful
[WAIT_STATE_TEST][FAIL] No wait state observed!
[IDLE_TEST][PASS] No transfer during IDLE
[BUSY_TEST][PASS] BUSY did not initiate transfer
[NO_IDLE_TEST][PASS] No-IDLE transfers successful
[BOUNDARY_TEST] Writing INCR4 burst crossing 1KB boundary...
[BOUNDARY_TEST][FAIL] No error for boundary violation
[ALIGNMENT_TEST] Testing WORD-aligned access...
[ALIGNMENT_TEST][PASS] Aligned WORD access successful
[WAIT_STATE_TEST][FAIL] No wait state observed!
[IDLE_TEST][PASS] No transfer during IDLE
[BUSY_TEST][PASS] BUSY did not initiate transfer
[NO_IDLE_TEST][PASS] No-IDLE transfers successful
[BOUNDARY_TEST] Writing INCR4 burst crossing 1KB boundary...
[BOUNDARY_TEST][FAIL] No error for boundary violation
[ALIGNMENT_TEST] Testing WORD-aligned access...
[ALIGNMENT_TEST][PASS] Aligned WORD access successful
[WAIT_STATE_TEST][FAIL] No wait state observed!
[IDLE_TEST][PASS] No transfer during IDLE
[BUSY_TEST][PASS] BUSY did not initiate transfer
[NO_IDLE_TEST][PASS] No-IDLE transfers successful
[BOUNDARY_TEST] Writing INCR4 burst crossing 1KB boundary...
[BOUNDARY_TEST][FAIL] No error for boundary violation
[ALIGNMENT_TEST] Testing WORD-aligned access...
[ALIGNMENT_TEST][PASS] Aligned WORD access successful
[WAIT_STATE_TEST][FAIL] No wait state observed!
[IDLE_TEST][PASS] No transfer during IDLE
[BUSY_TEST][PASS] BUSY did not initiate transfer
[NO_IDLE_TEST][PASS] No-IDLE transfers successful
[BOUNDARY_TEST] Writing INCR4 burst crossing 1KB boundary...
[BOUNDARY_TEST][FAIL] No error for boundary violation
[ALIGNMENT_TEST] Testing WORD-aligned access...
[ALIGNMENT_TEST][PASS] Aligned WORD access successful


================================================================================
                     COMPREHENSIVE VERIFICATION REPORT
================================================================================
Test Category              | PASSED | FAILED | Total | Pass%
--------------------------------------------------------------------------------
SINGLE READ/WRITE TESTS    |    622 |    378 |  1000 |  62.2%
BURST INCR TESTS           |    150 |     50 |   200 |  75.0%
BURST WRAP TESTS           |    150 |     50 |   200 |  75.0%
WAIT STATE TESTS           |     50 |      0 |    50 | 100.0%
IDLE TESTS                 |     50 |      0 |    50 | 100.0%
BUSY TESTS                 |     50 |      0 |    50 | 100.0%
NO-IDLE TESTS              |     50 |      0 |    50 | 100.0%
BOUNDARY TESTS             |      0 |     50 |    50 |   0.0%
ALIGNMENT TESTS            |     50 |      0 |    50 | 100.0%
--------------------------------------------------------------------------------
TOTAL                      |   1172 |    528 |  1700 |  68.9%
================================================================================

*** 528 TESTS FAILED *** [1172 PASSED / 1700 TOTAL]

Simulation complete via $finish(1) at time 91065 NS + 4
./Covergroups/tb_top_v2.sv:304     $finish;
xcelium> exit
xmsim: *N,COVCGN: Coverage configuration file command "set_covergroup -new_instance_reporting" can be specified to improve the scoping and naming of covergroup instances. It may be noted that subsequent merging of a coverage database saved with this command and a coverage database saved without this command is not allowed.
xmsim: *W,CGDEFN: Default name "tb_top.ahb_cov.htrans_cg" will be generated for covergroup instance "htrans_cg" as the name of the covergroup instance is not specified explicitly: ./Covergroups/coverage_module.sv, 228.
xmsim: *W,CGDEFN: Default name "tb_top.ahb_cov.hprot_cg" will be generated for covergroup instance "hprot_cg" as the name of the covergroup instance is not specified explicitly: ./Covergroups/coverage_module.sv, 229.
xmsim: *W,CGDEFN: Default name "tb_top.ahb_cov.htrans_hready_cg" will be generated for covergroup instance "htrans_hready_cg" as the name of the covergroup instance is not specified explicitly: ./Covergroups/coverage_module.sv, 230.
xmsim: *W,CGDEFN: Default name "tb_top.ahb_cov.hwrite_cg" will be generated for covergroup instance "hwrite_cg" as the name of the covergroup instance is not specified explicitly: ./Covergroups/coverage_module.sv, 231.
xmsim: *W,CGDEFN: Default name "tb_top.ahb_cov.hburst_cg" will be generated for covergroup instance "hburst_cg" as the name of the covergroup instance is not specified explicitly: ./Covergroups/coverage_module.sv, 232.
xmsim: *W,CGDEFN: Default name "tb_top.ahb_cov.hsize_cg" will be generated for covergroup instance "hsize_cg" as the name of the covergroup instance is not specified explicitly: ./Covergroups/coverage_module.sv, 233.
xmsim: *W,CGDEFN: Default name "tb_top.ahb_cov.addr_align_cg" will be generated for covergroup instance "addr_align_cg" as the name of the covergroup instance is not specified explicitly: ./Covergroups/coverage_module.sv, 234.
xmsim: *W,CGDEFN: Default name "tb_top.ahb_cov.cross1_cg" will be generated for covergroup instance "cross1_cg" as the name of the covergroup instance is not specified explicitly: ./Covergroups/coverage_module.sv, 236.
xmsim: *W,CGDEFN: Default name "tb_top.ahb_cov.cross2_cg" will be generated for covergroup instance "cross2_cg" as the name of the covergroup instance is not specified explicitly: ./Covergroups/coverage_module.sv, 237.
xmsim: *W,CGDEFN: Default name "tb_top.ahb_cov.cross3_cg" will be generated for covergroup instance "cross3_cg" as the name of the covergroup instance is not specified explicitly: ./Covergroups/coverage_module.sv, 238.
xmsim: *W,CGDEFN: Default name "tb_top.ahb_cov.cross4_cg" will be generated for covergroup instance "cross4_cg" as the name of the covergroup instance is not specified explicitly: ./Covergroups/coverage_module.sv, 239.
xmsim: *W,CGDEFN: Default name "tb_top.ahb_cov.cross5_cg" will be generated for covergroup instance "cross5_cg" as the name of the covergroup instance is not specified explicitly: ./Covergroups/coverage_module.sv, 240.

coverage setup:
  workdir  :  cov_work
  dutinst  :  tb_top(tb_top)
  scope    :  scope
  testname :  test_1

coverage files:
  model(design data) :  cov_work/scope/icc_5ebcf7a0_6da19724.ucm
  data               :  cov_work/scope/test_1/icc_5ebcf7a0_6da19724.ucd
TOOL:	xrun	23.09-s013: Exiting on May 06, 2026 at 00:15:27 PKT  (total: 00:00:04)
