# ----------------------------------------
# Jasper Version Info
# tool      : Jasper 2025.06
# platform  : Linux 3.10.0-1160.119.1.el7.x86_64
# version   : 2025.06p002 64 bits
# build date: 2025.08.26 14:59:20 UTC
# ----------------------------------------
# started   : 2026-05-02 21:51:08 PKT
# hostname  : pc9.(none)
# pid       : 27470
# arguments : '-style' 'windows' '-label' 'session_0' '-console' '//127.0.0.1:44146' '-data' 'AAAAjHicY2RgYLCp////PwMYMD6A0Aw2jAyoAMRnQhUJbEChGRhYUZVrMRQzJDMUMWQyFDCUANn6DGlAVhlDPJCdChQpBfL0gHQyQw5YDwDf9w8z' '-bridge_url' '10.103.77.38:38053' '-proj' '/home/Abid.Hussain/verification/3.AHB-Lite-project/jgproject/sessionLogs/session_0' '-init' '-hidden' '/home/Abid.Hussain/verification/3.AHB-Lite-project/jgproject/.tmp/.initCmds.tcl' 'scripts/fpv_setup.tcl'

Any disclosure about the Cadence Design Systems software or its use
model to any third party violates the written Non-Disclosure Agreement
between Cadence Design Systems, Inc. and the customer.

THIS SOFTWARE CONTAINS CONFIDENTIAL INFORMATION AND TRADE SECRETS OF
CADENCE DESIGN SYSTEMS, INC. USE, DISCLOSURE, OR REPRODUCTION IS
PROHIBITED WITHOUT THE PRIOR EXPRESS WRITTEN PERMISSION OF CADENCE
DESIGN SYSTEMS, INC.

Copyright (C) 2000-2025 Cadence Design Systems, Inc. All Rights
Reserved.  Unpublished -- rights reserved under the copyright laws of
the United States.

This product includes software developed by others and redistributed
according to license agreement. See doc/third_party_readme.txt for
further details.

RESTRICTED RIGHTS LEGEND

Use, duplication, or disclosure by the Government is subject to
restrictions as set forth in subparagraph (c) (1) (ii) of the Rights in
Technical Data and Computer Software clause at DFARS 252.227-7013 or
subparagraphs (c) (1) and (2) of Commercial Computer Software -- Restricted
Rights at 48 CFR 52.227-19, as applicable.


                          Cadence Design Systems, Inc.
                          2655 Seely Avenue
                          San Jose, CA 95134
                          Phone: 408.943.1234

For technical assistance visit http://support.cadence.com.

Jasper Apps Analysis Session - /home/Abid.Hussain/verification/3.AHB-Lite-project/jgproject/sessionLogs/session_0

WARNING (WG017): [session]: The system's locale is "ANSI_X3.4-1968", which is not UTF-8. Non-ASCII characters might not be handled correctly.
WARNING (WG017): [jg_console]: The system's locale is "ANSI_X3.4-1968", which is not UTF-8. Non-ASCII characters might not be handled correctly.
INFO: successfully checked out licenses "jasper_pint" and "jasper_papp".
INFO: reading configuration file "/home/Abid.Hussain/.config/cadence/jasper.conf".
% # =========================================================
% # AHB-Lite SRAM Formal Verification Setup
% # Role B - EE5214
% # =========================================================
% 
% clear -all
INFO (IPF121): Cleared environment completely for new design analysis.
% 
% set ROOT [pwd]
/home/Abid.Hussain/verification/3.AHB-Lite-project
% 
% set top ahb3liten
ahb3liten
% 
% # -----------------------------
% # STEP 1: PACKAGE FIRST (VERY IMPORTANT)
% # -----------------------------
% analyze -sv09 $ROOT/packages/ahb3lite_pkg.sv
[-- (VERI-1482)] Analyzing Verilog file '/mnt/cadence_tools/installs/JASPER25/lib/verilog/packages/std/std.sv' into library 'std'
[-- (VERI-1482)] Analyzing Verilog file '/home/Abid.Hussain/verification/3.AHB-Lite-project/packages/ahb3lite_pkg.sv'
% 
% # -----------------------------
% # STEP 2: RTL
% # -----------------------------
% analyze -sv09 $ROOT/rtl/mem.sv
[-- (VERI-1482)] Analyzing Verilog file '/home/Abid.Hussain/verification/3.AHB-Lite-project/rtl/mem.sv'
% analyze -sv09 $ROOT/rtl/design.sv
[-- (VERI-1482)] Analyzing Verilog file '/home/Abid.Hussain/verification/3.AHB-Lite-project/rtl/design.sv'
% 
% # -----------------------------
% # STEP 3: SVA
% # -----------------------------
% analyze -sv09 $ROOT/sva/ahb_checker.sv
[-- (VERI-1482)] Analyzing Verilog file '/home/Abid.Hussain/verification/3.AHB-Lite-project/sva/ahb_checker.sv'
% analyze -sv09 $ROOT/sva/ahb_assumptions.sv
[-- (VERI-1482)] Analyzing Verilog file '/home/Abid.Hussain/verification/3.AHB-Lite-project/sva/ahb_assumptions.sv'
% #analyze -sv09 $ROOT/sva/ahb_cover.sv
% 
% # -----------------------------
% # STEP 4: BIND
% # -----------------------------
% analyze -sv09 $ROOT/bind/bind_ahb.sv
[-- (VERI-1482)] Analyzing Verilog file '/home/Abid.Hussain/verification/3.AHB-Lite-project/bind/bind_ahb.sv'
% 
% # -----------------------------
% # ELABORATE
% # -----------------------------
% elaborate -top $top -create_related_covers {precondition witness}
INFO (ISW003): Top module name is "ahb3liten".
[INFO (HIER-8002)] /home/Abid.Hussain/verification/3.AHB-Lite-project/rtl/design.sv(297): Disabling old hierarchical reference handler
[WARN (VERI-1927)] /home/Abid.Hussain/verification/3.AHB-Lite-project/bind/bind_ahb.sv(30): port 'HWRITE' remains unconnected for this instance
[INFO (VERI-1018)] /home/Abid.Hussain/verification/3.AHB-Lite-project/rtl/mem.sv(1): compiling module 'mem:(ABITS=8)'
[INFO (VERI-2571)] /home/Abid.Hussain/verification/3.AHB-Lite-project/rtl/mem.sv(25): extracting RAM for identifier 'mem_array'
[WARN (VERI-9033)] /home/Abid.Hussain/verification/3.AHB-Lite-project/rtl/mem.sv(25): array mem_array (size 8192) automatically BLACK-BOXED. Use the "elaborate -bbox_a" command to prevent automatic black-boxing.
[INFO (VERI-1018)] /home/Abid.Hussain/verification/3.AHB-Lite-project/sva/ahb_assumptions.sv(7): compiling module 'ahb_assumptions'
[WARN (VERI-1796)] /home/Abid.Hussain/verification/3.AHB-Lite-project/sva/ahb_assumptions.sv(65): system function call isunknown with non-constant argument is not supported for synthesis
[WARN (VERI-1796)] /home/Abid.Hussain/verification/3.AHB-Lite-project/sva/ahb_assumptions.sv(74): system function call isunknown with non-constant argument is not supported for synthesis
[WARN (VERI-1796)] /home/Abid.Hussain/verification/3.AHB-Lite-project/sva/ahb_assumptions.sv(83): system function call isunknown with non-constant argument is not supported for synthesis
[WARN (VERI-1796)] /home/Abid.Hussain/verification/3.AHB-Lite-project/sva/ahb_assumptions.sv(92): system function call isunknown with non-constant argument is not supported for synthesis
[INFO (VERI-1018)] /home/Abid.Hussain/verification/3.AHB-Lite-project/rtl/design.sv(1): compiling module 'ahb3liten'
[WARN (VERI-1209)] /home/Abid.Hussain/verification/3.AHB-Lite-project/rtl/design.sv(113): expression size 16 truncated to fit in target size 7
[WARN (VERI-1959)] /home/Abid.Hussain/verification/3.AHB-Lite-project/rtl/design.sv(155): left shift count >= width of value
[WARN (VERI-1959)] /home/Abid.Hussain/verification/3.AHB-Lite-project/rtl/design.sv(156): left shift count >= width of value
[WARN (VERI-1959)] /home/Abid.Hussain/verification/3.AHB-Lite-project/rtl/design.sv(157): left shift count >= width of value
[WARN (VERI-1209)] /home/Abid.Hussain/verification/3.AHB-Lite-project/rtl/design.sv(126): expression size 32 truncated to fit in target size 16
[WARN (VERI-1209)] /home/Abid.Hussain/verification/3.AHB-Lite-project/rtl/design.sv(127): expression size 32 truncated to fit in target size 16
[WARN (VERI-1209)] /home/Abid.Hussain/verification/3.AHB-Lite-project/rtl/design.sv(128): expression size 32 truncated to fit in target size 16
[WARN (VERI-1209)] /home/Abid.Hussain/verification/3.AHB-Lite-project/rtl/design.sv(129): expression size 32 truncated to fit in target size 16
[WARN (VERI-1209)] /home/Abid.Hussain/verification/3.AHB-Lite-project/rtl/design.sv(130): expression size 32 truncated to fit in target size 16
[WARN (VERI-1209)] /home/Abid.Hussain/verification/3.AHB-Lite-project/rtl/design.sv(131): expression size 32 truncated to fit in target size 16
[WARN (VERI-1209)] /home/Abid.Hussain/verification/3.AHB-Lite-project/rtl/design.sv(132): expression size 32 truncated to fit in target size 16
[WARN (VERI-1209)] /home/Abid.Hussain/verification/3.AHB-Lite-project/rtl/design.sv(133): expression size 32 truncated to fit in target size 16
[WARN (VERI-8028)] /home/Abid.Hussain/verification/3.AHB-Lite-project/bind/bind_ahb.sv(21): missing/open ports on instance u_assumptions of module ahb_assumptions
[WARN (VDB-1013)] /home/Abid.Hussain/verification/3.AHB-Lite-project/bind/bind_ahb.sv(30): input port 'HWRITE' is not connected on this instance
INFO (INL208): Elaboration synthesis summary:
  Number of synthesized netlists          4 (1 packages)
  Single run mode                         On
  Pipeline                                On (3 pipelined netlists)
  Late hierarchical reference connection  On
  Number of analyzed Verilog modules      6 (4 synthesized)
  Number of analyzed VHDL entities        0 (0 synthesized)
  Advanced Incremental run mode           Off
WARNING (WOBS004): /home/Abid.Hussain/verification/3.AHB-Lite-project/sva/ahb_assumptions.sv(381): Non-sequence cover property can have non-LRM-compliant semantics. For LRM semantics, use the "elaborate" flag "-lrm_cover_property".
WARNING (WOBS004): /home/Abid.Hussain/verification/3.AHB-Lite-project/sva/ahb_assumptions.sv(390): Non-sequence cover property can have non-LRM-compliant semantics. For LRM semantics, use the "elaborate" flag "-lrm_cover_property".
INFO (INL003): Clearing all state information (assumes, stopats, and so forth).
ahb3liten
[<embedded>] % 
[<embedded>] % # -----------------------------
[<embedded>] % # CLOCK / RESET
[<embedded>] % # -----------------------------
[<embedded>] % clock HCLK
[<embedded>] % reset !HRESETn
INFO (IPM031): Clearing proof results of all properties.
INFO (IRS006): Current reset condition is "HRESETn".
[<embedded>] % 
[<embedded>] % # -----------------------------
[<embedded>] % # PROVE
[<embedded>] % # -----------------------------
[<embedded>] % prove -all
Bcustom1: Custom engine code is hT3Nm7hPr1Vp3Di1Ra2USNIGL4JypRnLKLAdF6JAyuavO2JfGCiY9OZJhcAcOUnLx5xwNdhILGrAWX9s+z2WDkKwNR7tAfClBEjRFVQeq6DU54boFgEA
Mpcustom2: Custom engine code is hT3NZbhP9fmY2AbBQnsjfOxn6c+6e6yL+/e8fZFmaQrnlgEA
Ncustom3: Custom engine code is hT3Ng7hPPfiYQOTDZ3qhYOwGAM51eA+J/FjkM5shLioAsqhgLR4Ft+O1BuKG6ilQ83B9tLXSl+CwjiTMAQA
AMcustom4: Custom engine code is hT3Ng7hP/feYQOTDZ3qhYOwGAM51eA+J/FjkM5shLioAsqhgLR4Ft+O1BuKG6ilQ83B9tLXSmmqwm7g9AQA
INFO (IPF036): Starting proof on task: "<embedded>", 81 properties to prove with 0 already proven/unreachable
INFO (IRS029): Starting reset analysis: phase 1 of 4.
INFO (IRS030): Running reset analysis: phase 2 of 4.
INFO (IRS031): Running reset analysis: phase 3 of 4.
INFO (IRS020): Starting the reset analysis simulation with a limit of 100 iterations (phase 4 of 4).
INFO (ISIM006): Running simulation: {mode = single, probe = all}.
INFO (IRS024): Reset iterations 0 to 4 analyzed.
INFO (ISIM008): Simulation is processing trace data. Total number of nets in analysis 2249.
INFO (IRS018): Reset analysis simulation executed for 3 iterations. Assigned values for 2 of 113 design flops, 0 of 0 design latches, 197 of 363 internal elements.
INFO (IRS039): Reset analysis complete.
INFO (IPF031): Settings used for proof thread 2:
    orchestration                      = on
    time_limit                         = 86400s
    per_property_time_limit            = 1s * 10 ^ scan
    engine_mode                        = auto
    proofgrid_per_engine_max_jobs      = 1
    max engine jobs                    = auto
    proofgrid_mode                     = local
    proofgrid_restarts                 = 10
2.0.PRE: A proof was found: No trace exists. [0.00 s]
INFO (IPF051): 2.0.PRE: The cover property "ahb3liten.u_assumptions.assume_reset_htrans:witness1" was proven unreachable in 0.00 s.
2.0.PRE: A proof was found: No trace exists. [0.00 s]
INFO (IPF051): 2.0.PRE: The cover property "ahb3liten.u_assumptions.assume_reset_htrans:precondition1" was proven unreachable in 0.00 s.
2: Found proofs for 2 properties in preprocessing
2: Using multistage preprocessing
2: Starting reduce
2: Finished reduce in 0s
AMcustom5: Custom engine code is hT3N1rhP11/52HrFRS21ROp2LOjVTgPvT8L8BGXHgLhaIuqtT4nARFjUqrBL+7pLmaTOzBepZW/Jm8SSrHDybSQtoNiO3y43wk+dEoWlsZizu97Fih6O6lPVG/LpWP5SsUPwlGagLNa1FKEFvwVXyX7//8prySbvSxIHXr5er+z4RAEA
2.0.PRE: Performing Proof Simplification...
Ncustom6: Custom engine code is hT3OXrhPByJp3TrFSTLhUmMH4KVtJgmTCnNDF46yMXOKY48m4LS5nE7yBzFjA7kDuwO/GhGUpEPiky3p3wmPn3dJZHxFMsafSoObRzSC+tn7sEY0WbTdZ/FV4hL3MYH/b1CIUvXSWR4wqEoVLsmMOD4xIPT4lI1LO6ZCO7PnnWQuLwetnvKlrXx6wCW/A+x+enqslg1YPobi4wEF/EvbzOvcTYdJvl2s4H2yZg2b2ofAVN5WvhWk1HoBAA
ADcustom7: Custom engine code is hT3Nv7hPv1752HrFRa2kROx2f/ECJeZB2AZsLdlO8VwmIuqtT4nIDFXclhg+O+o+DMmQCekbheGk0kK28laA9gaOFDXsQp29J3X615HY1IPHJWd6FUFvCHjO+p1k652b5JJvZlShNpGlGSXAiQe/mEAj6tEBAA
Tricustom8: Custom engine code is hT3Nu7hPt1752DvFRa0kNDiyIV97VyejwM9C/jCLJjdPvusZONHY42VYUy0Q1ZotnhcVtNc56tJ5wbxv6V2+XpdsaSlHck5vfnbYjdwj1OECy9U+7oSQ0SZE3g5ayD+Phuh4odCJTjeKa2k4elM9ldQfkAEA
2.0.Hp: clocks: 1, declared: 1, looping: 0, posedge: 1, negedge: 0, noedge: 0, bothedge: 0
Gcustom9: Custom engine code is hT3NibhPDfeYQADBZnYcglOvK9Pfd7EOeniIqP8jNsyIqInncipMGcUXqAadachREE9F2PwhBUZUNw5kHnd4JdXkamORRgEA
C2custom10: Custom engine code is hT3NirhPjfWYQADBZnYcglOvK9Pfd7EOeniIqP8jNsyIqInncgkrYMMXCYbdK0dUjZIF9d4cJ0rHoBDjwVLBKuG86XYVV00BAA
AGcustom11: Custom engine code is hT3NirhP/fmYQADBZnYcglOvK9Pfd7EOeniIqP8jNsyIqInnckcwYMMXCYbdK0dUjZIF9d4cJ0rHoBDjwVLBKuHEZnZByh0BAA
Bcustom12: Custom engine code is hT3NjrhPDfiYQADBZnYcglOvK9PfWxFtenjIyBqfrgr7if/jL/yPOuK1BAflEcW0DxNH2eDIoezN2gxlQFg81RZtiWXh7aiTAidvAQA
Ncustom13: Custom engine code is hT3NR7hPByFp3TrFSTLhUmMH4KWtJglTyV/c51BHEeZWamnJv767nE6PCak26bd3gf3XGN3rIRheufhDieCJQVISo+gNYUKhiUedBKGtsP/a18svAnlMJZudHxDFwK5ufsyoxsIyiAeSY2oi3tEuoDHr5gw42DFKAG3PqO3CEsl8Azzdt3pl5nGA1Ifv2H02eYsFzWb/nfp8PMb3F0krE/EgBcm8TD9Div8BAA
Tricustom14: Custom engine code is hT3Nu7hP3fiYQADBZnYcglNHp9bfd7EOeniIqP/ji8sGLQu8yhsFO+wxJ+O+R0bU8g/IewXFomyos+viQnWc2xYNYmMqpo3i40O7DaZR7qfp4YqNx26KRvQ/qx0BAA
2.0.Hp: Proof Simplification Iteration 1	[0.00 s]
2.0.Hp: A max_length bound was found. The shortest trace is no longer than 1 cycles. [0.00 s]
INFO (IPF008): 2.0.Hp: A max_length bound of 1 was found for the property "ahb3liten.u_assumptions.assume_valid_htrans:witness1" in 0.00 s.
2.0.Hp: A max_length bound was found. The shortest trace is no longer than 1 cycles. [0.00 s]
INFO (IPF008): 2.0.Hp: A max_length bound of 1 was found for the property "ahb3liten.u_assumptions.assume_valid_hburst:witness1" in 0.00 s.
2.0.Hp: A max_length bound was found. The shortest trace is no longer than 1 cycles. [0.00 s]
INFO (IPF008): 2.0.Hp: A max_length bound of 1 was found for the property "ahb3liten.u_assumptions.assume_valid_hsize:witness1" in 0.00 s.
2.0.Hp: A max_length bound was found. The shortest trace is no longer than 1 cycles. [0.00 s]
INFO (IPF008): 2.0.Hp: A max_length bound of 1 was found for the property "ahb3liten.u_assumptions.assume_valid_hwrite:witness1" in 0.00 s.
2.0.Hp: A max_length bound was found. The shortest trace is no longer than 1 cycles. [0.00 s]
INFO (IPF008): 2.0.Hp: A max_length bound of 1 was found for the property "ahb3liten.u_assumptions.assume_valid_hsel:witness1" in 0.00 s.
2.0.Hp: A max_length bound was found. The shortest trace is no longer than 1 cycles. [0.00 s]
INFO (IPF008): 2.0.Hp: A max_length bound of 1 was found for the property "ahb3liten.u_assumptions.assume_valid_hready:witness1" in 0.00 s.
2.0.Hp: Proof Simplification Iteration 2	[0.00 s]
2.0.Hp: Proof Simplification Iteration 3	[0.00 s]
2.0.PRE: Proof Simplification completed in 0.00 s
2.0.Hp: Identified and disabled 25 duplicated targets.
2: About to start ProofGrid in its own thread with a limit of 10000 pending notifications and a limit of 10 traces.
2: ============================= ProofGrid (v3) start =============================
2: ProofGrid usable level: 54
2: Initial ProofGrid level: 1
2: ProofGrid is starting event handling
2: Computed task hash in 0.00ss
2.0.Hp: pc9: Support for "CentOS Linux release 7.9.2009 (Core)" will be removed with the 2025.09 release.
2.0.Ht: pc9: Support for "CentOS Linux release 7.9.2009 (Core)" will be removed with the 2025.09 release.
2: ProofGrid usable level: 54
2.0.Hp: Proofgrid shell started at 27571@pc9(local) jg_27470_pc9_1
2: ProofGrid usable level: 54
2: ProofGrid usable level: 54
2: ProofGrid usable level: 54
2.0.Hp: clocks: 1, declared: 1, looping: 0, posedge: 1, negedge: 0, noedge: 0, bothedge: 0
2: ProofGrid usable level: 54
2.0.Hp: Trace Attempt  1	[0.00 s]
2.0.Hp: A trace with 1 cycles was found. [0.00 s]
INFO (IPF047): 2.0.Hp: The cover property "ahb3liten.u_assumptions.assume_valid_htrans:witness1" was covered in 1 cycles in 0.03 s.
INFO (IPF047): 2.0.Hp: The cover property "ahb3liten.u_assumptions.assume_valid_haddr:witness1" was covered in 1 cycles in 0.03 s.
INFO (IPF047): 2.0.Hp: The cover property "ahb3liten.u_assumptions.assume_align_word:witness1" was covered in 1 cycles in 0.03 s.
INFO (IPF047): 2.0.Hp: The cover property "ahb3liten.u_assumptions.assume_align_word:precondition1" was covered in 1 cycles in 0.03 s.
INFO (IPF047): 2.0.Hp: The cover property "ahb3liten.u_assumptions.assume_1kb_boundary:witness1" was covered in 1 cycles in 0.03 s.
INFO (IPF047): 2.0.Hp: The cover property "ahb3liten.u_assumptions.assume_1kb_boundary:precondition1" was covered in 1 cycles in 0.03 s.
INFO (IPF047): 2.0.Hp: The cover property "ahb3liten.u_assumptions.assume_no_seq_after_idle:witness1" was covered in 1 cycles in 0.03 s.
INFO (IPF047): 2.0.Hp: The cover property "ahb3liten.u_assumptions.assume_no_seq_after_idle:precondition1" was covered in 1 cycles in 0.03 s.
INFO (IPF047): 2.0.Hp: The cover property "ahb3liten.u_assumptions.assume_const_hsize_burst:witness1" was covered in 1 cycles in 0.03 s.
INFO (IPF047): 2.0.Hp: The cover property "ahb3liten.u_assumptions.assume_const_hburst_burst:witness1" was covered in 1 cycles in 0.03 s.
INFO (IPF047): 2.0.Hp: The cover property "ahb3liten.u_assumptions.assume_wrap16_word_bound:witness1" was covered in 1 cycles in 0.03 s.
INFO (IPF047): 2.0.Hp: The cover property "ahb3liten.u_assumptions.assume_wrap16_word_bound:precondition1" was covered in 1 cycles in 0.03 s.
INFO (IPF047): 2.0.Hp: The cover property "ahb3liten.u_assumptions.assume_addr_align:witness1" was covered in 1 cycles in 0.03 s.
INFO (IPF047): 2.0.Hp: The cover property "ahb3liten.u_assumptions.assume_seq_rule:witness1" was covered in 1 cycles in 0.03 s.
INFO (IPF047): 2.0.Hp: The cover property "ahb3liten.u_assumptions.assume_valid_hburst:witness1" was covered in 1 cycles in 0.03 s.
INFO (IPF047): 2.0.Hp: The cover property "ahb3liten.u_assumptions.assume_valid_hsize:witness1" was covered in 1 cycles in 0.03 s.
INFO (IPF047): 2.0.Hp: The cover property "ahb3liten.u_assumptions.assume_valid_hwrite:witness1" was covered in 1 cycles in 0.03 s.
INFO (IPF047): 2.0.Hp: The cover property "ahb3liten.u_assumptions.assume_valid_hsel:witness1" was covered in 1 cycles in 0.03 s.
INFO (IPF047): 2.0.Hp: The cover property "ahb3liten.u_assumptions.assume_valid_hready:witness1" was covered in 1 cycles in 0.03 s.
INFO (IPF047): 2.0.Hp: The cover property "ahb3liten.u_assumptions.assume_valid_haddr:precondition1" was covered in 1 cycles in 0.03 s.
INFO (IPF047): 2.0.Hp: The cover property "ahb3liten.u_assumptions.assume_addr_align:precondition1" was covered in 1 cycles in 0.03 s.
INFO (IPF047): 2.0.Hp: The cover property "ahb3liten.u_assumptions.assume_const_hsize_burst:precondition1" was covered in 1 cycles in 0.03 s.
INFO (IPF047): 2.0.Hp: The cover property "ahb3liten.u_assumptions.assume_const_hwrite_burst:witness1" was covered in 1 cycles in 0.03 s.
INFO (IPF047): 2.0.Hp: The cover property "ahb3liten.u_assumptions.assume_const_hwrite_burst:precondition1" was covered in 1 cycles in 0.03 s.
INFO (IPF047): 2.0.Hp: The cover property "ahb3liten.u_assumptions.assume_const_hburst_burst:precondition1" was covered in 1 cycles in 0.03 s.
INFO (IPF047): 2.0.Hp: The cover property "ahb3liten.u_assumptions.assume_valid_seq_pred:witness1" was covered in 1 cycles in 0.03 s.
INFO (IPF047): 2.0.Hp: The cover property "ahb3liten.u_assumptions.assume_valid_seq_pred:precondition1" was covered in 1 cycles in 0.03 s.
INFO (IPF047): 2.0.Hp: The cover property "ahb3liten.u_assumptions.assume_seq_rule:precondition1" was covered in 1 cycles in 0.03 s.
INFO (IPF047): 2.0.Hp: The cover property "ahb3liten.u_assumptions.cover_addr_align" was covered in 1 cycles in 0.03 s.
INFO (IPF047): 2.0.Hp: The cover property "ahb3liten.u_assumptions.cover_seq_rule" was covered in 1 cycles in 0.03 s.
2.0.Hp: A trace with 1 cycles was found. [0.00 s]
INFO (IPF047): 2.0.Hp: The cover property "ahb3liten.u_assumptions.assume_align_halfword:witness1" was covered in 1 cycles in 0.03 s.
INFO (IPF047): 2.0.Hp: The cover property "ahb3liten.u_assumptions.assume_burst_len_incr16:precondition1" was covered in 1 cycles in 0.03 s.
INFO (IPF047): 2.0.Hp: The cover property "ahb3liten.u_assumptions.assume_align_halfword:precondition1" was covered in 1 cycles in 0.03 s.
2.0.Hp: A trace with 1 cycles was found. [0.00 s]
INFO (IPF047): 2.0.Hp: The cover property "ahb3liten.u_assumptions.assume_stable_haddr_wait:witness1" was covered in 1 cycles in 0.03 s.
INFO (IPF047): 2.0.Hp: The cover property "ahb3liten.u_assumptions.assume_stable_haddr_wait:precondition1" was covered in 1 cycles in 0.03 s.
INFO (IPF047): 2.0.Hp: The cover property "ahb3liten.u_assumptions.assume_stable_htrans_wait:witness1" was covered in 1 cycles in 0.03 s.
INFO (IPF047): 2.0.Hp: The cover property "ahb3liten.u_assumptions.assume_stable_hsize_wait:witness1" was covered in 1 cycles in 0.03 s.
INFO (IPF047): 2.0.Hp: The cover property "ahb3liten.u_assumptions.assume_stable_hburst_wait:witness1" was covered in 1 cycles in 0.03 s.
INFO (IPF047): 2.0.Hp: The cover property "ahb3liten.u_assumptions.assume_stable_hwrite_wait:witness1" was covered in 1 cycles in 0.03 s.
INFO (IPF047): 2.0.Hp: The cover property "ahb3liten.u_assumptions.assume_stable_hsel_wait:witness1" was covered in 1 cycles in 0.03 s.
INFO (IPF047): 2.0.Hp: The cover property "ahb3liten.u_assumptions.assume_stable_wait:witness1" was covered in 1 cycles in 0.03 s.
INFO (IPF047): 2.0.Hp: The cover property "ahb3liten.u_assumptions.cover_wait_state" was covered in 1 cycles in 0.03 s.
INFO (IPF047): 2.0.Hp: The cover property "ahb3liten.u_assumptions.assume_stable_htrans_wait:precondition1" was covered in 1 cycles in 0.03 s.
INFO (IPF047): 2.0.Hp: The cover property "ahb3liten.u_assumptions.assume_stable_hsize_wait:precondition1" was covered in 1 cycles in 0.03 s.
INFO (IPF047): 2.0.Hp: The cover property "ahb3liten.u_assumptions.assume_stable_hburst_wait:precondition1" was covered in 1 cycles in 0.03 s.
INFO (IPF047): 2.0.Hp: The cover property "ahb3liten.u_assumptions.assume_stable_hwrite_wait:precondition1" was covered in 1 cycles in 0.03 s.
INFO (IPF047): 2.0.Hp: The cover property "ahb3liten.u_assumptions.assume_stable_hsel_wait:precondition1" was covered in 1 cycles in 0.03 s.
INFO (IPF047): 2.0.Hp: The cover property "ahb3liten.u_assumptions.assume_stable_wait:precondition1" was covered in 1 cycles in 0.03 s.
2.0.Hp: A trace with 1 cycles was found. [0.00 s]
INFO (IPF047): 2.0.Hp: The cover property "ahb3liten.u_assumptions.assume_valid_busy_pred:witness1" was covered in 1 cycles in 0.03 s.
INFO (IPF047): 2.0.Hp: The cover property "ahb3liten.u_assumptions.assume_valid_busy_pred:precondition1" was covered in 1 cycles in 0.03 s.
INFO (IPF047): 2.0.Hp: The cover property "ahb3liten.u_assumptions.assume_busy_addr_stable:witness1" was covered in 1 cycles in 0.03 s.
INFO (IPF047): 2.0.Hp: The cover property "ahb3liten.u_assumptions.assume_busy_addr_stable:precondition1" was covered in 1 cycles in 0.03 s.
2.0.Hp: A trace with 1 cycles was found. [0.00 s]
INFO (IPF047): 2.0.Hp: The cover property "ahb3liten.u_assumptions.assume_single_no_seq:witness1" was covered in 1 cycles in 0.04 s.
INFO (IPF047): 2.0.Hp: The cover property "ahb3liten.u_assumptions.assume_single_no_seq:precondition1" was covered in 1 cycles in 0.04 s.
INFO (IPF047): 2.0.Hp: The cover property "ahb3liten.u_assumptions.assume_single_no_busy:witness1" was covered in 1 cycles in 0.04 s.
INFO (IPF047): 2.0.Hp: The cover property "ahb3liten.u_assumptions.assume_single_no_busy:precondition1" was covered in 1 cycles in 0.04 s.
2: ProofGrid is temporarily paused because there are too many pending traces.
2: ProofGrid is resuming to work after pausing for 0.04s. The amount of pending traces decreased.
2.0.Hp: A trace with 1 cycles was found. [0.00 s]
INFO (IPF047): 2.0.Hp: The cover property "ahb3liten.u_assumptions.assume_burst_len_incr4:precondition1" was covered in 1 cycles in 0.04 s.
INFO (IPF047): 2.0.Hp: The cover property "ahb3liten.u_assumptions.assume_burst_len_4:precondition1" was covered in 1 cycles in 0.04 s.
2.0.Hp: A trace with 1 cycles was found. [0.00 s]
INFO (IPF047): 2.0.Hp: The cover property "ahb3liten.u_assumptions.assume_burst_len_wrap4:precondition1" was covered in 1 cycles in 0.04 s.
2.0.Hp: A trace with 1 cycles was found. [0.00 s]
INFO (IPF047): 2.0.Hp: The cover property "ahb3liten.u_assumptions.assume_burst_len_incr8:precondition1" was covered in 1 cycles in 0.04 s.
2.0.Hp: A trace with 1 cycles was found. [0.00 s]
INFO (IPF047): 2.0.Hp: The cover property "ahb3liten.u_assumptions.assume_burst_len_wrap8:precondition1" was covered in 1 cycles in 0.04 s.
2.0.Hp: A trace with 1 cycles was found. [0.00 s]
INFO (IPF047): 2.0.Hp: The cover property "ahb3liten.u_assumptions.assume_burst_len_wrap16:precondition1" was covered in 1 cycles in 0.04 s.
2: ProofGrid is temporarily paused because there are too many pending traces.
2: ProofGrid is resuming to work after pausing for 0.01s. The amount of pending traces decreased.
2.0.Hp: A trace with 1 cycles was found. [0.00 s]
INFO (IPF047): 2.0.Hp: The cover property "ahb3liten.u_assumptions.assume_incr_addr_math:witness1" was covered in 1 cycles in 0.06 s.
INFO (IPF047): 2.0.Hp: The cover property "ahb3liten.u_assumptions.assume_incr_addr_math:precondition1" was covered in 1 cycles in 0.06 s.
2.0.Hp: A trace with 1 cycles was found. [0.00 s]
INFO (IPF047): 2.0.Hp: The cover property "ahb3liten.u_assumptions.assume_wrap4_word_bound:witness1" was covered in 1 cycles in 0.06 s.
INFO (IPF047): 2.0.Hp: The cover property "ahb3liten.u_assumptions.assume_wrap4_word_bound:precondition1" was covered in 1 cycles in 0.06 s.
2.0.Hp: A trace with 1 cycles was found. [0.00 s]
INFO (IPF047): 2.0.Hp: The cover property "ahb3liten.u_assumptions.assume_wrap8_word_bound:witness1" was covered in 1 cycles in 0.06 s.
INFO (IPF047): 2.0.Hp: The cover property "ahb3liten.u_assumptions.assume_wrap8_word_bound:precondition1" was covered in 1 cycles in 0.06 s.
2.0.Hp: A trace with 1 cycles was found. [0.01 s]
INFO (IPF047): 2.0.Hp: The cover property "ahb3liten.u_assumptions.assume_wrap4_hw_bound:witness1" was covered in 1 cycles in 0.06 s.
INFO (IPF047): 2.0.Hp: The cover property "ahb3liten.u_assumptions.assume_wrap4_hw_bound:precondition1" was covered in 1 cycles in 0.06 s.
2.0.Hp: A trace with 1 cycles was found. [0.01 s]
INFO (IPF047): 2.0.Hp: The cover property "ahb3liten.u_assumptions.assume_no_busy_single:witness1" was covered in 1 cycles in 0.06 s.
INFO (IPF047): 2.0.Hp: The cover property "ahb3liten.u_assumptions.assume_no_busy_single:precondition1" was covered in 1 cycles in 0.06 s.
2.0.Hp: Trace Attempt  2	[0.01 s]
2.0.Hp: Trace Attempt  3	[0.01 s]
2.0.Ht: Proofgrid shell started at 27591@pc9(local) jg_27470_pc9_1
2.0.Bm: pc9: Support for "CentOS Linux release 7.9.2009 (Core)" will be removed with the 2025.09 release.
2.0.Bm: Proofgrid shell started at 27612@pc9(local) jg_27470_pc9_1
2.0.Mpcustom2: pc9: Support for "CentOS Linux release 7.9.2009 (Core)" will be removed with the 2025.09 release.
2.0.L: pc9: Support for "CentOS Linux release 7.9.2009 (Core)" will be removed with the 2025.09 release.
2.0.Hp: Trace Attempt  4	[0.02 s]
2: ProofGrid is temporarily paused because there are too many pending traces.
2: ProofGrid is resuming to work after pausing for 0.01s. The amount of pending traces decreased.
2.0.Hp: A trace with 4 cycles was found. [0.02 s]
INFO (IPF047): 2.0.Hp: The cover property "ahb3liten.u_assumptions.assume_burst_len_incr4:witness1" was covered in 4 cycles in 0.07 s.
2.0.Hp: A trace with 4 cycles was found. [0.02 s]
INFO (IPF047): 2.0.Hp: The cover property "ahb3liten.u_assumptions.assume_burst_len_wrap4:witness1" was covered in 4 cycles in 0.07 s.
INFO (IPF047): 2.0.Hp: The cover property "ahb3liten.u_assumptions.assume_burst_len_4:witness1" was covered in 4 cycles in 0.07 s.
2.0.Hp: Trace Attempt  5	[0.03 s]
2.0.AM: pc9: Support for "CentOS Linux release 7.9.2009 (Core)" will be removed with the 2025.09 release.
2.0.Bm: clocks: 1, declared: 1, looping: 0, posedge: 1, negedge: 0, noedge: 0, bothedge: 0
2.0.Bm: Trace Attempt  1	[0.01 s]
2.0.N: pc9: Support for "CentOS Linux release 7.9.2009 (Core)" will be removed with the 2025.09 release.
2.0.Ht: clocks: 1, declared: 1, looping: 0, posedge: 1, negedge: 0, noedge: 0, bothedge: 0
2.0.Ht: Trace Attempt  1	[0.01 s]
2.0.Ht: Trace Attempt  2	[0.01 s]
2.0.Ht: Trace Attempt  3	[0.01 s]
2.0.Ht: Trace Attempt  4	[0.01 s]
2.0.Ht: Trace Attempt  5	[0.01 s]
2.0.Mpcustom2: Proofgrid shell started at 27614@pc9(local) jg_27470_pc9_1
2.0.Bm: Trace Attempt  2	[0.02 s]
2.0.Bm: Trace Attempt  3	[0.02 s]
2.0.Ht: Trace Attempt  8	[0.02 s]
2.0.Ht: A trace with 8 cycles was found. [0.02 s]
INFO (IPF047): 2.0.Ht: The cover property "ahb3liten.u_assumptions.assume_burst_len_incr8:witness1" was covered in 8 cycles in 0.01 s.
2.0.Mpcustom2: clocks: 1, declared: 1, looping: 0, posedge: 1, negedge: 0, noedge: 0, bothedge: 0
2.0.Ht: A trace with 8 cycles was found. [0.02 s]
INFO (IPF047): 2.0.Ht: The cover property "ahb3liten.u_assumptions.assume_burst_len_wrap8:witness1" was covered in 8 cycles in 0.01 s.
2.0.Bm: Trace Attempt  4	[0.02 s]
2.0.Mpcustom2: Trace Attempt  1	[0.00 s]
2.0.Ht: Trace Attempt  9	[0.02 s]
2.0.Mpcustom2: Trace Attempt  2	[0.00 s]
2.0.Bm: Trace Attempt  5	[0.03 s]
2.0.B: pc9: Support for "CentOS Linux release 7.9.2009 (Core)" will be removed with the 2025.09 release.
2.0.L: Proofgrid shell started at 27616@pc9(local) jg_27470_pc9_1
2.0.Ht: Trace Attempt 16	[0.03 s]
2.0.Ht: A trace with 16 cycles was found. [0.03 s]
INFO (IPF047): 2.0.Ht: The cover property "ahb3liten.u_assumptions.assume_burst_len_incr16:witness1" was covered in 16 cycles in 0.02 s.
2.0.Mpcustom2: Trace Attempt  3	[0.01 s]
2.0.Ht: A trace with 16 cycles was found. [0.03 s]
INFO (IPF047): 2.0.Ht: The cover property "ahb3liten.u_assumptions.assume_burst_len_wrap16:witness1" was covered in 16 cycles in 0.02 s.
2.0.Ht: All properties determined. [0.03 s]
INFO (IPF144): 2: Initiating shutdown of proof [0.10 s]
2.0.Hp: Requesting engine job to terminate
2.0.Ht: Requesting engine job to terminate
2.0.Bm: Requesting engine job to terminate
2.0.Mpcustom2: Requesting engine job to terminate
2.0.Oh: Requesting engine job to terminate
2.0.L: Requesting engine job to terminate
2.0.N: Requesting engine job to terminate
2.0.B: Requesting engine job to terminate
2.0.AM: Requesting engine job to terminate
2.0.Mpcustom2: All properties determined. [0.01 s]
2.0.L: All properties determined. [0.00 s]
2.0.Bm: Trace Attempt  8	[0.03 s]
2.0.Bm: All properties determined. [0.00 s]
2.0.Hp: Interrupted (multi)
2.0.Hp: Trace Attempt  7	[0.08 s]
2.0.Hp: All properties determined. [0.00 s]
2.0.L: Exited with Success (@ 0.11 s)
2: ProofGrid usable level: 0
2.0.AM: Proofgrid shell started at 27654@pc9(local) jg_27470_pc9_1
2.0.AM: Preventing job from starting because proof is shutting down.
2.0.AM: Interrupted. [0.00 s]
2.0.Bm: Exited with Success (@ 0.11 s)
2.0.Mpcustom2: Exited with Success (@ 0.11 s)
2.0.AM: Exited with Success (@ 0.11 s)
2.0.Ht: Exited with Success (@ 0.11 s)
2.0.Oh: pc9: Support for "CentOS Linux release 7.9.2009 (Core)" will be removed with the 2025.09 release.
2.0.N: Proofgrid shell started at 27617@pc9(local) jg_27470_pc9_1
2.0.Hp: Exited with Success (@ 0.13 s)
2.0.N: Preventing job from starting because proof is shutting down.
2.0.N: Interrupted. [0.00 s]
2.0.B: Proofgrid shell started at 27652@pc9(local) jg_27470_pc9_1
2.0.B: Preventing job from starting because proof is shutting down.
2.0.B: Interrupted. [0.00 s]
2.0.N: Exited with Success (@ 0.13 s)
2.0.Oh: Proofgrid shell started at 27615@pc9(local) jg_27470_pc9_1
2.0.B: Exited with Success (@ 0.13 s)
2.0.Oh: Preventing job from starting because proof is shutting down.
2.0.Oh: Interrupted. [0.00 s]
2.0.Oh: Exited with Success (@ 0.14 s)
2: --------------------------------------------------------------
ProofGrid Summary (utilization 18.08 %)
--------------------------------------------------------------
     engines started                               :     9
     engine jobs started                           :     9

    Time in state (seconds)
    --------------------------------------------
               Pending     Running        Dead
    --------------------------------------------
    min           0.00        0.00        0.00
    mean          0.08        0.02        0.00
    median        0.09        0.00        0.00
    max           0.10        0.10        0.00
    sum           0.76        0.17        0.00

    Data read    : 27.62 kiB
    Data written : 4.29 kiB

INFO (IPF180): 2: ProofGrid utilization: 18.08% slot-seconds: 0.17
2: ProofGrid usable level: 0
2: All pending notifications were processed.
2: ProofGrid was paused 3 times for a total of 0.063 seconds
INFO (IPF059): 2: Completed proof on task: "<embedded>"

==============================================================
SUMMARY
==============================================================
           Properties Considered              : 81
                 assertions                   : 0
                  - proven                    : 0
                  - bounded_proven (user)     : 0
                  - bounded_proven (auto)     : 0
                  - marked_proven             : 0
                  - cex                       : 0
                  - ar_cex                    : 0
                  - undetermined              : 0
                  - unknown                   : 0
                  - error                     : 0
                 covers                       : 81
                  - unreachable               : 2 (2.46914%)
                  - bounded_unreachable (user): 0 (0%)
                  - covered                   : 79 (97.5309%)
                  - ar_covered                : 0 (0%)
                  - undetermined              : 0 (0%)
                  - unknown                   : 0 (0%)
                  - error                     : 0 (0%)
determined
[<embedded>] % include scripts/fpv_setup.tcl
%% # =========================================================
%% # AHB-Lite SRAM Formal Verification Setup
%% # Role B - EE5214
%% # =========================================================
%% 
%% clear -all
INFO (IPF121): Cleared environment completely for new design analysis.
%% 
%% set ROOT [pwd]
/home/Abid.Hussain/verification/3.AHB-Lite-project
%% 
%% set top ahb3liten
ahb3liten
%% 
%% # -----------------------------
%% # STEP 1: PACKAGE FIRST (VERY IMPORTANT)
%% # -----------------------------
%% analyze -sv09 $ROOT/packages/ahb3lite_pkg.sv
[-- (VERI-1482)] Analyzing Verilog file '/mnt/cadence_tools/installs/JASPER25/lib/verilog/packages/std/std.sv' into library 'std'
[-- (VERI-1482)] Analyzing Verilog file '/home/Abid.Hussain/verification/3.AHB-Lite-project/packages/ahb3lite_pkg.sv'
%% 
%% # -----------------------------
%% # STEP 2: RTL
%% # -----------------------------
%% analyze -sv09 $ROOT/rtl/mem.sv
[-- (VERI-1482)] Analyzing Verilog file '/home/Abid.Hussain/verification/3.AHB-Lite-project/rtl/mem.sv'
%% analyze -sv09 $ROOT/rtl/design.sv
[-- (VERI-1482)] Analyzing Verilog file '/home/Abid.Hussain/verification/3.AHB-Lite-project/rtl/design.sv'
%% 
%% # -----------------------------
%% # STEP 3: SVA
%% # -----------------------------
%% analyze -sv09 $ROOT/sva/ahb_checker.sv
[-- (VERI-1482)] Analyzing Verilog file '/home/Abid.Hussain/verification/3.AHB-Lite-project/sva/ahb_checker.sv'
%% analyze -sv09 $ROOT/sva/ahb_assumptions.sv
[-- (VERI-1482)] Analyzing Verilog file '/home/Abid.Hussain/verification/3.AHB-Lite-project/sva/ahb_assumptions.sv'
%% #analyze -sv09 $ROOT/sva/ahb_cover.sv
%% 
%% # -----------------------------
%% # STEP 4: BIND
%% # -----------------------------
%% analyze -sv09 $ROOT/bind/bind_ahb.sv
[-- (VERI-1482)] Analyzing Verilog file '/home/Abid.Hussain/verification/3.AHB-Lite-project/bind/bind_ahb.sv'
%% 
%% # -----------------------------
%% # ELABORATE
%% # -----------------------------
%% elaborate -top $top -create_related_covers {precondition witness}
INFO (ISW003): Top module name is "ahb3liten".
[INFO (HIER-8002)] /home/Abid.Hussain/verification/3.AHB-Lite-project/rtl/design.sv(297): Disabling old hierarchical reference handler
[WARN (VERI-1927)] /home/Abid.Hussain/verification/3.AHB-Lite-project/bind/bind_ahb.sv(30): port 'HWRITE' remains unconnected for this instance
[INFO (VERI-1018)] /home/Abid.Hussain/verification/3.AHB-Lite-project/rtl/mem.sv(1): compiling module 'mem:(ABITS=8)'
[INFO (VERI-2571)] /home/Abid.Hussain/verification/3.AHB-Lite-project/rtl/mem.sv(25): extracting RAM for identifier 'mem_array'
[WARN (VERI-9033)] /home/Abid.Hussain/verification/3.AHB-Lite-project/rtl/mem.sv(25): array mem_array (size 8192) automatically BLACK-BOXED. Use the "elaborate -bbox_a" command to prevent automatic black-boxing.
[INFO (VERI-1018)] /home/Abid.Hussain/verification/3.AHB-Lite-project/sva/ahb_assumptions.sv(7): compiling module 'ahb_assumptions'
[WARN (VERI-1796)] /home/Abid.Hussain/verification/3.AHB-Lite-project/sva/ahb_assumptions.sv(65): system function call isunknown with non-constant argument is not supported for synthesis
[WARN (VERI-1796)] /home/Abid.Hussain/verification/3.AHB-Lite-project/sva/ahb_assumptions.sv(74): system function call isunknown with non-constant argument is not supported for synthesis
[WARN (VERI-1796)] /home/Abid.Hussain/verification/3.AHB-Lite-project/sva/ahb_assumptions.sv(83): system function call isunknown with non-constant argument is not supported for synthesis
[WARN (VERI-1796)] /home/Abid.Hussain/verification/3.AHB-Lite-project/sva/ahb_assumptions.sv(92): system function call isunknown with non-constant argument is not supported for synthesis
[INFO (VERI-1018)] /home/Abid.Hussain/verification/3.AHB-Lite-project/rtl/design.sv(1): compiling module 'ahb3liten'
[WARN (VERI-1209)] /home/Abid.Hussain/verification/3.AHB-Lite-project/rtl/design.sv(113): expression size 16 truncated to fit in target size 7
[WARN (VERI-1959)] /home/Abid.Hussain/verification/3.AHB-Lite-project/rtl/design.sv(155): left shift count >= width of value
[WARN (VERI-1959)] /home/Abid.Hussain/verification/3.AHB-Lite-project/rtl/design.sv(156): left shift count >= width of value
[WARN (VERI-1959)] /home/Abid.Hussain/verification/3.AHB-Lite-project/rtl/design.sv(157): left shift count >= width of value
[WARN (VERI-1209)] /home/Abid.Hussain/verification/3.AHB-Lite-project/rtl/design.sv(126): expression size 32 truncated to fit in target size 16
[WARN (VERI-1209)] /home/Abid.Hussain/verification/3.AHB-Lite-project/rtl/design.sv(127): expression size 32 truncated to fit in target size 16
[WARN (VERI-1209)] /home/Abid.Hussain/verification/3.AHB-Lite-project/rtl/design.sv(128): expression size 32 truncated to fit in target size 16
[WARN (VERI-1209)] /home/Abid.Hussain/verification/3.AHB-Lite-project/rtl/design.sv(129): expression size 32 truncated to fit in target size 16
[WARN (VERI-1209)] /home/Abid.Hussain/verification/3.AHB-Lite-project/rtl/design.sv(130): expression size 32 truncated to fit in target size 16
[WARN (VERI-1209)] /home/Abid.Hussain/verification/3.AHB-Lite-project/rtl/design.sv(131): expression size 32 truncated to fit in target size 16
[WARN (VERI-1209)] /home/Abid.Hussain/verification/3.AHB-Lite-project/rtl/design.sv(132): expression size 32 truncated to fit in target size 16
[WARN (VERI-1209)] /home/Abid.Hussain/verification/3.AHB-Lite-project/rtl/design.sv(133): expression size 32 truncated to fit in target size 16
[WARN (VERI-8028)] /home/Abid.Hussain/verification/3.AHB-Lite-project/bind/bind_ahb.sv(21): missing/open ports on instance u_assumptions of module ahb_assumptions
[WARN (VDB-1013)] /home/Abid.Hussain/verification/3.AHB-Lite-project/bind/bind_ahb.sv(30): input port 'HWRITE' is not connected on this instance
INFO (INL208): Elaboration synthesis summary:
  Number of synthesized netlists          4 (1 packages)
  Single run mode                         On
  Pipeline                                On (3 pipelined netlists)
  Late hierarchical reference connection  On
  Number of analyzed Verilog modules      6 (4 synthesized)
  Number of analyzed VHDL entities        0 (0 synthesized)
  Advanced Incremental run mode           Off
WARNING (WOBS004): /home/Abid.Hussain/verification/3.AHB-Lite-project/sva/ahb_assumptions.sv(381): Non-sequence cover property can have non-LRM-compliant semantics. For LRM semantics, use the "elaborate" flag "-lrm_cover_property".
WARNING (WOBS004): /home/Abid.Hussain/verification/3.AHB-Lite-project/sva/ahb_assumptions.sv(390): Non-sequence cover property can have non-LRM-compliant semantics. For LRM semantics, use the "elaborate" flag "-lrm_cover_property".
INFO (INL003): Clearing all state information (assumes, stopats, and so forth).
ahb3liten
%% 
%% # -----------------------------
%% # CLOCK / RESET
%% # -----------------------------
%% clock HCLK
%% reset !HRESETn
INFO (IPM031): Clearing proof results of all properties.
INFO (IRS006): Current reset condition is "HRESETn".
%% 
%% # -----------------------------
%% # PROVE
%% # -----------------------------
%% prove -all
INFO (IPF036): Starting proof on task: "<embedded>", 81 properties to prove with 0 already proven/unreachable
INFO (IRS029): Starting reset analysis: phase 1 of 4.
INFO (IRS030): Running reset analysis: phase 2 of 4.
INFO (IRS031): Running reset analysis: phase 3 of 4.
INFO (IRS020): Starting the reset analysis simulation with a limit of 100 iterations (phase 4 of 4).
INFO (ISIM006): Running simulation: {mode = single, probe = all}.
INFO (IRS024): Reset iterations 0 to 4 analyzed.
INFO (ISIM008): Simulation is processing trace data. Total number of nets in analysis 2249.
INFO (IRS018): Reset analysis simulation executed for 3 iterations. Assigned values for 2 of 113 design flops, 0 of 0 design latches, 197 of 363 internal elements.
INFO (IRS039): Reset analysis complete.
INFO (IPF031): Settings used for proof thread 2:
    orchestration                      = on
    time_limit                         = 86400s
    per_property_time_limit            = 1s * 10 ^ scan
    engine_mode                        = auto
    proofgrid_per_engine_max_jobs      = 1
    max engine jobs                    = auto
    proofgrid_mode                     = local
    proofgrid_restarts                 = 10
2.0.PRE: A proof was found: No trace exists. [0.00 s]
INFO (IPF051): 2.0.PRE: The cover property "ahb3liten.u_assumptions.assume_reset_htrans:witness1" was proven unreachable in 0.00 s.
2.0.PRE: A proof was found: No trace exists. [0.00 s]
INFO (IPF051): 2.0.PRE: The cover property "ahb3liten.u_assumptions.assume_reset_htrans:precondition1" was proven unreachable in 0.00 s.
2: Found proofs for 2 properties in preprocessing
2: Using multistage preprocessing
2: Starting reduce
2: Finished reduce in 0s
2.0.PRE: Performing Proof Simplification...
2.0.Hp: clocks: 1, declared: 1, looping: 0, posedge: 1, negedge: 0, noedge: 0, bothedge: 0
2.0.Hp: Proof Simplification Iteration 1	[0.00 s]
2.0.Hp: A max_length bound was found. The shortest trace is no longer than 1 cycles. [0.00 s]
INFO (IPF008): 2.0.Hp: A max_length bound of 1 was found for the property "ahb3liten.u_assumptions.assume_valid_htrans:witness1" in 0.00 s.
2.0.Hp: A max_length bound was found. The shortest trace is no longer than 1 cycles. [0.00 s]
INFO (IPF008): 2.0.Hp: A max_length bound of 1 was found for the property "ahb3liten.u_assumptions.assume_valid_hburst:witness1" in 0.00 s.
2.0.Hp: A max_length bound was found. The shortest trace is no longer than 1 cycles. [0.00 s]
INFO (IPF008): 2.0.Hp: A max_length bound of 1 was found for the property "ahb3liten.u_assumptions.assume_valid_hsize:witness1" in 0.00 s.
2.0.Hp: A max_length bound was found. The shortest trace is no longer than 1 cycles. [0.00 s]
INFO (IPF008): 2.0.Hp: A max_length bound of 1 was found for the property "ahb3liten.u_assumptions.assume_valid_hwrite:witness1" in 0.00 s.
2.0.Hp: A max_length bound was found. The shortest trace is no longer than 1 cycles. [0.00 s]
INFO (IPF008): 2.0.Hp: A max_length bound of 1 was found for the property "ahb3liten.u_assumptions.assume_valid_hsel:witness1" in 0.00 s.
2.0.Hp: A max_length bound was found. The shortest trace is no longer than 1 cycles. [0.00 s]
INFO (IPF008): 2.0.Hp: A max_length bound of 1 was found for the property "ahb3liten.u_assumptions.assume_valid_hready:witness1" in 0.00 s.
2.0.Hp: Proof Simplification Iteration 2	[0.00 s]
2.0.Hp: Proof Simplification Iteration 3	[0.00 s]
2.0.PRE: Proof Simplification completed in 0.00 s
2.0.Hp: Identified and disabled 25 duplicated targets.
2: About to start ProofGrid in its own thread with a limit of 10000 pending notifications and a limit of 10 traces.
2: ============================= ProofGrid (v3) start =============================
2: ProofGrid usable level: 54
2: Initial ProofGrid level: 1
2: ProofGrid is starting event handling
2: Computed task hash in 0.00ss
2.0.Hp: pc9: Support for "CentOS Linux release 7.9.2009 (Core)" will be removed with the 2025.09 release.
2.0.Ht: pc9: Support for "CentOS Linux release 7.9.2009 (Core)" will be removed with the 2025.09 release.
2: ProofGrid usable level: 54
2.0.Hp: Proofgrid shell started at 27852@pc9(local) jg_27470_pc9_2
2: ProofGrid usable level: 54
2: ProofGrid usable level: 54
2: ProofGrid usable level: 54
2.0.Hp: clocks: 1, declared: 1, looping: 0, posedge: 1, negedge: 0, noedge: 0, bothedge: 0
2: ProofGrid usable level: 54
2.0.Hp: Trace Attempt  1	[0.01 s]
2.0.Hp: A trace with 1 cycles was found. [0.01 s]
INFO (IPF047): 2.0.Hp: The cover property "ahb3liten.u_assumptions.assume_valid_htrans:witness1" was covered in 1 cycles in 0.02 s.
INFO (IPF047): 2.0.Hp: The cover property "ahb3liten.u_assumptions.assume_valid_haddr:witness1" was covered in 1 cycles in 0.02 s.
INFO (IPF047): 2.0.Hp: The cover property "ahb3liten.u_assumptions.assume_align_word:witness1" was covered in 1 cycles in 0.02 s.
INFO (IPF047): 2.0.Hp: The cover property "ahb3liten.u_assumptions.assume_align_word:precondition1" was covered in 1 cycles in 0.02 s.
INFO (IPF047): 2.0.Hp: The cover property "ahb3liten.u_assumptions.assume_1kb_boundary:witness1" was covered in 1 cycles in 0.02 s.
INFO (IPF047): 2.0.Hp: The cover property "ahb3liten.u_assumptions.assume_1kb_boundary:precondition1" was covered in 1 cycles in 0.02 s.
INFO (IPF047): 2.0.Hp: The cover property "ahb3liten.u_assumptions.assume_no_seq_after_idle:witness1" was covered in 1 cycles in 0.02 s.
INFO (IPF047): 2.0.Hp: The cover property "ahb3liten.u_assumptions.assume_no_seq_after_idle:precondition1" was covered in 1 cycles in 0.02 s.
INFO (IPF047): 2.0.Hp: The cover property "ahb3liten.u_assumptions.assume_const_hsize_burst:witness1" was covered in 1 cycles in 0.02 s.
INFO (IPF047): 2.0.Hp: The cover property "ahb3liten.u_assumptions.assume_const_hburst_burst:witness1" was covered in 1 cycles in 0.02 s.
INFO (IPF047): 2.0.Hp: The cover property "ahb3liten.u_assumptions.assume_wrap16_word_bound:witness1" was covered in 1 cycles in 0.02 s.
INFO (IPF047): 2.0.Hp: The cover property "ahb3liten.u_assumptions.assume_wrap16_word_bound:precondition1" was covered in 1 cycles in 0.02 s.
INFO (IPF047): 2.0.Hp: The cover property "ahb3liten.u_assumptions.assume_addr_align:witness1" was covered in 1 cycles in 0.02 s.
INFO (IPF047): 2.0.Hp: The cover property "ahb3liten.u_assumptions.assume_seq_rule:witness1" was covered in 1 cycles in 0.02 s.
INFO (IPF047): 2.0.Hp: The cover property "ahb3liten.u_assumptions.assume_valid_hburst:witness1" was covered in 1 cycles in 0.02 s.
INFO (IPF047): 2.0.Hp: The cover property "ahb3liten.u_assumptions.assume_valid_hsize:witness1" was covered in 1 cycles in 0.02 s.
INFO (IPF047): 2.0.Hp: The cover property "ahb3liten.u_assumptions.assume_valid_hwrite:witness1" was covered in 1 cycles in 0.02 s.
INFO (IPF047): 2.0.Hp: The cover property "ahb3liten.u_assumptions.assume_valid_hsel:witness1" was covered in 1 cycles in 0.02 s.
INFO (IPF047): 2.0.Hp: The cover property "ahb3liten.u_assumptions.assume_valid_hready:witness1" was covered in 1 cycles in 0.02 s.
INFO (IPF047): 2.0.Hp: The cover property "ahb3liten.u_assumptions.assume_valid_haddr:precondition1" was covered in 1 cycles in 0.02 s.
INFO (IPF047): 2.0.Hp: The cover property "ahb3liten.u_assumptions.assume_addr_align:precondition1" was covered in 1 cycles in 0.02 s.
INFO (IPF047): 2.0.Hp: The cover property "ahb3liten.u_assumptions.assume_const_hsize_burst:precondition1" was covered in 1 cycles in 0.02 s.
INFO (IPF047): 2.0.Hp: The cover property "ahb3liten.u_assumptions.assume_const_hwrite_burst:witness1" was covered in 1 cycles in 0.02 s.
INFO (IPF047): 2.0.Hp: The cover property "ahb3liten.u_assumptions.assume_const_hwrite_burst:precondition1" was covered in 1 cycles in 0.02 s.
INFO (IPF047): 2.0.Hp: The cover property "ahb3liten.u_assumptions.assume_const_hburst_burst:precondition1" was covered in 1 cycles in 0.02 s.
INFO (IPF047): 2.0.Hp: The cover property "ahb3liten.u_assumptions.assume_valid_seq_pred:witness1" was covered in 1 cycles in 0.02 s.
INFO (IPF047): 2.0.Hp: The cover property "ahb3liten.u_assumptions.assume_valid_seq_pred:precondition1" was covered in 1 cycles in 0.02 s.
INFO (IPF047): 2.0.Hp: The cover property "ahb3liten.u_assumptions.assume_seq_rule:precondition1" was covered in 1 cycles in 0.02 s.
INFO (IPF047): 2.0.Hp: The cover property "ahb3liten.u_assumptions.cover_addr_align" was covered in 1 cycles in 0.02 s.
INFO (IPF047): 2.0.Hp: The cover property "ahb3liten.u_assumptions.cover_seq_rule" was covered in 1 cycles in 0.02 s.
2.0.Hp: A trace with 1 cycles was found. [0.01 s]
INFO (IPF047): 2.0.Hp: The cover property "ahb3liten.u_assumptions.assume_align_halfword:witness1" was covered in 1 cycles in 0.02 s.
INFO (IPF047): 2.0.Hp: The cover property "ahb3liten.u_assumptions.assume_burst_len_incr16:precondition1" was covered in 1 cycles in 0.02 s.
INFO (IPF047): 2.0.Hp: The cover property "ahb3liten.u_assumptions.assume_align_halfword:precondition1" was covered in 1 cycles in 0.02 s.
2.0.Hp: A trace with 1 cycles was found. [0.01 s]
INFO (IPF047): 2.0.Hp: The cover property "ahb3liten.u_assumptions.assume_stable_haddr_wait:witness1" was covered in 1 cycles in 0.02 s.
INFO (IPF047): 2.0.Hp: The cover property "ahb3liten.u_assumptions.assume_stable_haddr_wait:precondition1" was covered in 1 cycles in 0.02 s.
INFO (IPF047): 2.0.Hp: The cover property "ahb3liten.u_assumptions.assume_stable_htrans_wait:witness1" was covered in 1 cycles in 0.02 s.
INFO (IPF047): 2.0.Hp: The cover property "ahb3liten.u_assumptions.assume_stable_hsize_wait:witness1" was covered in 1 cycles in 0.02 s.
INFO (IPF047): 2.0.Hp: The cover property "ahb3liten.u_assumptions.assume_stable_hburst_wait:witness1" was covered in 1 cycles in 0.02 s.
INFO (IPF047): 2.0.Hp: The cover property "ahb3liten.u_assumptions.assume_stable_hwrite_wait:witness1" was covered in 1 cycles in 0.02 s.
INFO (IPF047): 2.0.Hp: The cover property "ahb3liten.u_assumptions.assume_stable_hsel_wait:witness1" was covered in 1 cycles in 0.02 s.
INFO (IPF047): 2.0.Hp: The cover property "ahb3liten.u_assumptions.assume_stable_wait:witness1" was covered in 1 cycles in 0.02 s.
INFO (IPF047): 2.0.Hp: The cover property "ahb3liten.u_assumptions.cover_wait_state" was covered in 1 cycles in 0.02 s.
INFO (IPF047): 2.0.Hp: The cover property "ahb3liten.u_assumptions.assume_stable_htrans_wait:precondition1" was covered in 1 cycles in 0.02 s.
INFO (IPF047): 2.0.Hp: The cover property "ahb3liten.u_assumptions.assume_stable_hsize_wait:precondition1" was covered in 1 cycles in 0.02 s.
INFO (IPF047): 2.0.Hp: The cover property "ahb3liten.u_assumptions.assume_stable_hburst_wait:precondition1" was covered in 1 cycles in 0.02 s.
INFO (IPF047): 2.0.Hp: The cover property "ahb3liten.u_assumptions.assume_stable_hwrite_wait:precondition1" was covered in 1 cycles in 0.02 s.
INFO (IPF047): 2.0.Hp: The cover property "ahb3liten.u_assumptions.assume_stable_hsel_wait:precondition1" was covered in 1 cycles in 0.02 s.
INFO (IPF047): 2.0.Hp: The cover property "ahb3liten.u_assumptions.assume_stable_wait:precondition1" was covered in 1 cycles in 0.02 s.
2.0.Hp: A trace with 1 cycles was found. [0.01 s]
INFO (IPF047): 2.0.Hp: The cover property "ahb3liten.u_assumptions.assume_valid_busy_pred:witness1" was covered in 1 cycles in 0.02 s.
INFO (IPF047): 2.0.Hp: The cover property "ahb3liten.u_assumptions.assume_valid_busy_pred:precondition1" was covered in 1 cycles in 0.02 s.
INFO (IPF047): 2.0.Hp: The cover property "ahb3liten.u_assumptions.assume_busy_addr_stable:witness1" was covered in 1 cycles in 0.02 s.
INFO (IPF047): 2.0.Hp: The cover property "ahb3liten.u_assumptions.assume_busy_addr_stable:precondition1" was covered in 1 cycles in 0.02 s.
2.0.Hp: A trace with 1 cycles was found. [0.01 s]
INFO (IPF047): 2.0.Hp: The cover property "ahb3liten.u_assumptions.assume_single_no_seq:witness1" was covered in 1 cycles in 0.02 s.
INFO (IPF047): 2.0.Hp: The cover property "ahb3liten.u_assumptions.assume_single_no_seq:precondition1" was covered in 1 cycles in 0.02 s.
INFO (IPF047): 2.0.Hp: The cover property "ahb3liten.u_assumptions.assume_single_no_busy:witness1" was covered in 1 cycles in 0.02 s.
INFO (IPF047): 2.0.Hp: The cover property "ahb3liten.u_assumptions.assume_single_no_busy:precondition1" was covered in 1 cycles in 0.02 s.
2: ProofGrid is temporarily paused because there are too many pending traces.
2: ProofGrid is resuming to work after pausing for 0.01s. The amount of pending traces decreased.
2.0.Hp: A trace with 1 cycles was found. [0.01 s]
INFO (IPF047): 2.0.Hp: The cover property "ahb3liten.u_assumptions.assume_burst_len_incr4:precondition1" was covered in 1 cycles in 0.02 s.
INFO (IPF047): 2.0.Hp: The cover property "ahb3liten.u_assumptions.assume_burst_len_4:precondition1" was covered in 1 cycles in 0.02 s.
2: ProofGrid is temporarily paused because there are too many pending traces.
2: ProofGrid is resuming to work after pausing for 0.01s. The amount of pending traces decreased.
2.0.Hp: A trace with 1 cycles was found. [0.01 s]
INFO (IPF047): 2.0.Hp: The cover property "ahb3liten.u_assumptions.assume_burst_len_wrap4:precondition1" was covered in 1 cycles in 0.03 s.
2.0.Hp: A trace with 1 cycles was found. [0.01 s]
INFO (IPF047): 2.0.Hp: The cover property "ahb3liten.u_assumptions.assume_burst_len_incr8:precondition1" was covered in 1 cycles in 0.03 s.
2.0.Hp: A trace with 1 cycles was found. [0.01 s]
INFO (IPF047): 2.0.Hp: The cover property "ahb3liten.u_assumptions.assume_burst_len_wrap8:precondition1" was covered in 1 cycles in 0.03 s.
2.0.Hp: A trace with 1 cycles was found. [0.01 s]
INFO (IPF047): 2.0.Hp: The cover property "ahb3liten.u_assumptions.assume_burst_len_wrap16:precondition1" was covered in 1 cycles in 0.03 s.
2.0.Hp: A trace with 1 cycles was found. [0.01 s]
INFO (IPF047): 2.0.Hp: The cover property "ahb3liten.u_assumptions.assume_incr_addr_math:witness1" was covered in 1 cycles in 0.03 s.
INFO (IPF047): 2.0.Hp: The cover property "ahb3liten.u_assumptions.assume_incr_addr_math:precondition1" was covered in 1 cycles in 0.03 s.
2: ProofGrid is temporarily paused because there are too many pending traces.
2: ProofGrid is resuming to work after pausing for 0.01s. The amount of pending traces decreased.
2.0.Hp: A trace with 1 cycles was found. [0.01 s]
INFO (IPF047): 2.0.Hp: The cover property "ahb3liten.u_assumptions.assume_wrap4_word_bound:witness1" was covered in 1 cycles in 0.04 s.
INFO (IPF047): 2.0.Hp: The cover property "ahb3liten.u_assumptions.assume_wrap4_word_bound:precondition1" was covered in 1 cycles in 0.04 s.
2.0.Hp: A trace with 1 cycles was found. [0.01 s]
INFO (IPF047): 2.0.Hp: The cover property "ahb3liten.u_assumptions.assume_wrap8_word_bound:witness1" was covered in 1 cycles in 0.04 s.
INFO (IPF047): 2.0.Hp: The cover property "ahb3liten.u_assumptions.assume_wrap8_word_bound:precondition1" was covered in 1 cycles in 0.04 s.
2.0.Hp: A trace with 1 cycles was found. [0.01 s]
INFO (IPF047): 2.0.Hp: The cover property "ahb3liten.u_assumptions.assume_wrap4_hw_bound:witness1" was covered in 1 cycles in 0.04 s.
INFO (IPF047): 2.0.Hp: The cover property "ahb3liten.u_assumptions.assume_wrap4_hw_bound:precondition1" was covered in 1 cycles in 0.04 s.
2.0.Hp: A trace with 1 cycles was found. [0.01 s]
INFO (IPF047): 2.0.Hp: The cover property "ahb3liten.u_assumptions.assume_no_busy_single:witness1" was covered in 1 cycles in 0.05 s.
INFO (IPF047): 2.0.Hp: The cover property "ahb3liten.u_assumptions.assume_no_busy_single:precondition1" was covered in 1 cycles in 0.05 s.
2.0.Hp: Trace Attempt  2	[0.01 s]
2.0.Hp: Trace Attempt  3	[0.01 s]
2.0.Ht: Proofgrid shell started at 27872@pc9(local) jg_27470_pc9_2
2.0.Mpcustom2: pc9: Support for "CentOS Linux release 7.9.2009 (Core)" will be removed with the 2025.09 release.
2.0.Oh: pc9: Support for "CentOS Linux release 7.9.2009 (Core)" will be removed with the 2025.09 release.
2.0.N: pc9: Support for "CentOS Linux release 7.9.2009 (Core)" will be removed with the 2025.09 release.
2.0.Hp: Trace Attempt  4	[0.03 s]
2.0.Hp: A trace with 4 cycles was found. [0.03 s]
INFO (IPF047): 2.0.Hp: The cover property "ahb3liten.u_assumptions.assume_burst_len_incr4:witness1" was covered in 4 cycles in 0.05 s.
2: ProofGrid is temporarily paused because there are too many pending traces.
2: ProofGrid is resuming to work after pausing for 0.01s. The amount of pending traces decreased.
2.0.Hp: A trace with 4 cycles was found. [0.03 s]
INFO (IPF047): 2.0.Hp: The cover property "ahb3liten.u_assumptions.assume_burst_len_wrap4:witness1" was covered in 4 cycles in 0.05 s.
INFO (IPF047): 2.0.Hp: The cover property "ahb3liten.u_assumptions.assume_burst_len_4:witness1" was covered in 4 cycles in 0.05 s.
2.0.Hp: Trace Attempt  5	[0.04 s]
2.0.Bm: pc9: Support for "CentOS Linux release 7.9.2009 (Core)" will be removed with the 2025.09 release.
2.0.Ht: clocks: 1, declared: 1, looping: 0, posedge: 1, negedge: 0, noedge: 0, bothedge: 0
2.0.Ht: Trace Attempt  1	[0.01 s]
2.0.Ht: Trace Attempt  2	[0.01 s]
2.0.Ht: Trace Attempt  3	[0.01 s]
2.0.Ht: Trace Attempt  4	[0.01 s]
2.0.Ht: Trace Attempt  5	[0.01 s]
2.0.AM: pc9: Support for "CentOS Linux release 7.9.2009 (Core)" will be removed with the 2025.09 release.
2.0.Ht: Trace Attempt  8	[0.02 s]
2.0.Ht: A trace with 8 cycles was found. [0.02 s]
INFO (IPF047): 2.0.Ht: The cover property "ahb3liten.u_assumptions.assume_burst_len_incr8:witness1" was covered in 8 cycles in 0.00 s.
2.0.Ht: A trace with 8 cycles was found. [0.02 s]
INFO (IPF047): 2.0.Ht: The cover property "ahb3liten.u_assumptions.assume_burst_len_wrap8:witness1" was covered in 8 cycles in 0.01 s.
2.0.N: Proofgrid shell started at 27898@pc9(local) jg_27470_pc9_2
2.0.N: clocks: 1, declared: 1, looping: 0, posedge: 1, negedge: 0, noedge: 0, bothedge: 0
2.0.Ht: Trace Attempt  9	[0.03 s]
2.0.Oh: Proofgrid shell started at 27896@pc9(local) jg_27470_pc9_2
2.0.Oh: clocks: 1, declared: 1, looping: 0, posedge: 1, negedge: 0, noedge: 0, bothedge: 0
2.0.Oh: bwd trail(1): 1 0.00149888s
2.0.Oh: All properties either determined or skipped. [0.00 s]
2.0.Oh: Exited with Success (@ 0.08 s)
2.0.Ht: Trace Attempt 16	[0.04 s]
2.0.Ht: A trace with 16 cycles was found. [0.04 s]
INFO (IPF047): 2.0.Ht: The cover property "ahb3liten.u_assumptions.assume_burst_len_incr16:witness1" was covered in 16 cycles in 0.02 s.
2.0.Ht: A trace with 16 cycles was found. [0.04 s]
INFO (IPF047): 2.0.Ht: The cover property "ahb3liten.u_assumptions.assume_burst_len_wrap16:witness1" was covered in 16 cycles in 0.03 s.
2.0.Ht: All properties determined. [0.04 s]
INFO (IPF144): 2: Initiating shutdown of proof [0.09 s]
2.0.Hp: Requesting engine job to terminate
2.0.Ht: Requesting engine job to terminate
2.0.Bm: Requesting engine job to terminate
2.0.Mpcustom2: Requesting engine job to terminate
2.0.L: Requesting engine job to terminate
2.0.N: Requesting engine job to terminate
2.0.B: Requesting engine job to terminate
2.0.AM: Requesting engine job to terminate
2.0.N: All properties determined. [0.02 s]
2.0.N: Exited with Success (@ 0.09 s)
2: ProofGrid usable level: 0
2.0.Hp: Interrupted (multi)
2.0.Hp: All properties determined. [0.00 s]
2.0.Hp: Exited with Success (@ 0.10 s)
2.0.Ht: Exited with Success (@ 0.10 s)
2.0.L: pc9: Support for "CentOS Linux release 7.9.2009 (Core)" will be removed with the 2025.09 release.
2.0.B: pc9: Support for "CentOS Linux release 7.9.2009 (Core)" will be removed with the 2025.09 release.
2.0.Mpcustom2: Proofgrid shell started at 27895@pc9(local) jg_27470_pc9_2
2.0.Mpcustom2: Preventing job from starting because proof is shutting down.
2.0.Mpcustom2: Interrupted. [0.00 s]
2.0.AM: Proofgrid shell started at 27922@pc9(local) jg_27470_pc9_2
2.0.Mpcustom2: Exited with Success (@ 0.10 s)
2.0.AM: Preventing job from starting because proof is shutting down.
2.0.AM: Interrupted. [0.00 s]
2.0.AM: Exited with Success (@ 0.10 s)
2.0.Bm: Proofgrid shell started at 27893@pc9(local) jg_27470_pc9_2
2.0.Bm: Preventing job from starting because proof is shutting down.
2.0.Bm: Interrupted. [0.00 s]
2.0.Bm: Exited with Success (@ 0.10 s)
2.0.L: Proofgrid shell started at 27897@pc9(local) jg_27470_pc9_2
2.0.L: Preventing job from starting because proof is shutting down.
2.0.L: Interrupted. [0.00 s]
2.0.B: Proofgrid shell started at 27899@pc9(local) jg_27470_pc9_2
2.0.B: Preventing job from starting because proof is shutting down.
2.0.B: Interrupted. [0.00 s]
2.0.L: Exited with Success (@ 0.12 s)
2.0.B: Exited with Success (@ 0.12 s)
2: --------------------------------------------------------------
ProofGrid Summary (utilization 16.86 %)
--------------------------------------------------------------
     engines started                               :     9
     engine jobs started                           :     9

    Time in state (seconds)
    --------------------------------------------
               Pending     Running        Dead
    --------------------------------------------
    min           0.00        0.00        0.00
    mean          0.07        0.02        0.00
    median        0.08        0.00        0.00
    max           0.09        0.09        0.00
    sum           0.67        0.14        0.00

    Data read    : 27.27 kiB
    Data written : 3.01 kiB

INFO (IPF180): 2: ProofGrid utilization: 16.86% slot-seconds: 0.14
2: ProofGrid usable level: 0
2: All pending notifications were processed.
2: ProofGrid was paused 4 times for a total of 0.04 seconds
INFO (IPF059): 2: Completed proof on task: "<embedded>"

==============================================================
SUMMARY
==============================================================
           Properties Considered              : 81
                 assertions                   : 0
                  - proven                    : 0
                  - bounded_proven (user)     : 0
                  - bounded_proven (auto)     : 0
                  - marked_proven             : 0
                  - cex                       : 0
                  - ar_cex                    : 0
                  - undetermined              : 0
                  - unknown                   : 0
                  - error                     : 0
                 covers                       : 81
                  - unreachable               : 2 (2.46914%)
                  - bounded_unreachable (user): 0 (0%)
                  - covered                   : 79 (97.5309%)
                  - ar_covered                : 0 (0%)
                  - undetermined              : 0 (0%)
                  - unknown                   : 0 (0%)
                  - error                     : 0 (0%)
determined
determined
[<embedded>] % include scripts/fpv_setup.tcl
%% # =========================================================
%% # AHB-Lite SRAM Formal Verification Setup
%% # Role B - EE5214
%% # =========================================================
%% 
%% clear -all
INFO (IPF121): Cleared environment completely for new design analysis.
%% 
%% set ROOT [pwd]
/home/Abid.Hussain/verification/3.AHB-Lite-project
%% 
%% set top ahb3liten
ahb3liten
%% 
%% # -----------------------------
%% # STEP 1: PACKAGE FIRST (VERY IMPORTANT)
%% # -----------------------------
%% analyze -sv09 $ROOT/packages/ahb3lite_pkg.sv
[-- (VERI-1482)] Analyzing Verilog file '/mnt/cadence_tools/installs/JASPER25/lib/verilog/packages/std/std.sv' into library 'std'
[-- (VERI-1482)] Analyzing Verilog file '/home/Abid.Hussain/verification/3.AHB-Lite-project/packages/ahb3lite_pkg.sv'
%% 
%% # -----------------------------
%% # STEP 2: RTL
%% # -----------------------------
%% analyze -sv09 $ROOT/rtl/mem.sv
[-- (VERI-1482)] Analyzing Verilog file '/home/Abid.Hussain/verification/3.AHB-Lite-project/rtl/mem.sv'
%% analyze -sv09 $ROOT/rtl/design.sv
[-- (VERI-1482)] Analyzing Verilog file '/home/Abid.Hussain/verification/3.AHB-Lite-project/rtl/design.sv'
%% 
%% # -----------------------------
%% # STEP 3: SVA
%% # -----------------------------
%% analyze -sv09 $ROOT/sva/ahb_checker.sv
[-- (VERI-1482)] Analyzing Verilog file '/home/Abid.Hussain/verification/3.AHB-Lite-project/sva/ahb_checker.sv'
%% analyze -sv09 $ROOT/sva/ahb_assumptions.sv
[-- (VERI-1482)] Analyzing Verilog file '/home/Abid.Hussain/verification/3.AHB-Lite-project/sva/ahb_assumptions.sv'
%% #analyze -sv09 $ROOT/sva/ahb_cover.sv
%% 
%% # -----------------------------
%% # STEP 4: BIND
%% # -----------------------------
%% analyze -sv09 $ROOT/bind/bind_ahb.sv
[-- (VERI-1482)] Analyzing Verilog file '/home/Abid.Hussain/verification/3.AHB-Lite-project/bind/bind_ahb.sv'
%% 
%% # -----------------------------
%% # ELABORATE
%% # -----------------------------
%% elaborate -top $top -create_related_covers {precondition witness}
INFO (ISW003): Top module name is "ahb3liten".
[INFO (HIER-8002)] /home/Abid.Hussain/verification/3.AHB-Lite-project/rtl/design.sv(297): Disabling old hierarchical reference handler
[WARN (VERI-1927)] /home/Abid.Hussain/verification/3.AHB-Lite-project/bind/bind_ahb.sv(30): port 'HWRITE' remains unconnected for this instance
[INFO (VERI-1018)] /home/Abid.Hussain/verification/3.AHB-Lite-project/rtl/mem.sv(1): compiling module 'mem:(ABITS=8)'
[INFO (VERI-2571)] /home/Abid.Hussain/verification/3.AHB-Lite-project/rtl/mem.sv(25): extracting RAM for identifier 'mem_array'
[WARN (VERI-9033)] /home/Abid.Hussain/verification/3.AHB-Lite-project/rtl/mem.sv(25): array mem_array (size 8192) automatically BLACK-BOXED. Use the "elaborate -bbox_a" command to prevent automatic black-boxing.
[INFO (VERI-1018)] /home/Abid.Hussain/verification/3.AHB-Lite-project/sva/ahb_assumptions.sv(7): compiling module 'ahb_assumptions'
[WARN (VERI-1796)] /home/Abid.Hussain/verification/3.AHB-Lite-project/sva/ahb_assumptions.sv(65): system function call isunknown with non-constant argument is not supported for synthesis
[WARN (VERI-1796)] /home/Abid.Hussain/verification/3.AHB-Lite-project/sva/ahb_assumptions.sv(74): system function call isunknown with non-constant argument is not supported for synthesis
[WARN (VERI-1796)] /home/Abid.Hussain/verification/3.AHB-Lite-project/sva/ahb_assumptions.sv(83): system function call isunknown with non-constant argument is not supported for synthesis
[WARN (VERI-1796)] /home/Abid.Hussain/verification/3.AHB-Lite-project/sva/ahb_assumptions.sv(92): system function call isunknown with non-constant argument is not supported for synthesis
[INFO (VERI-1018)] /home/Abid.Hussain/verification/3.AHB-Lite-project/rtl/design.sv(1): compiling module 'ahb3liten'
[WARN (VERI-1209)] /home/Abid.Hussain/verification/3.AHB-Lite-project/rtl/design.sv(113): expression size 16 truncated to fit in target size 7
[WARN (VERI-1959)] /home/Abid.Hussain/verification/3.AHB-Lite-project/rtl/design.sv(155): left shift count >= width of value
[WARN (VERI-1959)] /home/Abid.Hussain/verification/3.AHB-Lite-project/rtl/design.sv(156): left shift count >= width of value
[WARN (VERI-1959)] /home/Abid.Hussain/verification/3.AHB-Lite-project/rtl/design.sv(157): left shift count >= width of value
[WARN (VERI-1209)] /home/Abid.Hussain/verification/3.AHB-Lite-project/rtl/design.sv(126): expression size 32 truncated to fit in target size 16
[WARN (VERI-1209)] /home/Abid.Hussain/verification/3.AHB-Lite-project/rtl/design.sv(127): expression size 32 truncated to fit in target size 16
[WARN (VERI-1209)] /home/Abid.Hussain/verification/3.AHB-Lite-project/rtl/design.sv(128): expression size 32 truncated to fit in target size 16
[WARN (VERI-1209)] /home/Abid.Hussain/verification/3.AHB-Lite-project/rtl/design.sv(129): expression size 32 truncated to fit in target size 16
[WARN (VERI-1209)] /home/Abid.Hussain/verification/3.AHB-Lite-project/rtl/design.sv(130): expression size 32 truncated to fit in target size 16
[WARN (VERI-1209)] /home/Abid.Hussain/verification/3.AHB-Lite-project/rtl/design.sv(131): expression size 32 truncated to fit in target size 16
[WARN (VERI-1209)] /home/Abid.Hussain/verification/3.AHB-Lite-project/rtl/design.sv(132): expression size 32 truncated to fit in target size 16
[WARN (VERI-1209)] /home/Abid.Hussain/verification/3.AHB-Lite-project/rtl/design.sv(133): expression size 32 truncated to fit in target size 16
[WARN (VERI-8028)] /home/Abid.Hussain/verification/3.AHB-Lite-project/bind/bind_ahb.sv(21): missing/open ports on instance u_assumptions of module ahb_assumptions
[WARN (VDB-1013)] /home/Abid.Hussain/verification/3.AHB-Lite-project/bind/bind_ahb.sv(30): input port 'HWRITE' is not connected on this instance
INFO (INL208): Elaboration synthesis summary:
  Number of synthesized netlists          4 (1 packages)
  Single run mode                         On
  Pipeline                                On (3 pipelined netlists)
  Late hierarchical reference connection  On
  Number of analyzed Verilog modules      6 (4 synthesized)
  Number of analyzed VHDL entities        0 (0 synthesized)
  Advanced Incremental run mode           Off
INFO (INL003): Clearing all state information (assumes, stopats, and so forth).
ahb3liten
%% 
%% # -----------------------------
%% # CLOCK / RESET
%% # -----------------------------
%% clock HCLK
%% reset !HRESETn
INFO (IPM031): Clearing proof results of all properties.
INFO (IRS006): Current reset condition is "HRESETn".
%% 
%% # -----------------------------
%% # PROVE
%% # -----------------------------
%% prove -all
INFO (IPF036): Starting proof on task: "<embedded>", 76 properties to prove with 0 already proven/unreachable
INFO (IRS029): Starting reset analysis: phase 1 of 4.
INFO (IRS030): Running reset analysis: phase 2 of 4.
INFO (IRS031): Running reset analysis: phase 3 of 4.
INFO (IRS020): Starting the reset analysis simulation with a limit of 100 iterations (phase 4 of 4).
INFO (ISIM006): Running simulation: {mode = single, probe = all}.
INFO (IRS024): Reset iterations 0 to 4 analyzed.
INFO (ISIM008): Simulation is processing trace data. Total number of nets in analysis 2183.
INFO (IRS018): Reset analysis simulation executed for 3 iterations. Assigned values for 2 of 113 design flops, 0 of 0 design latches, 191 of 354 internal elements.
INFO (IRS039): Reset analysis complete.
INFO (IPF031): Settings used for proof thread 2:
    orchestration                      = on
    time_limit                         = 86400s
    per_property_time_limit            = 1s * 10 ^ scan
    engine_mode                        = auto
    proofgrid_per_engine_max_jobs      = 1
    max engine jobs                    = auto
    proofgrid_mode                     = local
    proofgrid_restarts                 = 10
2.0.PRE: A proof was found: No trace exists. [0.00 s]
INFO (IPF051): 2.0.PRE: The cover property "ahb3liten.u_assumptions.assume_reset_htrans:witness1" was proven unreachable in 0.00 s.
2.0.PRE: A proof was found: No trace exists. [0.00 s]
INFO (IPF051): 2.0.PRE: The cover property "ahb3liten.u_assumptions.assume_reset_htrans:precondition1" was proven unreachable in 0.00 s.
2: Found proofs for 2 properties in preprocessing
2: Using multistage preprocessing
2: Starting reduce
2: Finished reduce in 0s
2.0.PRE: Performing Proof Simplification...
2.0.Hp: clocks: 1, declared: 1, looping: 0, posedge: 1, negedge: 0, noedge: 0, bothedge: 0
2.0.Hp: Proof Simplification Iteration 1	[0.00 s]
2.0.Hp: A max_length bound was found. The shortest trace is no longer than 1 cycles. [0.00 s]
INFO (IPF008): 2.0.Hp: A max_length bound of 1 was found for the property "ahb3liten.u_assumptions.assume_valid_htrans:witness1" in 0.00 s.
2.0.Hp: A max_length bound was found. The shortest trace is no longer than 1 cycles. [0.00 s]
INFO (IPF008): 2.0.Hp: A max_length bound of 1 was found for the property "ahb3liten.u_assumptions.assume_valid_hburst:witness1" in 0.00 s.
2.0.Hp: A max_length bound was found. The shortest trace is no longer than 1 cycles. [0.00 s]
INFO (IPF008): 2.0.Hp: A max_length bound of 1 was found for the property "ahb3liten.u_assumptions.assume_valid_hsize:witness1" in 0.00 s.
2.0.Hp: A max_length bound was found. The shortest trace is no longer than 1 cycles. [0.00 s]
INFO (IPF008): 2.0.Hp: A max_length bound of 1 was found for the property "ahb3liten.u_assumptions.assume_valid_hwrite:witness1" in 0.00 s.
2.0.Hp: A max_length bound was found. The shortest trace is no longer than 1 cycles. [0.00 s]
INFO (IPF008): 2.0.Hp: A max_length bound of 1 was found for the property "ahb3liten.u_assumptions.assume_valid_hsel:witness1" in 0.00 s.
2.0.Hp: A max_length bound was found. The shortest trace is no longer than 1 cycles. [0.00 s]
INFO (IPF008): 2.0.Hp: A max_length bound of 1 was found for the property "ahb3liten.u_assumptions.assume_valid_hready:witness1" in 0.00 s.
2.0.Hp: Proof Simplification Iteration 2	[0.00 s]
2.0.Hp: Proof Simplification Iteration 3	[0.00 s]
2.0.PRE: Proof Simplification completed in 0.00 s
2.0.Hp: Identified and disabled 23 duplicated targets.
2: About to start ProofGrid in its own thread with a limit of 10000 pending notifications and a limit of 10 traces.
2: ============================= ProofGrid (v3) start =============================
2: ProofGrid usable level: 51
2: Initial ProofGrid level: 1
2: ProofGrid is starting event handling
2: Computed task hash in 0.00ss
2.0.Hp: pc9: Support for "CentOS Linux release 7.9.2009 (Core)" will be removed with the 2025.09 release.
2.0.Ht: pc9: Support for "CentOS Linux release 7.9.2009 (Core)" will be removed with the 2025.09 release.
2: ProofGrid usable level: 51
2.0.Hp: Proofgrid shell started at 28801@pc9(local) jg_27470_pc9_3
2: ProofGrid usable level: 51
2: ProofGrid usable level: 51
2.0.Hp: clocks: 1, declared: 1, looping: 0, posedge: 1, negedge: 0, noedge: 0, bothedge: 0
2: ProofGrid usable level: 51
2: ProofGrid usable level: 51
2.0.Hp: Trace Attempt  1	[0.00 s]
2.0.Hp: A trace with 1 cycles was found. [0.00 s]
INFO (IPF047): 2.0.Hp: The cover property "ahb3liten.u_assumptions.assume_valid_htrans:witness1" was covered in 1 cycles in 0.04 s.
INFO (IPF047): 2.0.Hp: The cover property "ahb3liten.u_assumptions.assume_valid_haddr:witness1" was covered in 1 cycles in 0.04 s.
INFO (IPF047): 2.0.Hp: The cover property "ahb3liten.u_assumptions.assume_align_halfword:witness1" was covered in 1 cycles in 0.04 s.
INFO (IPF047): 2.0.Hp: The cover property "ahb3liten.u_assumptions.assume_stable_haddr_wait:witness1" was covered in 1 cycles in 0.04 s.
INFO (IPF047): 2.0.Hp: The cover property "ahb3liten.u_assumptions.assume_stable_haddr_wait:precondition1" was covered in 1 cycles in 0.04 s.
INFO (IPF047): 2.0.Hp: The cover property "ahb3liten.u_assumptions.assume_stable_htrans_wait:witness1" was covered in 1 cycles in 0.04 s.
INFO (IPF047): 2.0.Hp: The cover property "ahb3liten.u_assumptions.assume_stable_hsize_wait:witness1" was covered in 1 cycles in 0.04 s.
INFO (IPF047): 2.0.Hp: The cover property "ahb3liten.u_assumptions.assume_stable_hburst_wait:witness1" was covered in 1 cycles in 0.04 s.
INFO (IPF047): 2.0.Hp: The cover property "ahb3liten.u_assumptions.assume_stable_hwrite_wait:witness1" was covered in 1 cycles in 0.04 s.
INFO (IPF047): 2.0.Hp: The cover property "ahb3liten.u_assumptions.assume_stable_hsel_wait:witness1" was covered in 1 cycles in 0.04 s.
INFO (IPF047): 2.0.Hp: The cover property "ahb3liten.u_assumptions.assume_single_no_seq:witness1" was covered in 1 cycles in 0.04 s.
INFO (IPF047): 2.0.Hp: The cover property "ahb3liten.u_assumptions.assume_single_no_seq:precondition1" was covered in 1 cycles in 0.04 s.
INFO (IPF047): 2.0.Hp: The cover property "ahb3liten.u_assumptions.assume_single_no_busy:witness1" was covered in 1 cycles in 0.04 s.
INFO (IPF047): 2.0.Hp: The cover property "ahb3liten.u_assumptions.assume_addr_align:witness1" was covered in 1 cycles in 0.04 s.
INFO (IPF047): 2.0.Hp: The cover property "ahb3liten.u_assumptions.assume_stable_wait:witness1" was covered in 1 cycles in 0.04 s.
INFO (IPF047): 2.0.Hp: The cover property "ahb3liten.u_assumptions.assume_valid_hburst:witness1" was covered in 1 cycles in 0.04 s.
INFO (IPF047): 2.0.Hp: The cover property "ahb3liten.u_assumptions.assume_valid_hsize:witness1" was covered in 1 cycles in 0.04 s.
INFO (IPF047): 2.0.Hp: The cover property "ahb3liten.u_assumptions.assume_valid_hwrite:witness1" was covered in 1 cycles in 0.04 s.
INFO (IPF047): 2.0.Hp: The cover property "ahb3liten.u_assumptions.assume_valid_hsel:witness1" was covered in 1 cycles in 0.04 s.
INFO (IPF047): 2.0.Hp: The cover property "ahb3liten.u_assumptions.assume_valid_hready:witness1" was covered in 1 cycles in 0.04 s.
INFO (IPF047): 2.0.Hp: The cover property "ahb3liten.u_assumptions.assume_valid_haddr:precondition1" was covered in 1 cycles in 0.04 s.
INFO (IPF047): 2.0.Hp: The cover property "ahb3liten.u_assumptions.assume_addr_align:precondition1" was covered in 1 cycles in 0.04 s.
INFO (IPF047): 2.0.Hp: The cover property "ahb3liten.u_assumptions.assume_align_halfword:precondition1" was covered in 1 cycles in 0.04 s.
INFO (IPF047): 2.0.Hp: The cover property "ahb3liten.u_assumptions.assume_stable_htrans_wait:precondition1" was covered in 1 cycles in 0.04 s.
INFO (IPF047): 2.0.Hp: The cover property "ahb3liten.u_assumptions.assume_stable_hsize_wait:precondition1" was covered in 1 cycles in 0.04 s.
INFO (IPF047): 2.0.Hp: The cover property "ahb3liten.u_assumptions.assume_stable_hburst_wait:precondition1" was covered in 1 cycles in 0.04 s.
INFO (IPF047): 2.0.Hp: The cover property "ahb3liten.u_assumptions.assume_stable_hwrite_wait:precondition1" was covered in 1 cycles in 0.04 s.
INFO (IPF047): 2.0.Hp: The cover property "ahb3liten.u_assumptions.assume_stable_hsel_wait:precondition1" was covered in 1 cycles in 0.04 s.
INFO (IPF047): 2.0.Hp: The cover property "ahb3liten.u_assumptions.assume_stable_wait:precondition1" was covered in 1 cycles in 0.04 s.
INFO (IPF047): 2.0.Hp: The cover property "ahb3liten.u_assumptions.assume_single_no_busy:precondition1" was covered in 1 cycles in 0.04 s.
2.0.Hp: A trace with 1 cycles was found. [0.00 s]
INFO (IPF047): 2.0.Hp: The cover property "ahb3liten.u_assumptions.assume_align_word:witness1" was covered in 1 cycles in 0.04 s.
INFO (IPF047): 2.0.Hp: The cover property "ahb3liten.u_assumptions.assume_align_word:precondition1" was covered in 1 cycles in 0.04 s.
2.0.Hp: A trace with 1 cycles was found. [0.00 s]
INFO (IPF047): 2.0.Hp: The cover property "ahb3liten.u_assumptions.assume_1kb_boundary:witness1" was covered in 1 cycles in 0.04 s.
INFO (IPF047): 2.0.Hp: The cover property "ahb3liten.u_assumptions.assume_1kb_boundary:precondition1" was covered in 1 cycles in 0.04 s.
INFO (IPF047): 2.0.Hp: The cover property "ahb3liten.u_assumptions.assume_no_seq_after_idle:witness1" was covered in 1 cycles in 0.04 s.
INFO (IPF047): 2.0.Hp: The cover property "ahb3liten.u_assumptions.assume_no_seq_after_idle:precondition1" was covered in 1 cycles in 0.04 s.
INFO (IPF047): 2.0.Hp: The cover property "ahb3liten.u_assumptions.assume_const_hsize_burst:witness1" was covered in 1 cycles in 0.04 s.
INFO (IPF047): 2.0.Hp: The cover property "ahb3liten.u_assumptions.assume_const_hburst_burst:witness1" was covered in 1 cycles in 0.04 s.
INFO (IPF047): 2.0.Hp: The cover property "ahb3liten.u_assumptions.assume_seq_rule:witness1" was covered in 1 cycles in 0.04 s.
INFO (IPF047): 2.0.Hp: The cover property "ahb3liten.u_assumptions.assume_const_hsize_burst:precondition1" was covered in 1 cycles in 0.04 s.
INFO (IPF047): 2.0.Hp: The cover property "ahb3liten.u_assumptions.assume_const_hwrite_burst:witness1" was covered in 1 cycles in 0.04 s.
INFO (IPF047): 2.0.Hp: The cover property "ahb3liten.u_assumptions.assume_const_hwrite_burst:precondition1" was covered in 1 cycles in 0.04 s.
INFO (IPF047): 2.0.Hp: The cover property "ahb3liten.u_assumptions.assume_const_hburst_burst:precondition1" was covered in 1 cycles in 0.04 s.
INFO (IPF047): 2.0.Hp: The cover property "ahb3liten.u_assumptions.assume_valid_seq_pred:witness1" was covered in 1 cycles in 0.04 s.
INFO (IPF047): 2.0.Hp: The cover property "ahb3liten.u_assumptions.assume_valid_seq_pred:precondition1" was covered in 1 cycles in 0.04 s.
INFO (IPF047): 2.0.Hp: The cover property "ahb3liten.u_assumptions.assume_seq_rule:precondition1" was covered in 1 cycles in 0.04 s.
2.0.Hp: A trace with 1 cycles was found. [0.00 s]
INFO (IPF047): 2.0.Hp: The cover property "ahb3liten.u_assumptions.assume_valid_busy_pred:witness1" was covered in 1 cycles in 0.05 s.
INFO (IPF047): 2.0.Hp: The cover property "ahb3liten.u_assumptions.assume_valid_busy_pred:precondition1" was covered in 1 cycles in 0.05 s.
INFO (IPF047): 2.0.Hp: The cover property "ahb3liten.u_assumptions.assume_busy_addr_stable:witness1" was covered in 1 cycles in 0.05 s.
INFO (IPF047): 2.0.Hp: The cover property "ahb3liten.u_assumptions.assume_busy_addr_stable:precondition1" was covered in 1 cycles in 0.05 s.
2.0.Hp: A trace with 1 cycles was found. [0.00 s]
INFO (IPF047): 2.0.Hp: The cover property "ahb3liten.u_assumptions.assume_burst_len_incr4:precondition1" was covered in 1 cycles in 0.05 s.
INFO (IPF047): 2.0.Hp: The cover property "ahb3liten.u_assumptions.assume_burst_len_4:precondition1" was covered in 1 cycles in 0.05 s.
2: ProofGrid is temporarily paused because there are too many pending traces.
2: ProofGrid is resuming to work after pausing for 0.02s. The amount of pending traces decreased.
2.0.Hp: A trace with 1 cycles was found. [0.00 s]
INFO (IPF047): 2.0.Hp: The cover property "ahb3liten.u_assumptions.assume_burst_len_wrap4:precondition1" was covered in 1 cycles in 0.05 s.
2.0.Hp: A trace with 1 cycles was found. [0.00 s]
INFO (IPF047): 2.0.Hp: The cover property "ahb3liten.u_assumptions.assume_burst_len_incr8:precondition1" was covered in 1 cycles in 0.05 s.
2.0.Hp: A trace with 1 cycles was found. [0.00 s]
INFO (IPF047): 2.0.Hp: The cover property "ahb3liten.u_assumptions.assume_burst_len_wrap8:precondition1" was covered in 1 cycles in 0.05 s.
2.0.Hp: A trace with 1 cycles was found. [0.00 s]
INFO (IPF047): 2.0.Hp: The cover property "ahb3liten.u_assumptions.assume_burst_len_incr16:precondition1" was covered in 1 cycles in 0.05 s.
2.0.Hp: A trace with 1 cycles was found. [0.00 s]
INFO (IPF047): 2.0.Hp: The cover property "ahb3liten.u_assumptions.assume_burst_len_wrap16:precondition1" was covered in 1 cycles in 0.05 s.
2: ProofGrid is temporarily paused because there are too many pending traces.
2: ProofGrid is resuming to work after pausing for 0.01s. The amount of pending traces decreased.
2.0.Hp: A trace with 1 cycles was found. [0.00 s]
INFO (IPF047): 2.0.Hp: The cover property "ahb3liten.u_assumptions.assume_incr_addr_math:witness1" was covered in 1 cycles in 0.06 s.
INFO (IPF047): 2.0.Hp: The cover property "ahb3liten.u_assumptions.assume_incr_addr_math:precondition1" was covered in 1 cycles in 0.06 s.
2.0.Hp: A trace with 1 cycles was found. [0.00 s]
INFO (IPF047): 2.0.Hp: The cover property "ahb3liten.u_assumptions.assume_wrap4_word_bound:witness1" was covered in 1 cycles in 0.06 s.
INFO (IPF047): 2.0.Hp: The cover property "ahb3liten.u_assumptions.assume_wrap4_word_bound:precondition1" was covered in 1 cycles in 0.06 s.
2.0.Hp: A trace with 1 cycles was found. [0.00 s]
INFO (IPF047): 2.0.Hp: The cover property "ahb3liten.u_assumptions.assume_wrap8_word_bound:witness1" was covered in 1 cycles in 0.06 s.
INFO (IPF047): 2.0.Hp: The cover property "ahb3liten.u_assumptions.assume_wrap8_word_bound:precondition1" was covered in 1 cycles in 0.06 s.
2.0.Hp: A trace with 1 cycles was found. [0.00 s]
INFO (IPF047): 2.0.Hp: The cover property "ahb3liten.u_assumptions.assume_wrap16_word_bound:witness1" was covered in 1 cycles in 0.07 s.
INFO (IPF047): 2.0.Hp: The cover property "ahb3liten.u_assumptions.assume_wrap16_word_bound:precondition1" was covered in 1 cycles in 0.07 s.
2.0.Hp: A trace with 1 cycles was found. [0.01 s]
INFO (IPF047): 2.0.Hp: The cover property "ahb3liten.u_assumptions.assume_wrap4_hw_bound:witness1" was covered in 1 cycles in 0.07 s.
INFO (IPF047): 2.0.Hp: The cover property "ahb3liten.u_assumptions.assume_wrap4_hw_bound:precondition1" was covered in 1 cycles in 0.07 s.
2.0.Ht: Proofgrid shell started at 28821@pc9(local) jg_27470_pc9_3
2.0.Bm: pc9: Support for "CentOS Linux release 7.9.2009 (Core)" will be removed with the 2025.09 release.
2.0.Bm: Proofgrid shell started at 28842@pc9(local) jg_27470_pc9_3
2.0.Oh: pc9: Support for "CentOS Linux release 7.9.2009 (Core)" will be removed with the 2025.09 release.
2.0.Hp: Trace Attempt  2	[0.01 s]
2.0.Hp: Trace Attempt  3	[0.02 s]
2.0.Hp: Trace Attempt  4	[0.04 s]
2: ProofGrid is temporarily paused because there are too many pending traces.
2: ProofGrid is resuming to work after pausing for 0.03s. The amount of pending traces decreased.
2.0.Hp: A trace with 4 cycles was found. [0.04 s]
INFO (IPF047): 2.0.Hp: The cover property "ahb3liten.u_assumptions.assume_burst_len_incr4:witness1" was covered in 4 cycles in 0.09 s.
2.0.Hp: A trace with 4 cycles was found. [0.04 s]
INFO (IPF047): 2.0.Hp: The cover property "ahb3liten.u_assumptions.assume_burst_len_wrap4:witness1" was covered in 4 cycles in 0.09 s.
INFO (IPF047): 2.0.Hp: The cover property "ahb3liten.u_assumptions.assume_burst_len_4:witness1" was covered in 4 cycles in 0.09 s.
2.0.Hp: Trace Attempt  5	[0.04 s]
2.0.Mpcustom2: pc9: Support for "CentOS Linux release 7.9.2009 (Core)" will be removed with the 2025.09 release.
2.0.Mpcustom2: Proofgrid shell started at 28844@pc9(local) jg_27470_pc9_3
2.0.L: pc9: Support for "CentOS Linux release 7.9.2009 (Core)" will be removed with the 2025.09 release.
2.0.N: pc9: Support for "CentOS Linux release 7.9.2009 (Core)" will be removed with the 2025.09 release.
2.0.Hp: Trace Attempt  8	[0.09 s]
2.0.Hp: A trace with 8 cycles was found. [0.09 s]
INFO (IPF047): 2.0.Hp: The cover property "ahb3liten.u_assumptions.assume_burst_len_incr8:witness1" was covered in 8 cycles in 0.09 s.
2.0.Hp: A trace with 8 cycles was found. [0.09 s]
INFO (IPF047): 2.0.Hp: The cover property "ahb3liten.u_assumptions.assume_burst_len_wrap8:witness1" was covered in 8 cycles in 0.09 s.
2.0.Hp: Trace Attempt  9	[0.10 s]
2.0.Ht: clocks: 1, declared: 1, looping: 0, posedge: 1, negedge: 0, noedge: 0, bothedge: 0
2.0.Ht: Trace Attempt  1	[0.03 s]
2.0.Ht: Trace Attempt  2	[0.03 s]
2.0.Ht: Trace Attempt  3	[0.03 s]
2.0.Ht: Trace Attempt  4	[0.03 s]
2.0.Ht: Trace Attempt  5	[0.03 s]
2.0.Bm: clocks: 1, declared: 1, looping: 0, posedge: 1, negedge: 0, noedge: 0, bothedge: 0
2.0.Bm: Trace Attempt  1	[0.03 s]
2.0.Bm: Trace Attempt  2	[0.03 s]
2.0.Oh: Proofgrid shell started at 28845@pc9(local) jg_27470_pc9_3
2.0.N: Proofgrid shell started at 28860@pc9(local) jg_27470_pc9_3
2.0.Bm: Trace Attempt  3	[0.03 s]
2.0.Bm: Trace Attempt  4	[0.04 s]
2.0.Mpcustom2: clocks: 1, declared: 1, looping: 0, posedge: 1, negedge: 0, noedge: 0, bothedge: 0
2.0.Oh: clocks: 1, declared: 1, looping: 0, posedge: 1, negedge: 0, noedge: 0, bothedge: 0
2.0.Mpcustom2: Trace Attempt  1	[0.01 s]
2.0.Mpcustom2: Trace Attempt  2	[0.01 s]
2.0.Bm: Trace Attempt  5	[0.04 s]
2.0.N: clocks: 1, declared: 1, looping: 0, posedge: 1, negedge: 0, noedge: 0, bothedge: 0
2.0.Ht: Trace Attempt 16	[0.04 s]
2.0.Ht: A trace with 16 cycles was found. [0.04 s]
INFO (IPF047): 2.0.Ht: The cover property "ahb3liten.u_assumptions.assume_burst_len_incr16:witness1" was covered in 16 cycles in 0.01 s.
2.0.B: pc9: Support for "CentOS Linux release 7.9.2009 (Core)" will be removed with the 2025.09 release.
2.0.Ht: A trace with 16 cycles was found. [0.04 s]
INFO (IPF047): 2.0.Ht: The cover property "ahb3liten.u_assumptions.assume_burst_len_wrap16:witness1" was covered in 16 cycles in 0.01 s.
2.0.Ht: All properties determined. [0.04 s]
INFO (IPF144): 2: Initiating shutdown of proof [0.11 s]
2.0.Bm: Requesting engine job to terminate
2.0.Hp: Requesting engine job to terminate
2.0.L: Requesting engine job to terminate
2.0.Ht: Requesting engine job to terminate
2.0.N: Requesting engine job to terminate
2.0.Oh: Requesting engine job to terminate
2.0.B: Requesting engine job to terminate
2.0.Mpcustom2: Requesting engine job to terminate
2.0.AM: Requesting engine job to terminate
2.0.N: All properties determined. [0.00 s]
2.0.Hp: Interrupted (multi)
2.0.Hp: All properties determined. [0.00 s]
2.0.N: Exited with Success (@ 0.11 s)
2: ProofGrid usable level: 0
2.0.Bm: Trace Attempt  6	[0.04 s]
2.0.Bm: All properties determined. [0.00 s]
2.0.Ht: Exited with Success (@ 0.12 s)
2.0.Bm: Exited with Success (@ 0.12 s)
2.0.Oh: bwd trail(1): 1 0.00166561s
2.0.Oh: All properties either determined or skipped. [0.01 s]
2.0.Hp: Exited with Success (@ 0.12 s)
2.0.Oh: Exited with Success (@ 0.12 s)
2.0.Mpcustom2: All properties determined. [0.00 s]
2.0.AM: pc9: Support for "CentOS Linux release 7.9.2009 (Core)" will be removed with the 2025.09 release.
2.0.Mpcustom2: Exited with Success (@ 0.13 s)
2.0.B: Proofgrid shell started at 28867@pc9(local) jg_27470_pc9_3
2.0.B: Preventing job from starting because proof is shutting down.
2.0.B: Interrupted. [0.00 s]
2.0.L: Proofgrid shell started at 28856@pc9(local) jg_27470_pc9_3
2.0.L: Preventing job from starting because proof is shutting down.
2.0.B: Exited with Success (@ 0.14 s)
2.0.L: Interrupted. [0.00 s]
2.0.L: Exited with Success (@ 0.14 s)
2.0.AM: Proofgrid shell started at 28894@pc9(local) jg_27470_pc9_3
2.0.AM: Preventing job from starting because proof is shutting down.
2.0.AM: Interrupted. [0.00 s]
2.0.AM: Exited with Success (@ 0.16 s)
2: --------------------------------------------------------------
ProofGrid Summary (utilization 16.30 %)
--------------------------------------------------------------
     engines started                               :     9
     engine jobs started                           :     9

    Time in state (seconds)
    --------------------------------------------
               Pending     Running        Dead
    --------------------------------------------
    min           0.00        0.00        0.00
    mean          0.09        0.02        0.00
    median        0.09        0.00        0.00
    max           0.10        0.11        0.00
    sum           0.78        0.15        0.00

    Data read    : 28.77 kiB
    Data written : 4.62 kiB

INFO (IPF180): 2: ProofGrid utilization: 16.30% slot-seconds: 0.15
2: ProofGrid usable level: 0
2: All pending notifications were processed.
2: ProofGrid was paused 3 times for a total of 0.06 seconds
INFO (IPF059): 2: Completed proof on task: "<embedded>"

==============================================================
SUMMARY
==============================================================
           Properties Considered              : 76
                 assertions                   : 0
                  - proven                    : 0
                  - bounded_proven (user)     : 0
                  - bounded_proven (auto)     : 0
                  - marked_proven             : 0
                  - cex                       : 0
                  - ar_cex                    : 0
                  - undetermined              : 0
                  - unknown                   : 0
                  - error                     : 0
                 covers                       : 76
                  - unreachable               : 2 (2.63158%)
                  - bounded_unreachable (user): 0 (0%)
                  - covered                   : 74 (97.3684%)
                  - ar_covered                : 0 (0%)
                  - undetermined              : 0 (0%)
                  - unknown                   : 0 (0%)
                  - error                     : 0 (0%)
determined
determined
[<embedded>] % include scripts/fpv_setup.tcl
%% # =========================================================
%% # AHB-Lite SRAM Formal Verification Setup
%% # Role B - EE5214
%% # =========================================================
%% 
%% clear -all
INFO (IPF121): Cleared environment completely for new design analysis.
%% 
%% set ROOT [pwd]
/home/Abid.Hussain/verification/3.AHB-Lite-project
%% 
%% set top ahb3liten
ahb3liten
%% 
%% # -----------------------------
%% # STEP 1: PACKAGE FIRST (VERY IMPORTANT)
%% # -----------------------------
%% analyze -sv09 $ROOT/packages/ahb3lite_pkg.sv
[-- (VERI-1482)] Analyzing Verilog file '/mnt/cadence_tools/installs/JASPER25/lib/verilog/packages/std/std.sv' into library 'std'
[-- (VERI-1482)] Analyzing Verilog file '/home/Abid.Hussain/verification/3.AHB-Lite-project/packages/ahb3lite_pkg.sv'
%% 
%% # -----------------------------
%% # STEP 2: RTL
%% # -----------------------------
%% analyze -sv09 $ROOT/rtl/mem.sv
[-- (VERI-1482)] Analyzing Verilog file '/home/Abid.Hussain/verification/3.AHB-Lite-project/rtl/mem.sv'
%% analyze -sv09 $ROOT/rtl/design.sv
[-- (VERI-1482)] Analyzing Verilog file '/home/Abid.Hussain/verification/3.AHB-Lite-project/rtl/design.sv'
%% 
%% # -----------------------------
%% # STEP 3: SVA
%% # -----------------------------
%% analyze -sv09 $ROOT/sva/ahb_checker.sv
[-- (VERI-1482)] Analyzing Verilog file '/home/Abid.Hussain/verification/3.AHB-Lite-project/sva/ahb_checker.sv'
%% analyze -sv09 $ROOT/sva/ahb_assumptions.sv
[-- (VERI-1482)] Analyzing Verilog file '/home/Abid.Hussain/verification/3.AHB-Lite-project/sva/ahb_assumptions.sv'
%% #analyze -sv09 $ROOT/sva/ahb_cover.sv
%% 
%% # -----------------------------
%% # STEP 4: BIND
%% # -----------------------------
%% analyze -sv09 $ROOT/bind/bind_ahb.sv
[-- (VERI-1482)] Analyzing Verilog file '/home/Abid.Hussain/verification/3.AHB-Lite-project/bind/bind_ahb.sv'
%% 
%% # -----------------------------
%% # ELABORATE
%% # -----------------------------
%% elaborate -top $top -create_related_covers {precondition witness}
INFO (ISW003): Top module name is "ahb3liten".
[INFO (HIER-8002)] /home/Abid.Hussain/verification/3.AHB-Lite-project/rtl/design.sv(297): Disabling old hierarchical reference handler
[INFO (VERI-1018)] /home/Abid.Hussain/verification/3.AHB-Lite-project/rtl/mem.sv(1): compiling module 'mem:(ABITS=8)'
[INFO (VERI-2571)] /home/Abid.Hussain/verification/3.AHB-Lite-project/rtl/mem.sv(25): extracting RAM for identifier 'mem_array'
[WARN (VERI-9033)] /home/Abid.Hussain/verification/3.AHB-Lite-project/rtl/mem.sv(25): array mem_array (size 8192) automatically BLACK-BOXED. Use the "elaborate -bbox_a" command to prevent automatic black-boxing.
[INFO (VERI-1018)] /home/Abid.Hussain/verification/3.AHB-Lite-project/sva/ahb_checker.sv(1): compiling module 'ahb_checker'
[WARN (VERI-1796)] /home/Abid.Hussain/verification/3.AHB-Lite-project/sva/ahb_checker.sv(57): system function call isunknown with non-constant argument is not supported for synthesis
[WARN (VERI-1796)] /home/Abid.Hussain/verification/3.AHB-Lite-project/sva/ahb_checker.sv(57): system function call isunknown with non-constant argument is not supported for synthesis
[INFO (VERI-1018)] /home/Abid.Hussain/verification/3.AHB-Lite-project/rtl/design.sv(1): compiling module 'ahb3liten'
[WARN (VERI-1209)] /home/Abid.Hussain/verification/3.AHB-Lite-project/rtl/design.sv(113): expression size 16 truncated to fit in target size 7
[WARN (VERI-1959)] /home/Abid.Hussain/verification/3.AHB-Lite-project/rtl/design.sv(155): left shift count >= width of value
[WARN (VERI-1959)] /home/Abid.Hussain/verification/3.AHB-Lite-project/rtl/design.sv(156): left shift count >= width of value
[WARN (VERI-1959)] /home/Abid.Hussain/verification/3.AHB-Lite-project/rtl/design.sv(157): left shift count >= width of value
[WARN (VERI-1209)] /home/Abid.Hussain/verification/3.AHB-Lite-project/rtl/design.sv(126): expression size 32 truncated to fit in target size 16
[WARN (VERI-1209)] /home/Abid.Hussain/verification/3.AHB-Lite-project/rtl/design.sv(127): expression size 32 truncated to fit in target size 16
[WARN (VERI-1209)] /home/Abid.Hussain/verification/3.AHB-Lite-project/rtl/design.sv(128): expression size 32 truncated to fit in target size 16
[WARN (VERI-1209)] /home/Abid.Hussain/verification/3.AHB-Lite-project/rtl/design.sv(129): expression size 32 truncated to fit in target size 16
[WARN (VERI-1209)] /home/Abid.Hussain/verification/3.AHB-Lite-project/rtl/design.sv(130): expression size 32 truncated to fit in target size 16
[WARN (VERI-1209)] /home/Abid.Hussain/verification/3.AHB-Lite-project/rtl/design.sv(131): expression size 32 truncated to fit in target size 16
[WARN (VERI-1209)] /home/Abid.Hussain/verification/3.AHB-Lite-project/rtl/design.sv(132): expression size 32 truncated to fit in target size 16
[WARN (VERI-1209)] /home/Abid.Hussain/verification/3.AHB-Lite-project/rtl/design.sv(133): expression size 32 truncated to fit in target size 16
INFO (INL208): Elaboration synthesis summary:
  Number of synthesized netlists          4 (1 packages)
  Single run mode                         On
  Pipeline                                On (3 pipelined netlists)
  Late hierarchical reference connection  On
  Number of analyzed Verilog modules      6 (4 synthesized)
  Number of analyzed VHDL entities        0 (0 synthesized)
  Advanced Incremental run mode           Off
INFO (INL003): Clearing all state information (assumes, stopats, and so forth).
ahb3liten
%% 
%% # -----------------------------
%% # CLOCK / RESET
%% # -----------------------------
%% clock HCLK
%% reset !HRESETn
INFO (IPM031): Clearing proof results of all properties.
INFO (IRS006): Current reset condition is "HRESETn".
%% 
%% # -----------------------------
%% # PROVE
%% # -----------------------------
%% prove -all
INFO (IPF036): Starting proof on task: "<embedded>", 31 properties to prove with 0 already proven/unreachable
INFO (IRS029): Starting reset analysis: phase 1 of 4.
INFO (IRS030): Running reset analysis: phase 2 of 4.
INFO (IRS031): Running reset analysis: phase 3 of 4.
INFO (IRS020): Starting the reset analysis simulation with a limit of 100 iterations (phase 4 of 4).
INFO (ISIM006): Running simulation: {mode = single, probe = all}.
INFO (IRS024): Reset iterations 0 to 4 analyzed.
INFO (ISIM008): Simulation is processing trace data. Total number of nets in analysis 1284.
INFO (IRS018): Reset analysis simulation executed for 3 iterations. Assigned values for 2 of 113 design flops, 0 of 0 design latches, 89 of 283 internal elements.
INFO (IRS039): Reset analysis complete.
INFO (IPF031): Settings used for proof thread 2:
    orchestration                      = on
    time_limit                         = 86400s
    per_property_time_limit            = 1s * 10 ^ scan
    engine_mode                        = auto
    proofgrid_per_engine_max_jobs      = 1
    max engine jobs                    = auto
    proofgrid_mode                     = local
    proofgrid_restarts                 = 10
2.0.PRE: A proof was found: No trace exists. [0.00 s]
INFO (IPF057): 2.0.PRE: The property "ahb3liten.u_checker._assert_1" was proven in 0.00 s.
2.0.PRE: A proof was found: No trace exists. [0.00 s]
INFO (IPF051): 2.0.PRE: The cover property "ahb3liten.u_checker._assert_1:witness1" was proven unreachable in 0.00 s.
2.0.PRE: A proof was found: No trace exists. [0.00 s]
INFO (IPF051): 2.0.PRE: The cover property "ahb3liten.u_checker._assert_1:precondition1" was proven unreachable in 0.00 s.
2.0.PRE: A proof was found: No trace exists. [0.00 s]
INFO (IPF057): 2.0.PRE: The property "ahb3liten.u_checker._assert_2" was proven in 0.00 s.
2.0.PRE: A proof was found: No trace exists. [0.00 s]
INFO (IPF057): 2.0.PRE: The property "ahb3liten.u_checker._assert_3" was proven in 0.00 s.
2.0.PRE: A proof was found: No trace exists. [0.00 s]
INFO (IPF057): 2.0.PRE: The property "ahb3liten.u_checker._assert_11" was proven in 0.00 s.
2.0.PRE: A proof was found: No trace exists. [0.00 s]
INFO (IPF051): 2.0.PRE: The cover property "ahb3liten.u_checker._assert_11:witness1" was proven unreachable in 0.00 s.
2.0.PRE: A proof was found: No trace exists. [0.00 s]
INFO (IPF051): 2.0.PRE: The cover property "ahb3liten.u_checker._assert_11:precondition1" was proven unreachable in 0.00 s.
2: Found proofs for 8 properties in preprocessing
2: Using multistage preprocessing
2: Starting reduce
2: Finished reduce in 0s
2.0.PRE: Performing Proof Simplification...
2.0.Hp: clocks: 1, declared: 1, looping: 0, posedge: 1, negedge: 0, noedge: 0, bothedge: 0
2.0.Hp: Proof Simplification Iteration 1	[0.00 s]
2.0.PRE: A trace with 1 cycles was found. [0.00 s]
INFO (IPF047): 2.0.PRE: The cover property "ahb3liten.u_checker._assert_2:witness1" was covered in 1 cycles in 0.00 s.
INFO (IPF047): 2.0.PRE: The cover property "ahb3liten.u_checker._assert_3:witness1" was covered in 1 cycles in 0.00 s.
INFO (IPF047): 2.0.PRE: The cover property "ahb3liten.u_checker._assert_7:witness1" was covered in 1 cycles in 0.00 s.
INFO (IPF047): 2.0.PRE: The cover property "ahb3liten.u_checker._assert_7:precondition1" was covered in 1 cycles in 0.00 s.
INFO (IPF047): 2.0.PRE: The cover property "ahb3liten.u_checker._assert_9:witness1" was covered in 1 cycles in 0.00 s.
INFO (IPF047): 2.0.PRE: The cover property "ahb3liten.u_checker._assert_9:precondition1" was covered in 1 cycles in 0.00 s.
2.0.Hp: Proof Simplification Iteration 2	[0.01 s]
2.0.Hp: Proof Simplification Iteration 3	[0.01 s]
2.0.Hp: Proof Simplification Iteration 4	[0.01 s]
2.0.Hp: Proof Simplification Iteration 5	[0.01 s]
2.0.Hp: Proof Simplification Iteration 6	[0.01 s]
2.0.Hp: Proof Simplification Iteration 7	[0.01 s]
2.0.Hp: Proof Simplification Iteration 8	[0.01 s]
2.0.Hp: Proof Simplification Iteration 9	[0.01 s]
2.0.PRE: A proof was found: No trace exists. [0.00 s]
INFO (IPF057): 2.0.PRE: The property "ahb3liten.u_checker._assert_9" was proven in 0.00 s.
2.0.Hp: Proof Simplification Iteration 10	[0.01 s]
2.0.PRE: A proof was found: No trace exists. [0.00 s]
INFO (IPF057): 2.0.PRE: The property ":noDeadEnd" was proven in 0.00 s.
    Use check_assumptions -show -dead_end to show this property in the property table.
2.0.PRE: A proof was found: No trace exists. [0.00 s]
INFO (IPF057): 2.0.PRE: The property ":noConflict" was proven in 0.00 s.
    Use check_assumptions -show to show this property in the property table.
INFO (IPF047): 2.0.PRE: The cover property ":live" was covered in 1 cycles in 0.00 s.
    Use check_assumptions -show -live to show this property in the property table.
2.0.PRE: Proof Simplification completed in 0.01 s
2.0.Hp: Identified and disabled 5 duplicated targets.
2: About to start ProofGrid in its own thread with a limit of 10000 pending notifications and a limit of 10 traces.
2: ============================= ProofGrid (v3) start =============================
2: ProofGrid usable level: 16
2: Initial ProofGrid level: 1
2: ProofGrid is starting event handling
2: Computed task hash in 0.00ss
2.0.Hp: pc9: Support for "CentOS Linux release 7.9.2009 (Core)" will be removed with the 2025.09 release.
2.0.Ht: pc9: Support for "CentOS Linux release 7.9.2009 (Core)" will be removed with the 2025.09 release.
2: ProofGrid usable level: 16
2.0.Hp: Proofgrid shell started at 29840@pc9(local) jg_27470_pc9_4
2: ProofGrid usable level: 16
2: ProofGrid usable level: 16
2.0.Hp: clocks: 1, declared: 1, looping: 0, posedge: 1, negedge: 0, noedge: 0, bothedge: 0
2: ProofGrid usable level: 16
2.0.Ht: Proofgrid shell started at 29860@pc9(local) jg_27470_pc9_4
2: ProofGrid usable level: 16
2.0.Bm: pc9: Support for "CentOS Linux release 7.9.2009 (Core)" will be removed with the 2025.09 release.
2.0.Mpcustom2: pc9: Support for "CentOS Linux release 7.9.2009 (Core)" will be removed with the 2025.09 release.
2.0.Oh: pc9: Support for "CentOS Linux release 7.9.2009 (Core)" will be removed with the 2025.09 release.
2.0.Hp: Trace Attempt  1	[0.00 s]
2.0.Hp: A trace with 1 cycles was found. [0.00 s]
INFO (IPF047): 2.0.Hp: The cover property "ahb3liten.u_checker._assert_5:precondition1" was covered in 1 cycles in 0.00 s.
2.0.Hp: A trace with 1 cycles was found. [0.00 s]
INFO (IPF047): 2.0.Hp: The cover property "ahb3liten.u_checker._assert_6:precondition1" was covered in 1 cycles in 0.00 s.
2.0.Hp: A trace with 1 cycles was found. [0.00 s]
INFO (IPF055): 2.0.Hp: A counterexample (cex) with 1 cycles was found for the property "ahb3liten.u_checker._assert_7" in 0.00 s.
2.0.Hp: A trace with 1 cycles was found. [0.00 s]
INFO (IPF055): 2.0.Hp: A counterexample (cex) with 1 cycles was found for the property "ahb3liten.u_checker._assert_8" in 0.00 s.
INFO (IPF047): 2.0.Hp: The cover property "ahb3liten.u_checker._assert_8:precondition1" was covered in 1 cycles in 0.00 s.
2.0.Hp: A trace with 1 cycles was found. [0.00 s]
INFO (IPF047): 2.0.Hp: The cover property "ahb3liten.u_checker._assert_8:witness1" was covered in 1 cycles in 0.01 s.
2: ProofGrid is temporarily paused because there are too many pending traces.
2: ProofGrid is resuming to work after pausing for 0.01s. The amount of pending traces decreased.
2.0.Hp: A trace with 1 cycles was found. [0.00 s]
INFO (IPF047): 2.0.Hp: The cover property "ahb3liten.u_checker._assert_10:precondition1" was covered in 1 cycles in 0.01 s.
2.0.Hp: A proof was found: No trace exists. [0.01 s]
INFO (IPF051): 2.0.Hp: The cover property "ahb3liten.u_checker._assert_5:witness1" was proven unreachable in 0.01 s.
2.0.Hp: Trace Attempt  2	[0.01 s]
2.0.Hp: A trace with 2 cycles was found. [0.01 s]
INFO (IPF055): 2.0.Hp: A counterexample (cex) with 2 cycles was found for the property "ahb3liten.u_checker._assert_4" in 0.01 s.
INFO (IPF047): 2.0.Hp: The cover property "ahb3liten.u_checker._assert_4:precondition1" was covered in 2 cycles in 0.01 s.
2.0.Hp: A trace with 2 cycles was found. [0.01 s]
INFO (IPF047): 2.0.Hp: The cover property "ahb3liten.u_checker._assert_4:witness1" was covered in 2 cycles in 0.01 s.
2.0.Hp: A trace with 2 cycles was found. [0.01 s]
INFO (IPF055): 2.0.Hp: A counterexample (cex) with 2 cycles was found for the property "ahb3liten.u_checker._assert_5" in 0.02 s.
2.0.Hp: A trace with 2 cycles was found. [0.01 s]
INFO (IPF047): 2.0.Hp: The cover property "ahb3liten.u_checker._assert_6:witness1" was covered in 2 cycles in 0.02 s.
2: ProofGrid is temporarily paused because there are too many pending traces.
2: ProofGrid is resuming to work after pausing for 0.01s. The amount of pending traces decreased.
2.0.Hp: A trace with 2 cycles was found. [0.01 s]
INFO (IPF047): 2.0.Hp: The cover property "ahb3liten.u_checker._assert_10:witness1" was covered in 2 cycles in 0.02 s.
2.0.Hp: Using autonomous factor loop
2.0.Hp: Next scan (0) will use per property time limit: 1s * 10 ^ 0 = 1s
2.0.Hp: Outbound connection closed
2.0.Bm: Proofgrid shell started at 29881@pc9(local) jg_27470_pc9_4
2.0.Mpcustom2: Proofgrid shell started at 29883@pc9(local) jg_27470_pc9_4
2.0.Oh: Proofgrid shell started at 29884@pc9(local) jg_27470_pc9_4
2.0.L: pc9: Support for "CentOS Linux release 7.9.2009 (Core)" will be removed with the 2025.09 release.
2.0.L: Proofgrid shell started at 29885@pc9(local) jg_27470_pc9_4
2.0.Hp: Trace Attempt  1	[0.00 s]
2.0.Hp: Trace Attempt  2	[0.01 s]
2.0.Hp: A trace with 1+1 cycles was found (stem + loop). [0.01 s]
INFO (IPF069): 2.0.Hp: A counterexample (cex) with 1+1 cycles was found for the property "ahb3liten.u_checker._assert_6" in 0.00 s (stem + loop).
2.0.Hp: Trace Attempt  1	[0.00 s]
2.0.Hp: Trace Attempt  2	[0.01 s]
2.0.Hp: A trace with 1+1 cycles was found (stem + loop). [0.01 s]
INFO (IPF069): 2.0.Hp: A counterexample (cex) with 1+1 cycles was found for the property "ahb3liten.u_checker._assert_10" in 0.00 s (stem + loop).
2.0.Hp: All properties determined. [0.01 s]
INFO (IPF144): 2: Initiating shutdown of proof [0.07 s]
2.0.AM: Requesting engine job to terminate
2.0.N: Requesting engine job to terminate
2.0.B: Requesting engine job to terminate
2.0.Ht: Requesting engine job to terminate
2.0.Bm: Requesting engine job to terminate
2.0.L: Requesting engine job to terminate
2.0.Mpcustom2: Requesting engine job to terminate
2.0.Oh: Requesting engine job to terminate
2.0.Hp: Requesting engine job to terminate
2.0.Hp: Outbound connection closed
2.0.Hp: Outbound connection closed
2.0.L: Preventing job from starting because proof is shutting down.
2.0.L: Interrupted. [0.00 s]
2.0.Hp: Exited with Success (@ 0.07 s)
2: ProofGrid usable level: 0
2.0.Ht: Interrupted. [0.00 s]
2.0.Bm: Interrupted. [0.00 s]
2.0.Mpcustom2: Interrupted. [0.00 s]
2.0.Ht: Exited with Success (@ 0.07 s)
2.0.L: Exited with Success (@ 0.07 s)
2.0.Bm: Exited with Success (@ 0.07 s)
2.0.Oh: Interrupted. [0.01 s]
2.0.Mpcustom2: Exited with Success (@ 0.08 s)
2.0.Oh: Exited with Success (@ 0.08 s)
2.0.B: pc9: Support for "CentOS Linux release 7.9.2009 (Core)" will be removed with the 2025.09 release.
2.0.AM: pc9: Support for "CentOS Linux release 7.9.2009 (Core)" will be removed with the 2025.09 release.
2.0.N: pc9: Support for "CentOS Linux release 7.9.2009 (Core)" will be removed with the 2025.09 release.
2.0.B: Proofgrid shell started at 29947@pc9(local) jg_27470_pc9_4
2.0.B: Preventing job from starting because proof is shutting down.
2.0.B: Interrupted. [0.00 s]
2.0.B: Exited with Success (@ 0.11 s)
2.0.AM: Proofgrid shell started at 29952@pc9(local) jg_27470_pc9_4
2.0.AM: Preventing job from starting because proof is shutting down.
2.0.AM: Interrupted. [0.00 s]
2.0.AM: Exited with Success (@ 0.11 s)
2.0.N: Proofgrid shell started at 29945@pc9(local) jg_27470_pc9_4
2.0.N: Preventing job from starting because proof is shutting down.
2.0.N: Interrupted. [0.00 s]
2.0.N: Exited with Success (@ 0.11 s)
2: --------------------------------------------------------------
ProofGrid Summary (utilization 12.59 %)
--------------------------------------------------------------
     engines started                               :     9
     engine jobs started                           :     9

    Time in state (seconds)
    --------------------------------------------
               Pending     Running        Dead
    --------------------------------------------
    min           0.00        0.00        0.00
    mean          0.05        0.01        0.00
    median        0.05        0.00        0.00
    max           0.07        0.07        0.00
    sum           0.47        0.07        0.00

    Data read    : 41.80 kiB
    Data written : 1.84 kiB

INFO (IPF180): 2: ProofGrid utilization: 12.59% slot-seconds: 0.07
2: ProofGrid usable level: 0
2: All pending notifications were processed.
2: ProofGrid was paused 2 times for a total of 0.02 seconds
INFO (IPF059): 2: Completed proof on task: "<embedded>"

==============================================================
SUMMARY
==============================================================
           Properties Considered              : 31
                 assertions                   : 11
                  - proven                    : 5 (45.4545%)
                  - bounded_proven (user)     : 0 (0%)
                  - bounded_proven (auto)     : 0 (0%)
                  - marked_proven             : 0 (0%)
                  - cex                       : 6 (54.5455%)
                  - ar_cex                    : 0 (0%)
                  - undetermined              : 0 (0%)
                  - unknown                   : 0 (0%)
                  - error                     : 0 (0%)
                 covers                       : 20
                  - unreachable               : 5 (25%)
                  - bounded_unreachable (user): 0 (0%)
                  - covered                   : 15 (75%)
                  - ar_covered                : 0 (0%)
                  - undetermined              : 0 (0%)
                  - unknown                   : 0 (0%)
                  - error                     : 0 (0%)
determined
determined
[<embedded>] % visualize -violation -property <embedded>::ahb3liten.u_checker._assert_10 -new_window
INFO (IVS015): Setting Visualize task to "<embedded>".
INFO (IVS008): Expanding analysis region to enable visualization of "<embedded>::ahb3liten.u_checker._assert_10".
cex
[<embedded>] % visualize -violation -property <embedded>::ahb3liten.u_checker._assert_4 -new_window
INFO (IVS015): Setting Visualize task to "<embedded>".
INFO (IVS008): Expanding analysis region to enable visualization of "<embedded>::ahb3liten.u_checker._assert_4".
cex
[<embedded>] % include scripts/fpv_setup.tcl
%% # =========================================================
%% # AHB-Lite SRAM Formal Verification Setup
%% # Role B - EE5214
%% # =========================================================
%% 
%% clear -all
INFO (IPF121): Cleared environment completely for new design analysis.
%% 
%% set ROOT [pwd]
/home/Abid.Hussain/verification/3.AHB-Lite-project
%% 
%% set top ahb3liten
ahb3liten
%% 
%% # -----------------------------
%% # STEP 1: PACKAGE FIRST (VERY IMPORTANT)
%% # -----------------------------
%% analyze -sv09 $ROOT/packages/ahb3lite_pkg.sv
[-- (VERI-1482)] Analyzing Verilog file '/mnt/cadence_tools/installs/JASPER25/lib/verilog/packages/std/std.sv' into library 'std'
[-- (VERI-1482)] Analyzing Verilog file '/home/Abid.Hussain/verification/3.AHB-Lite-project/packages/ahb3lite_pkg.sv'
%% 
%% # -----------------------------
%% # STEP 2: RTL
%% # -----------------------------
%% analyze -sv09 $ROOT/rtl/mem.sv
[-- (VERI-1482)] Analyzing Verilog file '/home/Abid.Hussain/verification/3.AHB-Lite-project/rtl/mem.sv'
%% analyze -sv09 $ROOT/rtl/design.sv
[-- (VERI-1482)] Analyzing Verilog file '/home/Abid.Hussain/verification/3.AHB-Lite-project/rtl/design.sv'
%% 
%% # -----------------------------
%% # STEP 3: SVA
%% # -----------------------------
%% analyze -sv09 $ROOT/sva/ahb_checker.sv
[-- (VERI-1482)] Analyzing Verilog file '/home/Abid.Hussain/verification/3.AHB-Lite-project/sva/ahb_checker.sv'
%% analyze -sv09 $ROOT/sva/ahb_assumptions.sv
[-- (VERI-1482)] Analyzing Verilog file '/home/Abid.Hussain/verification/3.AHB-Lite-project/sva/ahb_assumptions.sv'
%% #analyze -sv09 $ROOT/sva/ahb_cover.sv
%% 
%% # -----------------------------
%% # STEP 4: BIND
%% # -----------------------------
%% analyze -sv09 $ROOT/bind/bind_ahb.sv
[-- (VERI-1482)] Analyzing Verilog file '/home/Abid.Hussain/verification/3.AHB-Lite-project/bind/bind_ahb.sv'
%% 
%% # -----------------------------
%% # ELABORATE
%% # -----------------------------
%% elaborate -top $top -create_related_covers {precondition witness}
INFO (ISW003): Top module name is "ahb3liten".
[INFO (HIER-8002)] /home/Abid.Hussain/verification/3.AHB-Lite-project/rtl/design.sv(297): Disabling old hierarchical reference handler
[INFO (VERI-1018)] /home/Abid.Hussain/verification/3.AHB-Lite-project/rtl/mem.sv(1): compiling module 'mem:(ABITS=8)'
[INFO (VERI-2571)] /home/Abid.Hussain/verification/3.AHB-Lite-project/rtl/mem.sv(25): extracting RAM for identifier 'mem_array'
[WARN (VERI-9033)] /home/Abid.Hussain/verification/3.AHB-Lite-project/rtl/mem.sv(25): array mem_array (size 8192) automatically BLACK-BOXED. Use the "elaborate -bbox_a" command to prevent automatic black-boxing.
[INFO (VERI-1018)] /home/Abid.Hussain/verification/3.AHB-Lite-project/sva/ahb_checker.sv(1): compiling module 'ahb_checker'
[WARN (VERI-1796)] /home/Abid.Hussain/verification/3.AHB-Lite-project/sva/ahb_checker.sv(57): system function call isunknown with non-constant argument is not supported for synthesis
[WARN (VERI-1796)] /home/Abid.Hussain/verification/3.AHB-Lite-project/sva/ahb_checker.sv(57): system function call isunknown with non-constant argument is not supported for synthesis
[INFO (VERI-1018)] /home/Abid.Hussain/verification/3.AHB-Lite-project/rtl/design.sv(1): compiling module 'ahb3liten'
[WARN (VERI-1209)] /home/Abid.Hussain/verification/3.AHB-Lite-project/rtl/design.sv(113): expression size 16 truncated to fit in target size 7
[WARN (VERI-1959)] /home/Abid.Hussain/verification/3.AHB-Lite-project/rtl/design.sv(155): left shift count >= width of value
[WARN (VERI-1959)] /home/Abid.Hussain/verification/3.AHB-Lite-project/rtl/design.sv(156): left shift count >= width of value
[WARN (VERI-1959)] /home/Abid.Hussain/verification/3.AHB-Lite-project/rtl/design.sv(157): left shift count >= width of value
[WARN (VERI-1209)] /home/Abid.Hussain/verification/3.AHB-Lite-project/rtl/design.sv(126): expression size 32 truncated to fit in target size 16
[WARN (VERI-1209)] /home/Abid.Hussain/verification/3.AHB-Lite-project/rtl/design.sv(127): expression size 32 truncated to fit in target size 16
[WARN (VERI-1209)] /home/Abid.Hussain/verification/3.AHB-Lite-project/rtl/design.sv(128): expression size 32 truncated to fit in target size 16
[WARN (VERI-1209)] /home/Abid.Hussain/verification/3.AHB-Lite-project/rtl/design.sv(129): expression size 32 truncated to fit in target size 16
[WARN (VERI-1209)] /home/Abid.Hussain/verification/3.AHB-Lite-project/rtl/design.sv(130): expression size 32 truncated to fit in target size 16
[WARN (VERI-1209)] /home/Abid.Hussain/verification/3.AHB-Lite-project/rtl/design.sv(131): expression size 32 truncated to fit in target size 16
[WARN (VERI-1209)] /home/Abid.Hussain/verification/3.AHB-Lite-project/rtl/design.sv(132): expression size 32 truncated to fit in target size 16
[WARN (VERI-1209)] /home/Abid.Hussain/verification/3.AHB-Lite-project/rtl/design.sv(133): expression size 32 truncated to fit in target size 16
INFO (INL208): Elaboration synthesis summary:
  Number of synthesized netlists          4 (1 packages)
  Single run mode                         On
  Pipeline                                On (3 pipelined netlists)
  Late hierarchical reference connection  On
  Number of analyzed Verilog modules      6 (4 synthesized)
  Number of analyzed VHDL entities        0 (0 synthesized)
  Advanced Incremental run mode           Off
INFO (INL003): Clearing all state information (assumes, stopats, and so forth).
ahb3liten
%% 
%% # -----------------------------
%% # CLOCK / RESET
%% # -----------------------------
%% clock HCLK
%% reset !HRESETn
INFO (IPM031): Clearing proof results of all properties.
INFO (IRS006): Current reset condition is "HRESETn".
%% 
%% # -----------------------------
%% # PROVE
%% # -----------------------------
%% prove -all
INFO (IPF036): Starting proof on task: "<embedded>", 31 properties to prove with 0 already proven/unreachable
INFO (IRS029): Starting reset analysis: phase 1 of 4.
INFO (IRS030): Running reset analysis: phase 2 of 4.
INFO (IRS031): Running reset analysis: phase 3 of 4.
INFO (IRS020): Starting the reset analysis simulation with a limit of 100 iterations (phase 4 of 4).
INFO (ISIM006): Running simulation: {mode = single, probe = all}.
INFO (IRS024): Reset iterations 0 to 4 analyzed.
INFO (ISIM008): Simulation is processing trace data. Total number of nets in analysis 1284.
INFO (IRS018): Reset analysis simulation executed for 3 iterations. Assigned values for 2 of 113 design flops, 0 of 0 design latches, 89 of 283 internal elements.
INFO (IRS039): Reset analysis complete.
INFO (IPF031): Settings used for proof thread 2:
    orchestration                      = on
    time_limit                         = 86400s
    per_property_time_limit            = 1s * 10 ^ scan
    engine_mode                        = auto
    proofgrid_per_engine_max_jobs      = 1
    max engine jobs                    = auto
    proofgrid_mode                     = local
    proofgrid_restarts                 = 10
2.0.PRE: A proof was found: No trace exists. [0.00 s]
INFO (IPF057): 2.0.PRE: The property "ahb3liten.u_checker._assert_1" was proven in 0.00 s.
2.0.PRE: A proof was found: No trace exists. [0.00 s]
INFO (IPF051): 2.0.PRE: The cover property "ahb3liten.u_checker._assert_1:witness1" was proven unreachable in 0.00 s.
2.0.PRE: A proof was found: No trace exists. [0.00 s]
INFO (IPF051): 2.0.PRE: The cover property "ahb3liten.u_checker._assert_1:precondition1" was proven unreachable in 0.00 s.
2.0.PRE: A proof was found: No trace exists. [0.00 s]
INFO (IPF057): 2.0.PRE: The property "ahb3liten.u_checker._assert_2" was proven in 0.00 s.
2.0.PRE: A proof was found: No trace exists. [0.00 s]
INFO (IPF057): 2.0.PRE: The property "ahb3liten.u_checker._assert_3" was proven in 0.00 s.
2.0.PRE: A proof was found: No trace exists. [0.00 s]
INFO (IPF057): 2.0.PRE: The property "ahb3liten.u_checker._assert_11" was proven in 0.00 s.
2.0.PRE: A proof was found: No trace exists. [0.00 s]
INFO (IPF051): 2.0.PRE: The cover property "ahb3liten.u_checker._assert_11:witness1" was proven unreachable in 0.00 s.
2.0.PRE: A proof was found: No trace exists. [0.00 s]
INFO (IPF051): 2.0.PRE: The cover property "ahb3liten.u_checker._assert_11:precondition1" was proven unreachable in 0.00 s.
2: Found proofs for 8 properties in preprocessing
2: Using multistage preprocessing
2: Starting reduce
2: Finished reduce in 0s
2.0.PRE: Performing Proof Simplification...
2.0.Hp: clocks: 1, declared: 1, looping: 0, posedge: 1, negedge: 0, noedge: 0, bothedge: 0
2.0.Hp: Proof Simplification Iteration 1	[0.00 s]
2.0.PRE: A trace with 1 cycles was found. [0.00 s]
INFO (IPF047): 2.0.PRE: The cover property "ahb3liten.u_checker._assert_2:witness1" was covered in 1 cycles in 0.00 s.
INFO (IPF047): 2.0.PRE: The cover property "ahb3liten.u_checker._assert_3:witness1" was covered in 1 cycles in 0.00 s.
INFO (IPF047): 2.0.PRE: The cover property "ahb3liten.u_checker._assert_7:witness1" was covered in 1 cycles in 0.00 s.
INFO (IPF047): 2.0.PRE: The cover property "ahb3liten.u_checker._assert_7:precondition1" was covered in 1 cycles in 0.00 s.
INFO (IPF047): 2.0.PRE: The cover property "ahb3liten.u_checker._assert_9:witness1" was covered in 1 cycles in 0.00 s.
INFO (IPF047): 2.0.PRE: The cover property "ahb3liten.u_checker._assert_9:precondition1" was covered in 1 cycles in 0.00 s.
2.0.Hp: Proof Simplification Iteration 2	[0.01 s]
2.0.Hp: Proof Simplification Iteration 3	[0.01 s]
2.0.Hp: Proof Simplification Iteration 4	[0.01 s]
2.0.Hp: Proof Simplification Iteration 5	[0.01 s]
2.0.Hp: Proof Simplification Iteration 6	[0.01 s]
2.0.Hp: Proof Simplification Iteration 7	[0.01 s]
2.0.Hp: Proof Simplification Iteration 8	[0.01 s]
2.0.Hp: Proof Simplification Iteration 9	[0.01 s]
2.0.PRE: A proof was found: No trace exists. [0.00 s]
INFO (IPF057): 2.0.PRE: The property "ahb3liten.u_checker._assert_9" was proven in 0.00 s.
2.0.Hp: Proof Simplification Iteration 10	[0.01 s]
2.0.PRE: A proof was found: No trace exists. [0.00 s]
INFO (IPF057): 2.0.PRE: The property ":noDeadEnd" was proven in 0.00 s.
    Use check_assumptions -show -dead_end to show this property in the property table.
2.0.PRE: A proof was found: No trace exists. [0.00 s]
INFO (IPF057): 2.0.PRE: The property ":noConflict" was proven in 0.00 s.
    Use check_assumptions -show to show this property in the property table.
INFO (IPF047): 2.0.PRE: The cover property ":live" was covered in 1 cycles in 0.00 s.
    Use check_assumptions -show -live to show this property in the property table.
2.0.PRE: Proof Simplification completed in 0.02 s
2.0.Hp: Identified and disabled 5 duplicated targets.
2: About to start ProofGrid in its own thread with a limit of 10000 pending notifications and a limit of 10 traces.
2: ============================= ProofGrid (v3) start =============================
2: ProofGrid usable level: 16
2: Initial ProofGrid level: 1
2: ProofGrid is starting event handling
2: Computed task hash in 0.00ss
2.0.Hp: pc9: Support for "CentOS Linux release 7.9.2009 (Core)" will be removed with the 2025.09 release.
2.0.Ht: pc9: Support for "CentOS Linux release 7.9.2009 (Core)" will be removed with the 2025.09 release.
2: ProofGrid usable level: 16
2.0.Hp: Proofgrid shell started at 30664@pc9(local) jg_27470_pc9_5
2: ProofGrid usable level: 16
2: ProofGrid usable level: 16
2.0.Hp: clocks: 1, declared: 1, looping: 0, posedge: 1, negedge: 0, noedge: 0, bothedge: 0
2: ProofGrid usable level: 16
2: ProofGrid usable level: 16
2.0.Hp: Trace Attempt  1	[0.00 s]
2.0.Hp: A trace with 1 cycles was found. [0.00 s]
INFO (IPF047): 2.0.Hp: The cover property "ahb3liten.u_checker._assert_5:precondition1" was covered in 1 cycles in 0.01 s.
2.0.Hp: A trace with 1 cycles was found. [0.00 s]
INFO (IPF047): 2.0.Hp: The cover property "ahb3liten.u_checker._assert_6:precondition1" was covered in 1 cycles in 0.01 s.
2.0.Hp: A trace with 1 cycles was found. [0.00 s]
INFO (IPF055): 2.0.Hp: A counterexample (cex) with 1 cycles was found for the property "ahb3liten.u_checker._assert_7" in 0.01 s.
2.0.Hp: A trace with 1 cycles was found. [0.00 s]
INFO (IPF055): 2.0.Hp: A counterexample (cex) with 1 cycles was found for the property "ahb3liten.u_checker._assert_8" in 0.01 s.
INFO (IPF047): 2.0.Hp: The cover property "ahb3liten.u_checker._assert_8:precondition1" was covered in 1 cycles in 0.01 s.
2.0.Hp: A trace with 1 cycles was found. [0.00 s]
INFO (IPF047): 2.0.Hp: The cover property "ahb3liten.u_checker._assert_8:witness1" was covered in 1 cycles in 0.01 s.
2: ProofGrid is temporarily paused because there are too many pending traces.
2: ProofGrid is resuming to work after pausing for 0.01s. The amount of pending traces decreased.
2.0.Hp: A trace with 1 cycles was found. [0.00 s]
INFO (IPF047): 2.0.Hp: The cover property "ahb3liten.u_checker._assert_10:precondition1" was covered in 1 cycles in 0.02 s.
2.0.Hp: A proof was found: No trace exists. [0.01 s]
INFO (IPF051): 2.0.Hp: The cover property "ahb3liten.u_checker._assert_5:witness1" was proven unreachable in 0.02 s.
2.0.Hp: Trace Attempt  2	[0.01 s]
2.0.Hp: A trace with 2 cycles was found. [0.01 s]
INFO (IPF055): 2.0.Hp: A counterexample (cex) with 2 cycles was found for the property "ahb3liten.u_checker._assert_4" in 0.02 s.
INFO (IPF047): 2.0.Hp: The cover property "ahb3liten.u_checker._assert_4:precondition1" was covered in 2 cycles in 0.02 s.
2.0.Hp: A trace with 2 cycles was found. [0.01 s]
INFO (IPF047): 2.0.Hp: The cover property "ahb3liten.u_checker._assert_4:witness1" was covered in 2 cycles in 0.02 s.
2.0.Hp: A trace with 2 cycles was found. [0.01 s]
INFO (IPF055): 2.0.Hp: A counterexample (cex) with 2 cycles was found for the property "ahb3liten.u_checker._assert_5" in 0.02 s.
2.0.Hp: A trace with 2 cycles was found. [0.01 s]
INFO (IPF047): 2.0.Hp: The cover property "ahb3liten.u_checker._assert_6:witness1" was covered in 2 cycles in 0.03 s.
2: ProofGrid is temporarily paused because there are too many pending traces.
2: ProofGrid is resuming to work after pausing for 0.01s. The amount of pending traces decreased.
2.0.Hp: A trace with 2 cycles was found. [0.01 s]
INFO (IPF047): 2.0.Hp: The cover property "ahb3liten.u_checker._assert_10:witness1" was covered in 2 cycles in 0.03 s.
2.0.Hp: Using autonomous factor loop
2.0.Hp: Next scan (0) will use per property time limit: 1s * 10 ^ 0 = 1s
2.0.Hp: Trace Attempt  1	[0.00 s]
2.0.Hp: Trace Attempt  2	[0.01 s]
2.0.Hp: A trace with 1+1 cycles was found (stem + loop). [0.01 s]
INFO (IPF069): 2.0.Hp: A counterexample (cex) with 1+1 cycles was found for the property "ahb3liten.u_checker._assert_6" in 0.00 s (stem + loop).
2.0.Hp: Trace Attempt  1	[0.01 s]
2.0.Hp: Trace Attempt  2	[0.01 s]
2.0.Hp: A trace with 1+1 cycles was found (stem + loop). [0.01 s]
INFO (IPF069): 2.0.Hp: A counterexample (cex) with 1+1 cycles was found for the property "ahb3liten.u_checker._assert_10" in 0.00 s (stem + loop).
2.0.Hp: All properties determined. [0.01 s]
INFO (IPF144): 2: Initiating shutdown of proof [0.04 s]
2.0.Mpcustom2: Requesting engine job to terminate
2.0.AM: Requesting engine job to terminate
2.0.B: Requesting engine job to terminate
2.0.N: Requesting engine job to terminate
2.0.L: Requesting engine job to terminate
2.0.Ht: Requesting engine job to terminate
2.0.Oh: Requesting engine job to terminate
2.0.Hp: Requesting engine job to terminate
2.0.Bm: Requesting engine job to terminate
2.0.Mpcustom2: pc9: Support for "CentOS Linux release 7.9.2009 (Core)" will be removed with the 2025.09 release.
2.0.AM: pc9: Support for "CentOS Linux release 7.9.2009 (Core)" will be removed with the 2025.09 release.
2.0.Hp: Exited with Success (@ 0.05 s)
2: ProofGrid usable level: 0
2.0.Ht: Proofgrid shell started at 30683@pc9(local) jg_27470_pc9_5
2.0.Ht: Preventing job from starting because proof is shutting down.
2.0.B: pc9: Support for "CentOS Linux release 7.9.2009 (Core)" will be removed with the 2025.09 release.
2.0.N: pc9: Support for "CentOS Linux release 7.9.2009 (Core)" will be removed with the 2025.09 release.
2.0.Ht: Interrupted. [0.00 s]
2.0.Ht: Exited with Success (@ 0.06 s)
2.0.Bm: pc9: Support for "CentOS Linux release 7.9.2009 (Core)" will be removed with the 2025.09 release.
2.0.Oh: pc9: Support for "CentOS Linux release 7.9.2009 (Core)" will be removed with the 2025.09 release.
2.0.Mpcustom2: Proofgrid shell started at 30707@pc9(local) jg_27470_pc9_5
2.0.Mpcustom2: Preventing job from starting because proof is shutting down.
2.0.Mpcustom2: Interrupted. [0.00 s]
2.0.L: pc9: Support for "CentOS Linux release 7.9.2009 (Core)" will be removed with the 2025.09 release.
2.0.AM: Proofgrid shell started at 30724@pc9(local) jg_27470_pc9_5
2.0.Mpcustom2: Exited with Success (@ 0.08 s)
2.0.AM: Preventing job from starting because proof is shutting down.
2.0.AM: Interrupted. [0.00 s]
2.0.N: Proofgrid shell started at 30711@pc9(local) jg_27470_pc9_5
2.0.AM: Exited with Success (@ 0.09 s)
2.0.N: Preventing job from starting because proof is shutting down.
2.0.N: Interrupted. [0.00 s]
2.0.Bm: Proofgrid shell started at 30705@pc9(local) jg_27470_pc9_5
2.0.Bm: Preventing job from starting because proof is shutting down.
2.0.N: Exited with Success (@ 0.09 s)
2.0.Bm: Interrupted. [0.00 s]
2.0.B: Proofgrid shell started at 30712@pc9(local) jg_27470_pc9_5
2.0.Bm: Exited with Success (@ 0.10 s)
2.0.B: Preventing job from starting because proof is shutting down.
2.0.B: Interrupted. [0.00 s]
2.0.Oh: Proofgrid shell started at 30708@pc9(local) jg_27470_pc9_5
2.0.Oh: Preventing job from starting because proof is shutting down.
2.0.Oh: Interrupted. [0.00 s]
2.0.B: Exited with Success (@ 0.11 s)
2.0.Oh: Exited with Success (@ 0.11 s)
2.0.L: Proofgrid shell started at 30709@pc9(local) jg_27470_pc9_5
2.0.L: Preventing job from starting because proof is shutting down.
2.0.L: Interrupted. [0.00 s]
2.0.L: Exited with Success (@ 0.11 s)
2: --------------------------------------------------------------
ProofGrid Summary (utilization 9.69 %)
--------------------------------------------------------------
     engines started                               :     9
     engine jobs started                           :     9

    Time in state (seconds)
    --------------------------------------------
               Pending     Running        Dead
    --------------------------------------------
    min           0.00        0.00        0.00
    mean          0.04        0.00        0.00
    median        0.04        0.00        0.00
    max           0.06        0.04        0.00
    sum           0.37        0.04        0.00

    Data read    : 41.78 kiB
    Data written : 818.00 B

INFO (IPF180): 2: ProofGrid utilization: 9.69% slot-seconds: 0.04
2: ProofGrid usable level: 0
2: All pending notifications were processed.
2: ProofGrid was paused 2 times for a total of 0.021 seconds
INFO (IPF059): 2: Completed proof on task: "<embedded>"

==============================================================
SUMMARY
==============================================================
           Properties Considered              : 31
                 assertions                   : 11
                  - proven                    : 5 (45.4545%)
                  - bounded_proven (user)     : 0 (0%)
                  - bounded_proven (auto)     : 0 (0%)
                  - marked_proven             : 0 (0%)
                  - cex                       : 6 (54.5455%)
                  - ar_cex                    : 0 (0%)
                  - undetermined              : 0 (0%)
                  - unknown                   : 0 (0%)
                  - error                     : 0 (0%)
                 covers                       : 20
                  - unreachable               : 5 (25%)
                  - bounded_unreachable (user): 0 (0%)
                  - covered                   : 15 (75%)
                  - ar_covered                : 0 (0%)
                  - undetermined              : 0 (0%)
                  - unknown                   : 0 (0%)
                  - error                     : 0 (0%)
determined
determined
[<embedded>] % include scripts/fpv_setup.tcl
%% # =========================================================
%% # AHB-Lite SRAM Formal Verification Setup
%% # Role B - EE5214
%% # =========================================================
%% 
%% clear -all
INFO (IPF121): Cleared environment completely for new design analysis.
%% 
%% set ROOT [pwd]
/home/Abid.Hussain/verification/3.AHB-Lite-project
%% 
%% set top ahb3liten
ahb3liten
%% 
%% # -----------------------------
%% # STEP 1: PACKAGE FIRST (VERY IMPORTANT)
%% # -----------------------------
%% analyze -sv09 $ROOT/packages/ahb3lite_pkg.sv
[-- (VERI-1482)] Analyzing Verilog file '/mnt/cadence_tools/installs/JASPER25/lib/verilog/packages/std/std.sv' into library 'std'
[-- (VERI-1482)] Analyzing Verilog file '/home/Abid.Hussain/verification/3.AHB-Lite-project/packages/ahb3lite_pkg.sv'
%% 
%% # -----------------------------
%% # STEP 2: RTL
%% # -----------------------------
%% analyze -sv09 $ROOT/rtl/mem.sv
[-- (VERI-1482)] Analyzing Verilog file '/home/Abid.Hussain/verification/3.AHB-Lite-project/rtl/mem.sv'
%% analyze -sv09 $ROOT/rtl/design.sv
[-- (VERI-1482)] Analyzing Verilog file '/home/Abid.Hussain/verification/3.AHB-Lite-project/rtl/design.sv'
%% 
%% # -----------------------------
%% # STEP 3: SVA
%% # -----------------------------
%% analyze -sv09 $ROOT/sva/ahb_checker.sv
[-- (VERI-1482)] Analyzing Verilog file '/home/Abid.Hussain/verification/3.AHB-Lite-project/sva/ahb_checker.sv'
%% analyze -sv09 $ROOT/sva/ahb_assumptions.sv
[-- (VERI-1482)] Analyzing Verilog file '/home/Abid.Hussain/verification/3.AHB-Lite-project/sva/ahb_assumptions.sv'
%% #analyze -sv09 $ROOT/sva/ahb_cover.sv
%% 
%% # -----------------------------
%% # STEP 4: BIND
%% # -----------------------------
%% analyze -sv09 $ROOT/bind/bind_ahb.sv
[-- (VERI-1482)] Analyzing Verilog file '/home/Abid.Hussain/verification/3.AHB-Lite-project/bind/bind_ahb.sv'
%% 
%% # -----------------------------
%% # ELABORATE
%% # -----------------------------
%% elaborate -top $top -create_related_covers {precondition witness}
INFO (ISW003): Top module name is "ahb3liten".
[INFO (HIER-8002)] /home/Abid.Hussain/verification/3.AHB-Lite-project/rtl/design.sv(297): Disabling old hierarchical reference handler
[WARN (VERI-1927)] /home/Abid.Hussain/verification/3.AHB-Lite-project/bind/bind_ahb.sv(30): port 'HWRITE' remains unconnected for this instance
[INFO (VERI-1018)] /home/Abid.Hussain/verification/3.AHB-Lite-project/rtl/mem.sv(1): compiling module 'mem:(ABITS=8)'
[INFO (VERI-2571)] /home/Abid.Hussain/verification/3.AHB-Lite-project/rtl/mem.sv(25): extracting RAM for identifier 'mem_array'
[WARN (VERI-9033)] /home/Abid.Hussain/verification/3.AHB-Lite-project/rtl/mem.sv(25): array mem_array (size 8192) automatically BLACK-BOXED. Use the "elaborate -bbox_a" command to prevent automatic black-boxing.
[INFO (VERI-1018)] /home/Abid.Hussain/verification/3.AHB-Lite-project/sva/ahb_checker.sv(1): compiling module 'ahb_checker'
[WARN (VERI-1796)] /home/Abid.Hussain/verification/3.AHB-Lite-project/sva/ahb_checker.sv(57): system function call isunknown with non-constant argument is not supported for synthesis
[WARN (VERI-1796)] /home/Abid.Hussain/verification/3.AHB-Lite-project/sva/ahb_checker.sv(57): system function call isunknown with non-constant argument is not supported for synthesis
[INFO (VERI-1018)] /home/Abid.Hussain/verification/3.AHB-Lite-project/sva/ahb_assumptions.sv(7): compiling module 'ahb_assumptions'
[WARN (VERI-1796)] /home/Abid.Hussain/verification/3.AHB-Lite-project/sva/ahb_assumptions.sv(65): system function call isunknown with non-constant argument is not supported for synthesis
[WARN (VERI-1796)] /home/Abid.Hussain/verification/3.AHB-Lite-project/sva/ahb_assumptions.sv(74): system function call isunknown with non-constant argument is not supported for synthesis
[WARN (VERI-1796)] /home/Abid.Hussain/verification/3.AHB-Lite-project/sva/ahb_assumptions.sv(83): system function call isunknown with non-constant argument is not supported for synthesis
[WARN (VERI-1796)] /home/Abid.Hussain/verification/3.AHB-Lite-project/sva/ahb_assumptions.sv(92): system function call isunknown with non-constant argument is not supported for synthesis
[INFO (VERI-1018)] /home/Abid.Hussain/verification/3.AHB-Lite-project/rtl/design.sv(1): compiling module 'ahb3liten'
[WARN (VERI-1209)] /home/Abid.Hussain/verification/3.AHB-Lite-project/rtl/design.sv(113): expression size 16 truncated to fit in target size 7
[WARN (VERI-1959)] /home/Abid.Hussain/verification/3.AHB-Lite-project/rtl/design.sv(155): left shift count >= width of value
[WARN (VERI-1959)] /home/Abid.Hussain/verification/3.AHB-Lite-project/rtl/design.sv(156): left shift count >= width of value
[WARN (VERI-1959)] /home/Abid.Hussain/verification/3.AHB-Lite-project/rtl/design.sv(157): left shift count >= width of value
[WARN (VERI-1209)] /home/Abid.Hussain/verification/3.AHB-Lite-project/rtl/design.sv(126): expression size 32 truncated to fit in target size 16
[WARN (VERI-1209)] /home/Abid.Hussain/verification/3.AHB-Lite-project/rtl/design.sv(127): expression size 32 truncated to fit in target size 16
[WARN (VERI-1209)] /home/Abid.Hussain/verification/3.AHB-Lite-project/rtl/design.sv(128): expression size 32 truncated to fit in target size 16
[WARN (VERI-1209)] /home/Abid.Hussain/verification/3.AHB-Lite-project/rtl/design.sv(129): expression size 32 truncated to fit in target size 16
[WARN (VERI-1209)] /home/Abid.Hussain/verification/3.AHB-Lite-project/rtl/design.sv(130): expression size 32 truncated to fit in target size 16
[WARN (VERI-1209)] /home/Abid.Hussain/verification/3.AHB-Lite-project/rtl/design.sv(131): expression size 32 truncated to fit in target size 16
[WARN (VERI-1209)] /home/Abid.Hussain/verification/3.AHB-Lite-project/rtl/design.sv(132): expression size 32 truncated to fit in target size 16
[WARN (VERI-1209)] /home/Abid.Hussain/verification/3.AHB-Lite-project/rtl/design.sv(133): expression size 32 truncated to fit in target size 16
[WARN (VERI-8028)] /home/Abid.Hussain/verification/3.AHB-Lite-project/bind/bind_ahb.sv(21): missing/open ports on instance u_assumptions of module ahb_assumptions
[WARN (VDB-1013)] /home/Abid.Hussain/verification/3.AHB-Lite-project/bind/bind_ahb.sv(30): input port 'HWRITE' is not connected on this instance
INFO (INL208): Elaboration synthesis summary:
  Number of synthesized netlists          5 (1 packages)
  Single run mode                         On
  Pipeline                                On (4 pipelined netlists)
  Late hierarchical reference connection  On
  Number of analyzed Verilog modules      6 (5 synthesized)
  Number of analyzed VHDL entities        0 (0 synthesized)
  Advanced Incremental run mode           Off
INFO (INL003): Clearing all state information (assumes, stopats, and so forth).
ahb3liten
%% 
%% # -----------------------------
%% # CLOCK / RESET
%% # -----------------------------
%% clock HCLK
%% reset !HRESETn
INFO (IPM031): Clearing proof results of all properties.
INFO (IRS006): Current reset condition is "HRESETn".
%% 
%% # -----------------------------
%% # PROVE
%% # -----------------------------
%% prove -all
INFO (IPF036): Starting proof on task: "<embedded>", 93 properties to prove with 0 already proven/unreachable
INFO (IRS029): Starting reset analysis: phase 1 of 4.
INFO (IRS030): Running reset analysis: phase 2 of 4.
INFO (IRS031): Running reset analysis: phase 3 of 4.
INFO (IRS020): Starting the reset analysis simulation with a limit of 100 iterations (phase 4 of 4).
INFO (ISIM006): Running simulation: {mode = single, probe = all}.
INFO (IRS024): Reset iterations 0 to 4 analyzed.
INFO (ISIM008): Simulation is processing trace data. Total number of nets in analysis 2688.
INFO (IRS018): Reset analysis simulation executed for 3 iterations. Assigned values for 2 of 113 design flops, 0 of 0 design latches, 256 of 556 internal elements.
INFO (IRS039): Reset analysis complete.
INFO (IPF031): Settings used for proof thread 2:
    orchestration                      = on
    time_limit                         = 86400s
    per_property_time_limit            = 1s * 10 ^ scan
    engine_mode                        = auto
    proofgrid_per_engine_max_jobs      = 1
    max engine jobs                    = auto
    proofgrid_mode                     = local
    proofgrid_restarts                 = 10
2.0.PRE: A proof was found: No trace exists. [0.00 s]
INFO (IPF057): 2.0.PRE: The property "ahb3liten.u_checker._assert_1" was proven in 0.00 s.
2.0.PRE: A proof was found: No trace exists. [0.00 s]
INFO (IPF051): 2.0.PRE: The cover property "ahb3liten.u_checker._assert_1:witness1" was proven unreachable in 0.00 s.
2.0.PRE: A proof was found: No trace exists. [0.00 s]
INFO (IPF051): 2.0.PRE: The cover property "ahb3liten.u_checker._assert_1:precondition1" was proven unreachable in 0.00 s.
2.0.PRE: A proof was found: No trace exists. [0.00 s]
INFO (IPF057): 2.0.PRE: The property "ahb3liten.u_checker._assert_2" was proven in 0.00 s.
2.0.PRE: A proof was found: No trace exists. [0.00 s]
INFO (IPF057): 2.0.PRE: The property "ahb3liten.u_checker._assert_3" was proven in 0.00 s.
2.0.PRE: A proof was found: No trace exists. [0.00 s]
INFO (IPF057): 2.0.PRE: The property "ahb3liten.u_checker._assert_9" was proven in 0.00 s.
2.0.PRE: A proof was found: No trace exists. [0.00 s]
INFO (IPF051): 2.0.PRE: The cover property "ahb3liten.u_checker._assert_9:witness1" was proven unreachable in 0.00 s.
2.0.PRE: A proof was found: No trace exists. [0.00 s]
INFO (IPF051): 2.0.PRE: The cover property "ahb3liten.u_checker._assert_9:precondition1" was proven unreachable in 0.00 s.
2.0.PRE: A proof was found: No trace exists. [0.00 s]
INFO (IPF051): 2.0.PRE: The cover property "ahb3liten.u_assumptions.assume_reset_htrans:witness1" was proven unreachable in 0.00 s.
2.0.PRE: A proof was found: No trace exists. [0.00 s]
INFO (IPF051): 2.0.PRE: The cover property "ahb3liten.u_assumptions.assume_reset_htrans:precondition1" was proven unreachable in 0.00 s.
2: Found proofs for 10 properties in preprocessing
2: Using multistage preprocessing
2: Starting reduce
2: Finished reduce in 0.001s
2.0.PRE: Performing Proof Simplification...
2.0.Hp: clocks: 1, declared: 1, looping: 0, posedge: 1, negedge: 0, noedge: 0, bothedge: 0
2.0.Hp: Proof Simplification Iteration 1	[0.00 s]
2.0.Hp: A max_length bound was found. The shortest trace is no longer than 1 cycles. [0.00 s]
INFO (IPF008): 2.0.Hp: A max_length bound of 1 was found for the property "ahb3liten.u_checker._assert_2:witness1" in 0.00 s.
2.0.Hp: A max_length bound was found. The shortest trace is no longer than 1 cycles. [0.00 s]
INFO (IPF008): 2.0.Hp: A max_length bound of 1 was found for the property "ahb3liten.u_checker._assert_3:witness1" in 0.00 s.
2.0.Hp: A max_length bound was found. The shortest trace is no longer than 1 cycles. [0.00 s]
INFO (IPF008): 2.0.Hp: A max_length bound of 1 was found for the property "ahb3liten.u_checker._assert_7:witness1" in 0.00 s.
2.0.Hp: A max_length bound was found. The shortest trace is no longer than 1 cycles. [0.00 s]
INFO (IPF008): 2.0.Hp: A max_length bound of 1 was found for the property "ahb3liten.u_checker._assert_7:precondition1" in 0.00 s.
2.0.Hp: A max_length bound was found. The shortest trace is no longer than 1 cycles. [0.00 s]
INFO (IPF008): 2.0.Hp: A max_length bound of 1 was found for the property "ahb3liten.u_assumptions.assume_valid_htrans:witness1" in 0.00 s.
2.0.Hp: A max_length bound was found. The shortest trace is no longer than 1 cycles. [0.00 s]
INFO (IPF008): 2.0.Hp: A max_length bound of 1 was found for the property "ahb3liten.u_assumptions.assume_valid_hburst:witness1" in 0.00 s.
2.0.Hp: A max_length bound was found. The shortest trace is no longer than 1 cycles. [0.00 s]
INFO (IPF008): 2.0.Hp: A max_length bound of 1 was found for the property "ahb3liten.u_assumptions.assume_valid_hsize:witness1" in 0.00 s.
2.0.Hp: A max_length bound was found. The shortest trace is no longer than 1 cycles. [0.00 s]
INFO (IPF008): 2.0.Hp: A max_length bound of 1 was found for the property "ahb3liten.u_assumptions.assume_valid_hwrite:witness1" in 0.00 s.
2.0.Hp: A max_length bound was found. The shortest trace is no longer than 1 cycles. [0.00 s]
INFO (IPF008): 2.0.Hp: A max_length bound of 1 was found for the property "ahb3liten.u_assumptions.assume_valid_hsel:witness1" in 0.00 s.
2.0.Hp: A max_length bound was found. The shortest trace is no longer than 1 cycles. [0.00 s]
INFO (IPF008): 2.0.Hp: A max_length bound of 1 was found for the property "ahb3liten.u_assumptions.assume_valid_hready:witness1" in 0.00 s.
2.0.Hp: Proof Simplification Iteration 2	[0.00 s]
2.0.Hp: Proof Simplification Iteration 3	[0.00 s]
2.0.Hp: Proof Simplification Iteration 4	[0.00 s]
2.0.Hp: Proof Simplification Iteration 5	[0.00 s]
2.0.Hp: Proof Simplification Iteration 6	[0.01 s]
2.0.Hp: Proof Simplification Iteration 7	[0.01 s]
2.0.Hp: Proof Simplification Iteration 8	[0.01 s]
2.0.Hp: Proof Simplification Iteration 9	[0.01 s]
2.0.PRE: A proof was found: No trace exists. [0.00 s]
INFO (IPF057): 2.0.PRE: The property "ahb3liten.u_checker._assert_7" was proven in 0.00 s.
2.0.Hp: Proof Simplification Iteration 10	[0.01 s]
2.0.Hp: Proof Simplification Iteration 11	[0.01 s]
2.0.PRE: Proof Simplification completed in 0.01 s
2.0.Hp: Identified and disabled 22 duplicated targets.
2: About to start ProofGrid in its own thread with a limit of 10000 pending notifications and a limit of 10 traces.
2: ============================= ProofGrid (v3) start =============================
2: ProofGrid usable level: 60
2: Initial ProofGrid level: 1
2: ProofGrid is starting event handling
2: Computed task hash in 0.00ss
2.0.Hp: pc9: Support for "CentOS Linux release 7.9.2009 (Core)" will be removed with the 2025.09 release.
2.0.Ht: pc9: Support for "CentOS Linux release 7.9.2009 (Core)" will be removed with the 2025.09 release.
2: ProofGrid usable level: 60
2.0.Hp: Proofgrid shell started at 32373@pc9(local) jg_27470_pc9_6
2: ProofGrid usable level: 60
2: ProofGrid usable level: 60
2.0.Hp: clocks: 1, declared: 1, looping: 0, posedge: 1, negedge: 0, noedge: 0, bothedge: 0
2: ProofGrid usable level: 60
2: ProofGrid usable level: 60
2.0.Hp: Trace Attempt  1	[0.01 s]
2.0.Hp: A trace with 1 cycles was found. [0.01 s]
INFO (IPF047): 2.0.Hp: The cover property "ahb3liten.u_checker._assert_2:witness1" was covered in 1 cycles in 0.02 s.
INFO (IPF047): 2.0.Hp: The cover property "ahb3liten.u_checker._assert_7:witness1" was covered in 1 cycles in 0.02 s.
INFO (IPF047): 2.0.Hp: The cover property "ahb3liten.u_checker._assert_7:precondition1" was covered in 1 cycles in 0.02 s.
INFO (IPF047): 2.0.Hp: The cover property "ahb3liten.u_assumptions.assume_valid_haddr:witness1" was covered in 1 cycles in 0.02 s.
INFO (IPF047): 2.0.Hp: The cover property "ahb3liten.u_assumptions.assume_align_word:witness1" was covered in 1 cycles in 0.02 s.
INFO (IPF047): 2.0.Hp: The cover property "ahb3liten.u_assumptions.assume_align_word:precondition1" was covered in 1 cycles in 0.02 s.
INFO (IPF047): 2.0.Hp: The cover property "ahb3liten.u_assumptions.assume_1kb_boundary:witness1" was covered in 1 cycles in 0.02 s.
INFO (IPF047): 2.0.Hp: The cover property "ahb3liten.u_assumptions.assume_1kb_boundary:precondition1" was covered in 1 cycles in 0.02 s.
INFO (IPF047): 2.0.Hp: The cover property "ahb3liten.u_assumptions.assume_no_seq_after_idle:witness1" was covered in 1 cycles in 0.02 s.
INFO (IPF047): 2.0.Hp: The cover property "ahb3liten.u_assumptions.assume_no_seq_after_idle:precondition1" was covered in 1 cycles in 0.02 s.
INFO (IPF047): 2.0.Hp: The cover property "ahb3liten.u_assumptions.assume_const_hsize_burst:witness1" was covered in 1 cycles in 0.02 s.
INFO (IPF047): 2.0.Hp: The cover property "ahb3liten.u_assumptions.assume_const_hburst_burst:witness1" was covered in 1 cycles in 0.02 s.
INFO (IPF047): 2.0.Hp: The cover property "ahb3liten.u_assumptions.assume_wrap16_word_bound:witness1" was covered in 1 cycles in 0.02 s.
INFO (IPF047): 2.0.Hp: The cover property "ahb3liten.u_assumptions.assume_wrap16_word_bound:precondition1" was covered in 1 cycles in 0.02 s.
INFO (IPF047): 2.0.Hp: The cover property "ahb3liten.u_checker._assert_3:witness1" was covered in 1 cycles in 0.02 s.
INFO (IPF047): 2.0.Hp: The cover property "ahb3liten.u_assumptions.assume_valid_htrans:witness1" was covered in 1 cycles in 0.02 s.
INFO (IPF047): 2.0.Hp: The cover property "ahb3liten.u_assumptions.assume_valid_hburst:witness1" was covered in 1 cycles in 0.02 s.
INFO (IPF047): 2.0.Hp: The cover property "ahb3liten.u_assumptions.assume_valid_hsize:witness1" was covered in 1 cycles in 0.02 s.
INFO (IPF047): 2.0.Hp: The cover property "ahb3liten.u_assumptions.assume_valid_hwrite:witness1" was covered in 1 cycles in 0.02 s.
INFO (IPF047): 2.0.Hp: The cover property "ahb3liten.u_assumptions.assume_valid_hsel:witness1" was covered in 1 cycles in 0.02 s.
INFO (IPF047): 2.0.Hp: The cover property "ahb3liten.u_assumptions.assume_valid_hready:witness1" was covered in 1 cycles in 0.02 s.
INFO (IPF047): 2.0.Hp: The cover property "ahb3liten.u_assumptions.assume_valid_haddr:precondition1" was covered in 1 cycles in 0.02 s.
INFO (IPF047): 2.0.Hp: The cover property "ahb3liten.u_assumptions.assume_const_hsize_burst:precondition1" was covered in 1 cycles in 0.02 s.
INFO (IPF047): 2.0.Hp: The cover property "ahb3liten.u_assumptions.assume_const_hwrite_burst:witness1" was covered in 1 cycles in 0.02 s.
INFO (IPF047): 2.0.Hp: The cover property "ahb3liten.u_assumptions.assume_const_hwrite_burst:precondition1" was covered in 1 cycles in 0.02 s.
INFO (IPF047): 2.0.Hp: The cover property "ahb3liten.u_assumptions.assume_const_hburst_burst:precondition1" was covered in 1 cycles in 0.02 s.
INFO (IPF047): 2.0.Hp: The cover property "ahb3liten.u_assumptions.assume_valid_seq_pred:witness1" was covered in 1 cycles in 0.02 s.
INFO (IPF047): 2.0.Hp: The cover property "ahb3liten.u_assumptions.assume_valid_seq_pred:precondition1" was covered in 1 cycles in 0.02 s.
2.0.Hp: A trace with 1 cycles was found. [0.01 s]
INFO (IPF047): 2.0.Hp: The cover property "ahb3liten.u_checker._assert_5:precondition1" was covered in 1 cycles in 0.02 s.
INFO (IPF047): 2.0.Hp: The cover property "ahb3liten.u_assumptions.assume_align_halfword:witness1" was covered in 1 cycles in 0.02 s.
INFO (IPF047): 2.0.Hp: The cover property "ahb3liten.u_assumptions.assume_align_halfword:precondition1" was covered in 1 cycles in 0.02 s.
2.0.Hp: A trace with 1 cycles was found. [0.01 s]
INFO (IPF047): 2.0.Hp: The cover property "ahb3liten.u_checker._assert_6:precondition1" was covered in 1 cycles in 0.02 s.
2.0.Hp: A trace with 1 cycles was found. [0.01 s]
INFO (IPF047): 2.0.Hp: The cover property "ahb3liten.u_checker._assert_8:precondition1" was covered in 1 cycles in 0.02 s.
2.0.Hp: A trace with 1 cycles was found. [0.01 s]
INFO (IPF047): 2.0.Hp: The cover property "ahb3liten.u_assumptions.assume_stable_haddr_wait:witness1" was covered in 1 cycles in 0.02 s.
INFO (IPF047): 2.0.Hp: The cover property "ahb3liten.u_assumptions.assume_stable_haddr_wait:precondition1" was covered in 1 cycles in 0.02 s.
INFO (IPF047): 2.0.Hp: The cover property "ahb3liten.u_assumptions.assume_stable_htrans_wait:witness1" was covered in 1 cycles in 0.02 s.
INFO (IPF047): 2.0.Hp: The cover property "ahb3liten.u_assumptions.assume_stable_hsize_wait:witness1" was covered in 1 cycles in 0.02 s.
INFO (IPF047): 2.0.Hp: The cover property "ahb3liten.u_assumptions.assume_stable_hburst_wait:witness1" was covered in 1 cycles in 0.02 s.
INFO (IPF047): 2.0.Hp: The cover property "ahb3liten.u_assumptions.assume_stable_hwrite_wait:witness1" was covered in 1 cycles in 0.02 s.
INFO (IPF047): 2.0.Hp: The cover property "ahb3liten.u_assumptions.assume_stable_hsel_wait:witness1" was covered in 1 cycles in 0.02 s.
INFO (IPF047): 2.0.Hp: The cover property "ahb3liten.u_assumptions.assume_burst_len_wrap8:precondition1" was covered in 1 cycles in 0.02 s.
INFO (IPF047): 2.0.Hp: The cover property "ahb3liten.u_assumptions.assume_stable_htrans_wait:precondition1" was covered in 1 cycles in 0.02 s.
INFO (IPF047): 2.0.Hp: The cover property "ahb3liten.u_assumptions.assume_stable_hsize_wait:precondition1" was covered in 1 cycles in 0.02 s.
INFO (IPF047): 2.0.Hp: The cover property "ahb3liten.u_assumptions.assume_stable_hburst_wait:precondition1" was covered in 1 cycles in 0.02 s.
INFO (IPF047): 2.0.Hp: The cover property "ahb3liten.u_assumptions.assume_stable_hwrite_wait:precondition1" was covered in 1 cycles in 0.02 s.
INFO (IPF047): 2.0.Hp: The cover property "ahb3liten.u_assumptions.assume_stable_hsel_wait:precondition1" was covered in 1 cycles in 0.02 s.
2: ProofGrid is temporarily paused because there are too many pending traces.
2: ProofGrid is resuming to work after pausing for 0.01s. The amount of pending traces decreased.
2.0.Hp: A trace with 1 cycles was found. [0.01 s]
INFO (IPF047): 2.0.Hp: The cover property "ahb3liten.u_assumptions.assume_valid_busy_pred:witness1" was covered in 1 cycles in 0.03 s.
INFO (IPF047): 2.0.Hp: The cover property "ahb3liten.u_assumptions.assume_valid_busy_pred:precondition1" was covered in 1 cycles in 0.03 s.
INFO (IPF047): 2.0.Hp: The cover property "ahb3liten.u_assumptions.assume_busy_addr_stable:witness1" was covered in 1 cycles in 0.03 s.
INFO (IPF047): 2.0.Hp: The cover property "ahb3liten.u_assumptions.assume_busy_addr_stable:precondition1" was covered in 1 cycles in 0.03 s.
2: ProofGrid is temporarily paused because there are too many pending traces.
2: ProofGrid is resuming to work after pausing for 0.01s. The amount of pending traces decreased.
2.0.Hp: A trace with 1 cycles was found. [0.01 s]
INFO (IPF047): 2.0.Hp: The cover property "ahb3liten.u_assumptions.assume_single_no_seq:witness1" was covered in 1 cycles in 0.03 s.
INFO (IPF047): 2.0.Hp: The cover property "ahb3liten.u_assumptions.assume_single_no_seq:precondition1" was covered in 1 cycles in 0.03 s.
INFO (IPF047): 2.0.Hp: The cover property "ahb3liten.u_assumptions.assume_single_no_busy:witness1" was covered in 1 cycles in 0.03 s.
INFO (IPF047): 2.0.Hp: The cover property "ahb3liten.u_assumptions.assume_single_no_busy:precondition1" was covered in 1 cycles in 0.03 s.
2.0.Hp: A trace with 1 cycles was found. [0.01 s]
INFO (IPF047): 2.0.Hp: The cover property "ahb3liten.u_assumptions.assume_burst_len_incr4:precondition1" was covered in 1 cycles in 0.03 s.
2.0.Hp: A trace with 1 cycles was found. [0.01 s]
INFO (IPF047): 2.0.Hp: The cover property "ahb3liten.u_assumptions.assume_burst_len_wrap4:precondition1" was covered in 1 cycles in 0.04 s.
2.0.Hp: A trace with 1 cycles was found. [0.01 s]
INFO (IPF047): 2.0.Hp: The cover property "ahb3liten.u_assumptions.assume_burst_len_incr8:precondition1" was covered in 1 cycles in 0.04 s.
2.0.Hp: A trace with 1 cycles was found. [0.01 s]
INFO (IPF047): 2.0.Hp: The cover property "ahb3liten.u_assumptions.assume_burst_len_incr16:precondition1" was covered in 1 cycles in 0.04 s.
2: ProofGrid is temporarily paused because there are too many pending traces.
2: ProofGrid is resuming to work after pausing for 0.01s. The amount of pending traces decreased.
2.0.Hp: A trace with 1 cycles was found. [0.01 s]
INFO (IPF047): 2.0.Hp: The cover property "ahb3liten.u_assumptions.assume_burst_len_wrap16:precondition1" was covered in 1 cycles in 0.04 s.
2.0.Hp: A trace with 1 cycles was found. [0.01 s]
INFO (IPF047): 2.0.Hp: The cover property "ahb3liten.u_assumptions.assume_incr_addr_math:witness1" was covered in 1 cycles in 0.04 s.
INFO (IPF047): 2.0.Hp: The cover property "ahb3liten.u_assumptions.assume_incr_addr_math:precondition1" was covered in 1 cycles in 0.04 s.
2.0.Hp: A trace with 1 cycles was found. [0.01 s]
INFO (IPF047): 2.0.Hp: The cover property "ahb3liten.u_assumptions.assume_wrap4_word_bound:witness1" was covered in 1 cycles in 0.05 s.
INFO (IPF047): 2.0.Hp: The cover property "ahb3liten.u_assumptions.assume_wrap4_word_bound:precondition1" was covered in 1 cycles in 0.05 s.
2.0.Hp: A trace with 1 cycles was found. [0.01 s]
INFO (IPF047): 2.0.Hp: The cover property "ahb3liten.u_assumptions.assume_wrap8_word_bound:witness1" was covered in 1 cycles in 0.05 s.
INFO (IPF047): 2.0.Hp: The cover property "ahb3liten.u_assumptions.assume_wrap8_word_bound:precondition1" was covered in 1 cycles in 0.05 s.
2.0.Ht: Proofgrid shell started at 32393@pc9(local) jg_27470_pc9_6
2.0.Hp: A trace with 1 cycles was found. [0.01 s]
INFO (IPF047): 2.0.Hp: The cover property "ahb3liten.u_assumptions.assume_wrap4_hw_bound:witness1" was covered in 1 cycles in 0.05 s.
INFO (IPF047): 2.0.Hp: The cover property "ahb3liten.u_assumptions.assume_wrap4_hw_bound:precondition1" was covered in 1 cycles in 0.05 s.
2.0.Hp: A proof was found: No trace exists. [0.04 s]
INFO (IPF051): 2.0.Hp: The cover property "ahb3liten.u_checker._assert_5:witness1" was proven unreachable in 0.05 s.
2.0.Hp: Trace Attempt  2	[0.04 s]
2: ProofGrid is temporarily paused because there are too many pending traces.
2: ProofGrid is resuming to work after pausing for 0.01s. The amount of pending traces decreased.
2.0.Hp: A trace with 2 cycles was found. [0.04 s]
INFO (IPF055): 2.0.Hp: A counterexample (cex) with 2 cycles was found for the property "ahb3liten.u_checker._assert_4" in 0.05 s.
INFO (IPF047): 2.0.Hp: The cover property "ahb3liten.u_checker._assert_4:precondition1" was covered in 2 cycles in 0.05 s.
2.0.Hp: A trace with 2 cycles was found. [0.04 s]
INFO (IPF047): 2.0.Hp: The cover property "ahb3liten.u_checker._assert_4:witness1" was covered in 2 cycles in 0.06 s.
2.0.Hp: A trace with 2 cycles was found. [0.04 s]
INFO (IPF055): 2.0.Hp: A counterexample (cex) with 2 cycles was found for the property "ahb3liten.u_checker._assert_5" in 0.06 s.
2.0.Hp: A trace with 2 cycles was found. [0.04 s]
INFO (IPF047): 2.0.Hp: The cover property "ahb3liten.u_checker._assert_6:witness1" was covered in 2 cycles in 0.06 s.
2.0.Hp: A trace with 2 cycles was found. [0.04 s]
INFO (IPF047): 2.0.Hp: The cover property "ahb3liten.u_checker._assert_8:witness1" was covered in 2 cycles in 0.06 s.
2.0.Ht: clocks: 1, declared: 1, looping: 0, posedge: 1, negedge: 0, noedge: 0, bothedge: 0
2.0.Hp: Trace Attempt  3	[0.06 s]
2.0.L: pc9: Support for "CentOS Linux release 7.9.2009 (Core)" will be removed with the 2025.09 release.
2.0.Ht: Trace Attempt  1	[0.01 s]
2.0.Ht: Trace Attempt  2	[0.01 s]
2.0.Ht: Trace Attempt  3	[0.01 s]
2.0.Bm: pc9: Support for "CentOS Linux release 7.9.2009 (Core)" will be removed with the 2025.09 release.
2.0.Ht: Trace Attempt  4	[0.02 s]
2.0.Ht: A trace with 4 cycles was found. [0.02 s]
INFO (IPF047): 2.0.Ht: The cover property "ahb3liten.u_assumptions.assume_burst_len_incr4:witness1" was covered in 4 cycles in 0.00 s.
2.0.Ht: A trace with 4 cycles was found. [0.02 s]
INFO (IPF047): 2.0.Ht: The cover property "ahb3liten.u_assumptions.assume_burst_len_wrap4:witness1" was covered in 4 cycles in 0.00 s.
2.0.Ht: Trace Attempt  5	[0.02 s]
2.0.Ht: Trace Attempt  8	[0.02 s]
2.0.Ht: A trace with 8 cycles was found. [0.02 s]
INFO (IPF047): 2.0.Ht: The cover property "ahb3liten.u_assumptions.assume_burst_len_incr8:witness1" was covered in 8 cycles in 0.00 s.
2.0.Ht: A trace with 8 cycles was found. [0.02 s]
INFO (IPF047): 2.0.Ht: The cover property "ahb3liten.u_assumptions.assume_burst_len_wrap8:witness1" was covered in 8 cycles in 0.01 s.
2.0.N: pc9: Support for "CentOS Linux release 7.9.2009 (Core)" will be removed with the 2025.09 release.
2.0.Ht: Trace Attempt  9	[0.02 s]
2.0.Oh: pc9: Support for "CentOS Linux release 7.9.2009 (Core)" will be removed with the 2025.09 release.
2.0.AM: pc9: Support for "CentOS Linux release 7.9.2009 (Core)" will be removed with the 2025.09 release.
2.0.Ht: Trace Attempt 16	[0.04 s]
2.0.Ht: A trace with 16 cycles was found. [0.04 s]
INFO (IPF047): 2.0.Ht: The cover property "ahb3liten.u_assumptions.assume_burst_len_incr16:witness1" was covered in 16 cycles in 0.03 s.
2.0.Ht: A trace with 16 cycles was found. [0.04 s]
INFO (IPF047): 2.0.Ht: The cover property "ahb3liten.u_assumptions.assume_burst_len_wrap16:witness1" was covered in 16 cycles in 0.03 s.
2.0.Ht: Using autonomous factor loop
2.0.Ht: Next scan (0) will use per property time limit: 1s * 10 ^ 0 = 1s
2.0.Hp: Using autonomous factor loop
2.0.Hp: Next scan (0) will use per property time limit: 1s * 10 ^ 0 = 1s
2.0.Mpcustom2: pc9: Support for "CentOS Linux release 7.9.2009 (Core)" will be removed with the 2025.09 release.
2.0.Ht: Trace Attempt  1	[0.01 s]
2.0.Ht: Trace Attempt  2	[0.02 s]
2.0.Bm: Proofgrid shell started at 32414@pc9(local) jg_27470_pc9_6
2.0.Ht: A trace with 1+1 cycles was found (stem + loop). [0.02 s]
INFO (IPF069): 2.0.Ht: A counterexample (cex) with 1+1 cycles was found for the property "ahb3liten.u_checker._assert_6" in 0.02 s (stem + loop).
INFO (IPF077): 2.0.Ht: The cover property ":live" was covered in 1+1 cycles in 0.02 s.
    Use check_assumptions -show -live to show this property in the property table (stem + loop).
INFO (IPF057): 2.0.Ht: The property ":noConflict" was proven in 0.02 s.
    Use check_assumptions -show to show this property in the property table.
2.0.Bm: clocks: 1, declared: 1, looping: 0, posedge: 1, negedge: 0, noedge: 0, bothedge: 0
2.0.Bm: Ignoring liveness properties
2.0.Bm: Using autonomous factor loop
2.0.Bm: Last scan. Per property time limit: 0s
2.0.Bm: Trace Attempt  1	[0.00 s]
2.0.Ht: Trace Attempt  1	[0.00 s]
2.0.L: Proofgrid shell started at 32418@pc9(local) jg_27470_pc9_6
2.0.Ht: Trace Attempt  2	[0.01 s]
2.0.L: clocks: 1, declared: 1, looping: 0, posedge: 1, negedge: 0, noedge: 0, bothedge: 0
2.0.Bm: Trace Attempt  2	[0.01 s]
2.0.L: Using trace diversification with seed 1 (0.05)
2.0.L: Using LRU state removal heuristic
2.0.L: Using states from traces to { (reset) }
2.0.L: Trace Attempt  3	[0.00 s]
2.0.Hp: Trace Attempt  1	[0.01 s]
2.0.Oh: Proofgrid shell started at 32417@pc9(local) jg_27470_pc9_6
2.0.Ht: A trace with 1+1 cycles was found (stem + loop). [0.02 s]
INFO (IPF069): 2.0.Ht: A counterexample (cex) with 1+1 cycles was found for the property "ahb3liten.u_checker._assert_8" in 0.02 s (stem + loop).
2.0.Ht: All properties determined. [0.02 s]
INFO (IPF144): 2: Initiating shutdown of proof [0.13 s]
2.0.Ht: Requesting engine job to terminate
2.0.Bm: Requesting engine job to terminate
2.0.Mpcustom2: Requesting engine job to terminate
2.0.Oh: Requesting engine job to terminate
2.0.L: Requesting engine job to terminate
2.0.N: Requesting engine job to terminate
2.0.B: Requesting engine job to terminate
2.0.AM: Requesting engine job to terminate
2.0.Hp: Requesting engine job to terminate
2.0.Oh: Interrupted. [0.00 s]
2.0.Oh: Exited with Success (@ 0.14 s)
2: ProofGrid usable level: 0
2.0.Bm: All properties determined. [0.00 s]
2.0.Hp: All properties determined. [0.00 s]
2.0.AM: Proofgrid shell started at 32427@pc9(local) jg_27470_pc9_6
2.0.Bm: Exited with Success (@ 0.14 s)
2.0.AM: Preventing job from starting because proof is shutting down.
2.0.AM: Interrupted. [0.00 s]
2.0.AM: Exited with Success (@ 0.14 s)
2.0.Ht: Exited with Success (@ 0.14 s)
2.0.B: pc9: Support for "CentOS Linux release 7.9.2009 (Core)" will be removed with the 2025.09 release.
2.0.L: All properties determined. [0.00 s]
2.0.L: Exited with Success (@ 0.15 s)
2.0.N: Proofgrid shell started at 32422@pc9(local) jg_27470_pc9_6
2.0.N: Preventing job from starting because proof is shutting down.
2.0.N: Interrupted. [0.00 s]
2.0.N: Exited with Success (@ 0.15 s)
2.0.Hp: Exited with Success (@ 0.16 s)
2.0.Mpcustom2: Proofgrid shell started at 32416@pc9(local) jg_27470_pc9_6
2.0.Mpcustom2: Preventing job from starting because proof is shutting down.
2.0.Mpcustom2: Interrupted. [0.00 s]
2.0.Mpcustom2: Exited with Success (@ 0.17 s)
2.0.B: Proofgrid shell started at 32425@pc9(local) jg_27470_pc9_6
2.0.B: Preventing job from starting because proof is shutting down.
2.0.B: Interrupted. [0.00 s]
2.0.B: Exited with Success (@ 0.18 s)
2: --------------------------------------------------------------
ProofGrid Summary (utilization 19.23 %)
--------------------------------------------------------------
     engines started                               :     9
     engine jobs started                           :     9

    Time in state (seconds)
    --------------------------------------------
               Pending     Running        Dead
    --------------------------------------------
    min           0.00        0.00        0.00
    mean          0.11        0.03        0.00
    median        0.12        0.00        0.00
    max           0.13        0.13        0.00
    sum           0.98        0.23        0.00

    Data read    : 107.37 kiB
    Data written : 4.29 kiB

INFO (IPF180): 2: ProofGrid utilization: 19.23% slot-seconds: 0.23
2: ProofGrid usable level: 0
2: All pending notifications were processed.
2: ProofGrid was paused 4 times for a total of 0.041 seconds
INFO (IPF059): 2: Completed proof on task: "<embedded>"

==============================================================
SUMMARY
==============================================================
           Properties Considered              : 93
                 assertions                   : 9
                  - proven                    : 5 (55.5556%)
                  - bounded_proven (user)     : 0 (0%)
                  - bounded_proven (auto)     : 0 (0%)
                  - marked_proven             : 0 (0%)
                  - cex                       : 4 (44.4444%)
                  - ar_cex                    : 0 (0%)
                  - undetermined              : 0 (0%)
                  - unknown                   : 0 (0%)
                  - error                     : 0 (0%)
                 covers                       : 84
                  - unreachable               : 7 (8.33333%)
                  - bounded_unreachable (user): 0 (0%)
                  - covered                   : 77 (91.6667%)
                  - ar_covered                : 0 (0%)
                  - undetermined              : 0 (0%)
                  - unknown                   : 0 (0%)
                  - error                     : 0 (0%)
determined
determined
[<embedded>] % include scripts/fpv_setup.tcl
%% # =========================================================
%% # AHB-Lite SRAM Formal Verification Setup
%% # Role B - EE5214
%% # =========================================================
%% 
%% clear -all
INFO (IPF121): Cleared environment completely for new design analysis.
%% 
%% set ROOT [pwd]
/home/Abid.Hussain/verification/3.AHB-Lite-project
%% 
%% set top ahb3liten
ahb3liten
%% 
%% # -----------------------------
%% # STEP 1: PACKAGE FIRST (VERY IMPORTANT)
%% # -----------------------------
%% analyze -sv09 $ROOT/packages/ahb3lite_pkg.sv
[-- (VERI-1482)] Analyzing Verilog file '/mnt/cadence_tools/installs/JASPER25/lib/verilog/packages/std/std.sv' into library 'std'
[-- (VERI-1482)] Analyzing Verilog file '/home/Abid.Hussain/verification/3.AHB-Lite-project/packages/ahb3lite_pkg.sv'
%% 
%% # -----------------------------
%% # STEP 2: RTL
%% # -----------------------------
%% analyze -sv09 $ROOT/rtl/mem.sv
[-- (VERI-1482)] Analyzing Verilog file '/home/Abid.Hussain/verification/3.AHB-Lite-project/rtl/mem.sv'
%% analyze -sv09 $ROOT/rtl/design.sv
[-- (VERI-1482)] Analyzing Verilog file '/home/Abid.Hussain/verification/3.AHB-Lite-project/rtl/design.sv'
%% 
%% # -----------------------------
%% # STEP 3: SVA
%% # -----------------------------
%% analyze -sv09 $ROOT/sva/ahb_checker.sv
[-- (VERI-1482)] Analyzing Verilog file '/home/Abid.Hussain/verification/3.AHB-Lite-project/sva/ahb_checker.sv'
%% analyze -sv09 $ROOT/sva/ahb_assumptions.sv
[-- (VERI-1482)] Analyzing Verilog file '/home/Abid.Hussain/verification/3.AHB-Lite-project/sva/ahb_assumptions.sv'
%% #analyze -sv09 $ROOT/sva/ahb_cover.sv
%% 
%% # -----------------------------
%% # STEP 4: BIND
%% # -----------------------------
%% analyze -sv09 $ROOT/bind/bind_ahb.sv
[-- (VERI-1482)] Analyzing Verilog file '/home/Abid.Hussain/verification/3.AHB-Lite-project/bind/bind_ahb.sv'
%% 
%% # -----------------------------
%% # ELABORATE
%% # -----------------------------
%% elaborate -top $top -create_related_covers {precondition witness}
INFO (ISW003): Top module name is "ahb3liten".
[INFO (HIER-8002)] /home/Abid.Hussain/verification/3.AHB-Lite-project/rtl/design.sv(297): Disabling old hierarchical reference handler
[WARN (VERI-1927)] /home/Abid.Hussain/verification/3.AHB-Lite-project/bind/bind_ahb.sv(30): port 'HWRITE' remains unconnected for this instance
[INFO (VERI-1018)] /home/Abid.Hussain/verification/3.AHB-Lite-project/rtl/mem.sv(1): compiling module 'mem:(ABITS=8)'
[INFO (VERI-2571)] /home/Abid.Hussain/verification/3.AHB-Lite-project/rtl/mem.sv(25): extracting RAM for identifier 'mem_array'
[WARN (VERI-9033)] /home/Abid.Hussain/verification/3.AHB-Lite-project/rtl/mem.sv(25): array mem_array (size 8192) automatically BLACK-BOXED. Use the "elaborate -bbox_a" command to prevent automatic black-boxing.
[INFO (VERI-1018)] /home/Abid.Hussain/verification/3.AHB-Lite-project/sva/ahb_checker.sv(1): compiling module 'ahb_checker'
[WARN (VERI-1796)] /home/Abid.Hussain/verification/3.AHB-Lite-project/sva/ahb_checker.sv(50): system function call isunknown with non-constant argument is not supported for synthesis
[WARN (VERI-1796)] /home/Abid.Hussain/verification/3.AHB-Lite-project/sva/ahb_checker.sv(50): system function call isunknown with non-constant argument is not supported for synthesis
[INFO (VERI-1018)] /home/Abid.Hussain/verification/3.AHB-Lite-project/sva/ahb_assumptions.sv(7): compiling module 'ahb_assumptions'
[WARN (VERI-1796)] /home/Abid.Hussain/verification/3.AHB-Lite-project/sva/ahb_assumptions.sv(65): system function call isunknown with non-constant argument is not supported for synthesis
[WARN (VERI-1796)] /home/Abid.Hussain/verification/3.AHB-Lite-project/sva/ahb_assumptions.sv(74): system function call isunknown with non-constant argument is not supported for synthesis
[WARN (VERI-1796)] /home/Abid.Hussain/verification/3.AHB-Lite-project/sva/ahb_assumptions.sv(83): system function call isunknown with non-constant argument is not supported for synthesis
[WARN (VERI-1796)] /home/Abid.Hussain/verification/3.AHB-Lite-project/sva/ahb_assumptions.sv(92): system function call isunknown with non-constant argument is not supported for synthesis
[INFO (VERI-1018)] /home/Abid.Hussain/verification/3.AHB-Lite-project/rtl/design.sv(1): compiling module 'ahb3liten'
[WARN (VERI-1209)] /home/Abid.Hussain/verification/3.AHB-Lite-project/rtl/design.sv(113): expression size 16 truncated to fit in target size 7
[WARN (VERI-1959)] /home/Abid.Hussain/verification/3.AHB-Lite-project/rtl/design.sv(155): left shift count >= width of value
[WARN (VERI-1959)] /home/Abid.Hussain/verification/3.AHB-Lite-project/rtl/design.sv(156): left shift count >= width of value
[WARN (VERI-1959)] /home/Abid.Hussain/verification/3.AHB-Lite-project/rtl/design.sv(157): left shift count >= width of value
[WARN (VERI-1209)] /home/Abid.Hussain/verification/3.AHB-Lite-project/rtl/design.sv(126): expression size 32 truncated to fit in target size 16
[WARN (VERI-1209)] /home/Abid.Hussain/verification/3.AHB-Lite-project/rtl/design.sv(127): expression size 32 truncated to fit in target size 16
[WARN (VERI-1209)] /home/Abid.Hussain/verification/3.AHB-Lite-project/rtl/design.sv(128): expression size 32 truncated to fit in target size 16
[WARN (VERI-1209)] /home/Abid.Hussain/verification/3.AHB-Lite-project/rtl/design.sv(129): expression size 32 truncated to fit in target size 16
[WARN (VERI-1209)] /home/Abid.Hussain/verification/3.AHB-Lite-project/rtl/design.sv(130): expression size 32 truncated to fit in target size 16
[WARN (VERI-1209)] /home/Abid.Hussain/verification/3.AHB-Lite-project/rtl/design.sv(131): expression size 32 truncated to fit in target size 16
[WARN (VERI-1209)] /home/Abid.Hussain/verification/3.AHB-Lite-project/rtl/design.sv(132): expression size 32 truncated to fit in target size 16
[WARN (VERI-1209)] /home/Abid.Hussain/verification/3.AHB-Lite-project/rtl/design.sv(133): expression size 32 truncated to fit in target size 16
[WARN (VERI-8028)] /home/Abid.Hussain/verification/3.AHB-Lite-project/bind/bind_ahb.sv(21): missing/open ports on instance u_assumptions of module ahb_assumptions
[WARN (VDB-1013)] /home/Abid.Hussain/verification/3.AHB-Lite-project/bind/bind_ahb.sv(30): input port 'HWRITE' is not connected on this instance
INFO (INL208): Elaboration synthesis summary:
  Number of synthesized netlists          5 (1 packages)
  Single run mode                         On
  Pipeline                                On (4 pipelined netlists)
  Late hierarchical reference connection  On
  Number of analyzed Verilog modules      6 (5 synthesized)
  Number of analyzed VHDL entities        0 (0 synthesized)
  Advanced Incremental run mode           Off
INFO (INL003): Clearing all state information (assumes, stopats, and so forth).
ahb3liten
%% 
%% # -----------------------------
%% # CLOCK / RESET
%% # -----------------------------
%% clock HCLK
%% reset !HRESETn
INFO (IPM031): Clearing proof results of all properties.
INFO (IRS006): Current reset condition is "HRESETn".
%% 
%% # -----------------------------
%% # PROVE
%% # -----------------------------
%% prove -all
INFO (IPF036): Starting proof on task: "<embedded>", 94 properties to prove with 0 already proven/unreachable
INFO (IRS029): Starting reset analysis: phase 1 of 4.
INFO (IRS030): Running reset analysis: phase 2 of 4.
INFO (IRS031): Running reset analysis: phase 3 of 4.
INFO (IRS020): Starting the reset analysis simulation with a limit of 100 iterations (phase 4 of 4).
INFO (ISIM006): Running simulation: {mode = single, probe = all}.
INFO (IRS024): Reset iterations 0 to 4 analyzed.
INFO (ISIM008): Simulation is processing trace data. Total number of nets in analysis 2708.
INFO (IRS018): Reset analysis simulation executed for 3 iterations. Assigned values for 2 of 113 design flops, 0 of 0 design latches, 257 of 561 internal elements.
INFO (IRS039): Reset analysis complete.
INFO (IPF031): Settings used for proof thread 2:
    orchestration                      = on
    time_limit                         = 86400s
    per_property_time_limit            = 1s * 10 ^ scan
    engine_mode                        = auto
    proofgrid_per_engine_max_jobs      = 1
    max engine jobs                    = auto
    proofgrid_mode                     = local
    proofgrid_restarts                 = 10
2.0.PRE: A proof was found: No trace exists. [0.00 s]
INFO (IPF057): 2.0.PRE: The property "ahb3liten.u_checker._assert_1" was proven in 0.00 s.
2.0.PRE: A proof was found: No trace exists. [0.00 s]
INFO (IPF051): 2.0.PRE: The cover property "ahb3liten.u_checker._assert_1:witness1" was proven unreachable in 0.00 s.
2.0.PRE: A proof was found: No trace exists. [0.00 s]
INFO (IPF051): 2.0.PRE: The cover property "ahb3liten.u_checker._assert_1:precondition1" was proven unreachable in 0.00 s.
2.0.PRE: A proof was found: No trace exists. [0.00 s]
INFO (IPF057): 2.0.PRE: The property "ahb3liten.u_checker._assert_3" was proven in 0.00 s.
2.0.PRE: A proof was found: No trace exists. [0.00 s]
INFO (IPF057): 2.0.PRE: The property "ahb3liten.u_checker._assert_9" was proven in 0.00 s.
2.0.PRE: A proof was found: No trace exists. [0.00 s]
INFO (IPF051): 2.0.PRE: The cover property "ahb3liten.u_checker._assert_9:witness1" was proven unreachable in 0.00 s.
2.0.PRE: A proof was found: No trace exists. [0.00 s]
INFO (IPF051): 2.0.PRE: The cover property "ahb3liten.u_checker._assert_9:precondition1" was proven unreachable in 0.00 s.
2.0.PRE: A proof was found: No trace exists. [0.00 s]
INFO (IPF051): 2.0.PRE: The cover property "ahb3liten.u_assumptions.assume_reset_htrans:witness1" was proven unreachable in 0.00 s.
2.0.PRE: A proof was found: No trace exists. [0.00 s]
INFO (IPF051): 2.0.PRE: The cover property "ahb3liten.u_assumptions.assume_reset_htrans:precondition1" was proven unreachable in 0.00 s.
2: Found proofs for 9 properties in preprocessing
2: Using multistage preprocessing
2: Starting reduce
2: Finished reduce in 0.001s
2.0.PRE: Performing Proof Simplification...
2.0.Hp: clocks: 1, declared: 1, looping: 0, posedge: 1, negedge: 0, noedge: 0, bothedge: 0
2.0.Hp: Proof Simplification Iteration 1	[0.00 s]
2.0.Hp: A max_length bound was found. The shortest trace is no longer than 1 cycles. [0.00 s]
INFO (IPF008): 2.0.Hp: A max_length bound of 1 was found for the property "ahb3liten.u_checker._assert_3:witness1" in 0.00 s.
2.0.Hp: A max_length bound was found. The shortest trace is no longer than 1 cycles. [0.00 s]
INFO (IPF008): 2.0.Hp: A max_length bound of 1 was found for the property "ahb3liten.u_checker._assert_7:witness1" in 0.00 s.
2.0.Hp: A max_length bound was found. The shortest trace is no longer than 1 cycles. [0.00 s]
INFO (IPF008): 2.0.Hp: A max_length bound of 1 was found for the property "ahb3liten.u_checker._assert_7:precondition1" in 0.00 s.
2.0.Hp: A max_length bound was found. The shortest trace is no longer than 1 cycles. [0.00 s]
INFO (IPF008): 2.0.Hp: A max_length bound of 1 was found for the property "ahb3liten.u_assumptions.assume_valid_htrans:witness1" in 0.00 s.
2.0.Hp: A max_length bound was found. The shortest trace is no longer than 1 cycles. [0.00 s]
INFO (IPF008): 2.0.Hp: A max_length bound of 1 was found for the property "ahb3liten.u_assumptions.assume_valid_hburst:witness1" in 0.00 s.
2.0.Hp: A max_length bound was found. The shortest trace is no longer than 1 cycles. [0.00 s]
INFO (IPF008): 2.0.Hp: A max_length bound of 1 was found for the property "ahb3liten.u_assumptions.assume_valid_hsize:witness1" in 0.00 s.
2.0.Hp: A max_length bound was found. The shortest trace is no longer than 1 cycles. [0.00 s]
INFO (IPF008): 2.0.Hp: A max_length bound of 1 was found for the property "ahb3liten.u_assumptions.assume_valid_hwrite:witness1" in 0.00 s.
2.0.Hp: A max_length bound was found. The shortest trace is no longer than 1 cycles. [0.00 s]
INFO (IPF008): 2.0.Hp: A max_length bound of 1 was found for the property "ahb3liten.u_assumptions.assume_valid_hsel:witness1" in 0.00 s.
2.0.Hp: A max_length bound was found. The shortest trace is no longer than 1 cycles. [0.00 s]
INFO (IPF008): 2.0.Hp: A max_length bound of 1 was found for the property "ahb3liten.u_assumptions.assume_valid_hready:witness1" in 0.00 s.
2.0.Hp: Proof Simplification Iteration 2	[0.00 s]
2.0.Hp: Proof Simplification Iteration 3	[0.00 s]
2.0.Hp: Proof Simplification Iteration 4	[0.00 s]
2.0.Hp: Proof Simplification Iteration 5	[0.00 s]
2.0.Hp: Proof Simplification Iteration 6	[0.01 s]
2.0.Hp: Proof Simplification Iteration 7	[0.01 s]
2.0.Hp: Proof Simplification Iteration 8	[0.01 s]
2.0.Hp: Proof Simplification Iteration 9	[0.01 s]
2.0.PRE: A proof was found: No trace exists. [0.00 s]
INFO (IPF057): 2.0.PRE: The property "ahb3liten.u_checker._assert_7" was proven in 0.00 s.
2.0.Hp: Proof Simplification Iteration 10	[0.01 s]
2.0.Hp: Proof Simplification Iteration 11	[0.01 s]
2.0.PRE: Proof Simplification completed in 0.01 s
2.0.Hp: Identified and disabled 21 duplicated targets.
2: About to start ProofGrid in its own thread with a limit of 10000 pending notifications and a limit of 10 traces.
2: ============================= ProofGrid (v3) start =============================
2: ProofGrid usable level: 63
2: Initial ProofGrid level: 1
2: ProofGrid is starting event handling
2: Computed task hash in 0.00ss
2.0.Hp: pc9: Support for "CentOS Linux release 7.9.2009 (Core)" will be removed with the 2025.09 release.
2.0.Ht: pc9: Support for "CentOS Linux release 7.9.2009 (Core)" will be removed with the 2025.09 release.
2: ProofGrid usable level: 63
2.0.Hp: Proofgrid shell started at 987@pc9(local) jg_27470_pc9_7
2: ProofGrid usable level: 63
2: ProofGrid usable level: 63
2.0.Hp: clocks: 1, declared: 1, looping: 0, posedge: 1, negedge: 0, noedge: 0, bothedge: 0
2: ProofGrid usable level: 63
2: ProofGrid usable level: 63
2.0.Hp: Trace Attempt  1	[0.01 s]
2.0.Hp: A trace with 1 cycles was found. [0.01 s]
INFO (IPF047): 2.0.Hp: The cover property "ahb3liten.u_checker._assert_2:witness1" was covered in 1 cycles in 0.02 s.
INFO (IPF047): 2.0.Hp: The cover property "ahb3liten.u_checker._assert_2:precondition1" was covered in 1 cycles in 0.02 s.
INFO (IPF047): 2.0.Hp: The cover property "ahb3liten.u_checker._assert_3:witness1" was covered in 1 cycles in 0.02 s.
INFO (IPF047): 2.0.Hp: The cover property "ahb3liten.u_checker._assert_7:witness1" was covered in 1 cycles in 0.02 s.
INFO (IPF047): 2.0.Hp: The cover property "ahb3liten.u_checker._assert_7:precondition1" was covered in 1 cycles in 0.02 s.
INFO (IPF047): 2.0.Hp: The cover property "ahb3liten.u_assumptions.assume_valid_htrans:witness1" was covered in 1 cycles in 0.02 s.
INFO (IPF047): 2.0.Hp: The cover property "ahb3liten.u_assumptions.assume_valid_hburst:witness1" was covered in 1 cycles in 0.02 s.
INFO (IPF047): 2.0.Hp: The cover property "ahb3liten.u_assumptions.assume_valid_hsize:witness1" was covered in 1 cycles in 0.02 s.
INFO (IPF047): 2.0.Hp: The cover property "ahb3liten.u_assumptions.assume_valid_hwrite:witness1" was covered in 1 cycles in 0.02 s.
INFO (IPF047): 2.0.Hp: The cover property "ahb3liten.u_assumptions.assume_valid_hsel:witness1" was covered in 1 cycles in 0.02 s.
INFO (IPF047): 2.0.Hp: The cover property "ahb3liten.u_assumptions.assume_valid_hready:witness1" was covered in 1 cycles in 0.02 s.
2.0.Hp: A trace with 1 cycles was found. [0.01 s]
INFO (IPF047): 2.0.Hp: The cover property "ahb3liten.u_checker._assert_5:precondition1" was covered in 1 cycles in 0.02 s.
INFO (IPF047): 2.0.Hp: The cover property "ahb3liten.u_assumptions.assume_valid_haddr:witness1" was covered in 1 cycles in 0.02 s.
INFO (IPF047): 2.0.Hp: The cover property "ahb3liten.u_assumptions.assume_align_halfword:witness1" was covered in 1 cycles in 0.02 s.
INFO (IPF047): 2.0.Hp: The cover property "ahb3liten.u_assumptions.assume_1kb_boundary:witness1" was covered in 1 cycles in 0.02 s.
INFO (IPF047): 2.0.Hp: The cover property "ahb3liten.u_assumptions.assume_1kb_boundary:precondition1" was covered in 1 cycles in 0.02 s.
INFO (IPF047): 2.0.Hp: The cover property "ahb3liten.u_assumptions.assume_no_seq_after_idle:witness1" was covered in 1 cycles in 0.02 s.
INFO (IPF047): 2.0.Hp: The cover property "ahb3liten.u_assumptions.assume_no_seq_after_idle:precondition1" was covered in 1 cycles in 0.02 s.
INFO (IPF047): 2.0.Hp: The cover property "ahb3liten.u_assumptions.assume_const_hsize_burst:witness1" was covered in 1 cycles in 0.02 s.
INFO (IPF047): 2.0.Hp: The cover property "ahb3liten.u_assumptions.assume_const_hburst_burst:witness1" was covered in 1 cycles in 0.02 s.
INFO (IPF047): 2.0.Hp: The cover property "ahb3liten.u_assumptions.assume_valid_haddr:precondition1" was covered in 1 cycles in 0.02 s.
INFO (IPF047): 2.0.Hp: The cover property "ahb3liten.u_assumptions.assume_align_halfword:precondition1" was covered in 1 cycles in 0.02 s.
INFO (IPF047): 2.0.Hp: The cover property "ahb3liten.u_assumptions.assume_const_hsize_burst:precondition1" was covered in 1 cycles in 0.02 s.
INFO (IPF047): 2.0.Hp: The cover property "ahb3liten.u_assumptions.assume_const_hwrite_burst:witness1" was covered in 1 cycles in 0.02 s.
INFO (IPF047): 2.0.Hp: The cover property "ahb3liten.u_assumptions.assume_const_hwrite_burst:precondition1" was covered in 1 cycles in 0.02 s.
INFO (IPF047): 2.0.Hp: The cover property "ahb3liten.u_assumptions.assume_const_hburst_burst:precondition1" was covered in 1 cycles in 0.02 s.
INFO (IPF047): 2.0.Hp: The cover property "ahb3liten.u_assumptions.assume_valid_seq_pred:witness1" was covered in 1 cycles in 0.02 s.
INFO (IPF047): 2.0.Hp: The cover property "ahb3liten.u_assumptions.assume_valid_seq_pred:precondition1" was covered in 1 cycles in 0.02 s.
2.0.Hp: A trace with 1 cycles was found. [0.01 s]
INFO (IPF047): 2.0.Hp: The cover property "ahb3liten.u_checker._assert_6:precondition1" was covered in 1 cycles in 0.03 s.
2.0.Hp: A trace with 1 cycles was found. [0.01 s]
INFO (IPF047): 2.0.Hp: The cover property "ahb3liten.u_checker._assert_8:precondition1" was covered in 1 cycles in 0.03 s.
2.0.Hp: A trace with 1 cycles was found. [0.01 s]
INFO (IPF047): 2.0.Hp: The cover property "ahb3liten.u_assumptions.assume_align_word:witness1" was covered in 1 cycles in 0.03 s.
INFO (IPF047): 2.0.Hp: The cover property "ahb3liten.u_assumptions.assume_align_word:precondition1" was covered in 1 cycles in 0.03 s.
INFO (IPF047): 2.0.Hp: The cover property "ahb3liten.u_assumptions.assume_burst_len_wrap8:precondition1" was covered in 1 cycles in 0.03 s.
2: ProofGrid is temporarily paused because there are too many pending traces.
2: ProofGrid is resuming to work after pausing for 0.02s. The amount of pending traces decreased.
2.0.Hp: A trace with 1 cycles was found. [0.01 s]
INFO (IPF047): 2.0.Hp: The cover property "ahb3liten.u_assumptions.assume_stable_haddr_wait:witness1" was covered in 1 cycles in 0.03 s.
INFO (IPF047): 2.0.Hp: The cover property "ahb3liten.u_assumptions.assume_stable_haddr_wait:precondition1" was covered in 1 cycles in 0.03 s.
INFO (IPF047): 2.0.Hp: The cover property "ahb3liten.u_assumptions.assume_stable_htrans_wait:witness1" was covered in 1 cycles in 0.03 s.
INFO (IPF047): 2.0.Hp: The cover property "ahb3liten.u_assumptions.assume_stable_hsize_wait:witness1" was covered in 1 cycles in 0.03 s.
INFO (IPF047): 2.0.Hp: The cover property "ahb3liten.u_assumptions.assume_stable_hburst_wait:witness1" was covered in 1 cycles in 0.03 s.
INFO (IPF047): 2.0.Hp: The cover property "ahb3liten.u_assumptions.assume_stable_hwrite_wait:witness1" was covered in 1 cycles in 0.03 s.
INFO (IPF047): 2.0.Hp: The cover property "ahb3liten.u_assumptions.assume_stable_hsel_wait:witness1" was covered in 1 cycles in 0.03 s.
INFO (IPF047): 2.0.Hp: The cover property "ahb3liten.u_assumptions.assume_stable_htrans_wait:precondition1" was covered in 1 cycles in 0.03 s.
INFO (IPF047): 2.0.Hp: The cover property "ahb3liten.u_assumptions.assume_stable_hsize_wait:precondition1" was covered in 1 cycles in 0.03 s.
INFO (IPF047): 2.0.Hp: The cover property "ahb3liten.u_assumptions.assume_stable_hburst_wait:precondition1" was covered in 1 cycles in 0.03 s.
INFO (IPF047): 2.0.Hp: The cover property "ahb3liten.u_assumptions.assume_stable_hwrite_wait:precondition1" was covered in 1 cycles in 0.03 s.
INFO (IPF047): 2.0.Hp: The cover property "ahb3liten.u_assumptions.assume_stable_hsel_wait:precondition1" was covered in 1 cycles in 0.03 s.
2.0.Hp: A trace with 1 cycles was found. [0.01 s]
INFO (IPF047): 2.0.Hp: The cover property "ahb3liten.u_assumptions.assume_valid_busy_pred:witness1" was covered in 1 cycles in 0.04 s.
INFO (IPF047): 2.0.Hp: The cover property "ahb3liten.u_assumptions.assume_valid_busy_pred:precondition1" was covered in 1 cycles in 0.04 s.
INFO (IPF047): 2.0.Hp: The cover property "ahb3liten.u_assumptions.assume_busy_addr_stable:witness1" was covered in 1 cycles in 0.04 s.
INFO (IPF047): 2.0.Hp: The cover property "ahb3liten.u_assumptions.assume_busy_addr_stable:precondition1" was covered in 1 cycles in 0.04 s.
2.0.Hp: A trace with 1 cycles was found. [0.01 s]
INFO (IPF047): 2.0.Hp: The cover property "ahb3liten.u_assumptions.assume_single_no_seq:witness1" was covered in 1 cycles in 0.04 s.
INFO (IPF047): 2.0.Hp: The cover property "ahb3liten.u_assumptions.assume_single_no_seq:precondition1" was covered in 1 cycles in 0.04 s.
INFO (IPF047): 2.0.Hp: The cover property "ahb3liten.u_assumptions.assume_single_no_busy:witness1" was covered in 1 cycles in 0.04 s.
INFO (IPF047): 2.0.Hp: The cover property "ahb3liten.u_assumptions.assume_single_no_busy:precondition1" was covered in 1 cycles in 0.04 s.
2.0.Hp: A trace with 1 cycles was found. [0.01 s]
INFO (IPF047): 2.0.Hp: The cover property "ahb3liten.u_assumptions.assume_burst_len_incr4:precondition1" was covered in 1 cycles in 0.04 s.
2.0.Hp: A trace with 1 cycles was found. [0.01 s]
INFO (IPF047): 2.0.Hp: The cover property "ahb3liten.u_assumptions.assume_burst_len_wrap4:precondition1" was covered in 1 cycles in 0.04 s.
2: ProofGrid is temporarily paused because there are too many pending traces.
2: ProofGrid is resuming to work after pausing for 0.01s. The amount of pending traces decreased.
2.0.Hp: A trace with 1 cycles was found. [0.01 s]
INFO (IPF047): 2.0.Hp: The cover property "ahb3liten.u_assumptions.assume_burst_len_incr8:precondition1" was covered in 1 cycles in 0.04 s.
2.0.Ht: Proofgrid shell started at 1007@pc9(local) jg_27470_pc9_7
2.0.L: pc9: Support for "CentOS Linux release 7.9.2009 (Core)" will be removed with the 2025.09 release.
2.0.Hp: A trace with 1 cycles was found. [0.01 s]
INFO (IPF047): 2.0.Hp: The cover property "ahb3liten.u_assumptions.assume_burst_len_incr16:precondition1" was covered in 1 cycles in 0.05 s.
2.0.Hp: A trace with 1 cycles was found. [0.02 s]
INFO (IPF047): 2.0.Hp: The cover property "ahb3liten.u_assumptions.assume_burst_len_wrap16:precondition1" was covered in 1 cycles in 0.05 s.
2.0.Hp: A trace with 1 cycles was found. [0.02 s]
INFO (IPF047): 2.0.Hp: The cover property "ahb3liten.u_assumptions.assume_incr_addr_math:witness1" was covered in 1 cycles in 0.05 s.
INFO (IPF047): 2.0.Hp: The cover property "ahb3liten.u_assumptions.assume_incr_addr_math:precondition1" was covered in 1 cycles in 0.05 s.
2.0.Hp: A trace with 1 cycles was found. [0.02 s]
INFO (IPF047): 2.0.Hp: The cover property "ahb3liten.u_assumptions.assume_wrap4_word_bound:witness1" was covered in 1 cycles in 0.05 s.
INFO (IPF047): 2.0.Hp: The cover property "ahb3liten.u_assumptions.assume_wrap4_word_bound:precondition1" was covered in 1 cycles in 0.05 s.
2: ProofGrid is temporarily paused because there are too many pending traces.
2: ProofGrid is resuming to work after pausing for 0.01s. The amount of pending traces decreased.
2.0.Hp: A trace with 1 cycles was found. [0.02 s]
INFO (IPF047): 2.0.Hp: The cover property "ahb3liten.u_assumptions.assume_wrap8_word_bound:witness1" was covered in 1 cycles in 0.06 s.
INFO (IPF047): 2.0.Hp: The cover property "ahb3liten.u_assumptions.assume_wrap8_word_bound:precondition1" was covered in 1 cycles in 0.06 s.
2.0.Hp: A trace with 1 cycles was found. [0.02 s]
INFO (IPF047): 2.0.Hp: The cover property "ahb3liten.u_assumptions.assume_wrap16_word_bound:witness1" was covered in 1 cycles in 0.06 s.
INFO (IPF047): 2.0.Hp: The cover property "ahb3liten.u_assumptions.assume_wrap16_word_bound:precondition1" was covered in 1 cycles in 0.06 s.
2.0.Hp: A trace with 1 cycles was found. [0.02 s]
INFO (IPF047): 2.0.Hp: The cover property "ahb3liten.u_assumptions.assume_wrap4_hw_bound:witness1" was covered in 1 cycles in 0.06 s.
INFO (IPF047): 2.0.Hp: The cover property "ahb3liten.u_assumptions.assume_wrap4_hw_bound:precondition1" was covered in 1 cycles in 0.06 s.
2.0.Hp: A proof was found: No trace exists. [0.04 s]
INFO (IPF057): 2.0.Hp: The property "ahb3liten.u_checker._assert_2" was proven in 0.06 s.
2.0.Hp: A proof was found: No trace exists. [0.04 s]
INFO (IPF051): 2.0.Hp: The cover property "ahb3liten.u_checker._assert_5:witness1" was proven unreachable in 0.06 s.
2.0.Hp: Trace Attempt  2	[0.04 s]
2.0.Hp: A trace with 2 cycles was found. [0.04 s]
INFO (IPF055): 2.0.Hp: A counterexample (cex) with 2 cycles was found for the property "ahb3liten.u_checker._assert_4" in 0.07 s.
INFO (IPF047): 2.0.Hp: The cover property "ahb3liten.u_checker._assert_4:precondition1" was covered in 2 cycles in 0.07 s.
2.0.Hp: A trace with 2 cycles was found. [0.04 s]
INFO (IPF047): 2.0.Hp: The cover property "ahb3liten.u_checker._assert_4:witness1" was covered in 2 cycles in 0.07 s.
2: ProofGrid is temporarily paused because there are too many pending traces.
2: ProofGrid is resuming to work after pausing for 0.01s. The amount of pending traces decreased.
2.0.Hp: A trace with 2 cycles was found. [0.04 s]
INFO (IPF055): 2.0.Hp: A counterexample (cex) with 2 cycles was found for the property "ahb3liten.u_checker._assert_5" in 0.07 s.
2: ProofGrid is temporarily paused because there are too many pending traces.
2: ProofGrid is resuming to work after pausing for 0.01s. The amount of pending traces decreased.
2.0.Hp: A trace with 2 cycles was found. [0.04 s]
INFO (IPF047): 2.0.Hp: The cover property "ahb3liten.u_checker._assert_6:witness1" was covered in 2 cycles in 0.08 s.
2.0.Hp: A trace with 2 cycles was found. [0.04 s]
INFO (IPF047): 2.0.Hp: The cover property "ahb3liten.u_checker._assert_8:witness1" was covered in 2 cycles in 0.08 s.
2.0.Bm: pc9: Support for "CentOS Linux release 7.9.2009 (Core)" will be removed with the 2025.09 release.
2.0.Oh: pc9: Support for "CentOS Linux release 7.9.2009 (Core)" will be removed with the 2025.09 release.
2.0.L: Proofgrid shell started at 1032@pc9(local) jg_27470_pc9_7
2.0.N: pc9: Support for "CentOS Linux release 7.9.2009 (Core)" will be removed with the 2025.09 release.
2.0.AM: pc9: Support for "CentOS Linux release 7.9.2009 (Core)" will be removed with the 2025.09 release.
2.0.AM: Proofgrid shell started at 1052@pc9(local) jg_27470_pc9_7
2.0.Hp: Trace Attempt  3	[0.05 s]
2.0.Hp: Trace Attempt  4	[0.07 s]
2.0.Hp: A trace with 4 cycles was found. [0.07 s]
INFO (IPF047): 2.0.Hp: The cover property "ahb3liten.u_assumptions.assume_burst_len_incr4:witness1" was covered in 4 cycles in 0.08 s.
2.0.Hp: A trace with 4 cycles was found. [0.07 s]
INFO (IPF047): 2.0.Hp: The cover property "ahb3liten.u_assumptions.assume_burst_len_wrap4:witness1" was covered in 4 cycles in 0.09 s.
2.0.Ht: clocks: 1, declared: 1, looping: 0, posedge: 1, negedge: 0, noedge: 0, bothedge: 0
2.0.Ht: Trace Attempt  1	[0.04 s]
2.0.Ht: Trace Attempt  2	[0.04 s]
2.0.Ht: Trace Attempt  3	[0.04 s]
2.0.Ht: Trace Attempt  4	[0.04 s]
2.0.Ht: Trace Attempt  5	[0.04 s]
2.0.L: clocks: 1, declared: 1, looping: 0, posedge: 1, negedge: 0, noedge: 0, bothedge: 0
2.0.Ht: Trace Attempt  8	[0.04 s]
2.0.Ht: A trace with 8 cycles was found. [0.04 s]
INFO (IPF047): 2.0.Ht: The cover property "ahb3liten.u_assumptions.assume_burst_len_incr8:witness1" was covered in 8 cycles in 0.00 s.
2.0.Ht: A trace with 8 cycles was found. [0.04 s]
INFO (IPF047): 2.0.Ht: The cover property "ahb3liten.u_assumptions.assume_burst_len_wrap8:witness1" was covered in 8 cycles in 0.00 s.
2: ProofGrid is temporarily paused because there are too many pending traces.
2: ProofGrid is resuming to work after pausing for 0.02s. The amount of pending traces decreased.
2.0.Bm: Proofgrid shell started at 1028@pc9(local) jg_27470_pc9_7
2.0.L: Using trace diversification with seed 1 (0.05)
2.0.L: Using LRU state removal heuristic
2.0.L: Using states from traces to { (reset) }
2.0.L: Trace Attempt  3	[0.02 s]
2.0.N: Proofgrid shell started at 1043@pc9(local) jg_27470_pc9_7
2.0.B: pc9: Support for "CentOS Linux release 7.9.2009 (Core)" will be removed with the 2025.09 release.
2.0.AM: clocks: 1, declared: 1, looping: 0, posedge: 1, negedge: 0, noedge: 0, bothedge: 0
2.0.Ht: Trace Attempt  9	[0.04 s]
2.0.Ht: Trace Attempt 16	[0.05 s]
2.0.Ht: A trace with 16 cycles was found. [0.06 s]
INFO (IPF047): 2.0.Ht: The cover property "ahb3liten.u_assumptions.assume_burst_len_incr16:witness1" was covered in 16 cycles in 0.01 s.
2.0.Ht: A trace with 16 cycles was found. [0.06 s]
INFO (IPF047): 2.0.Ht: The cover property "ahb3liten.u_assumptions.assume_burst_len_wrap16:witness1" was covered in 16 cycles in 0.01 s.
2.0.Ht: Using autonomous factor loop
2.0.Ht: Next scan (0) will use per property time limit: 1s * 10 ^ 0 = 1s
2.0.Oh: Proofgrid shell started at 1031@pc9(local) jg_27470_pc9_7
2.0.N: clocks: 1, declared: 1, looping: 0, posedge: 1, negedge: 0, noedge: 0, bothedge: 0
2: Running jobs with 7 threads on "pc9" with 6 cores (limit exceeded with 0.Oh).
2: Running jobs with 7 threads on "pc9" with 6 cores (limit exceeded with 0.Oh).
2.0.Bm: clocks: 1, declared: 1, looping: 0, posedge: 1, negedge: 0, noedge: 0, bothedge: 0
2.0.Oh: clocks: 1, declared: 1, looping: 0, posedge: 1, negedge: 0, noedge: 0, bothedge: 0
2.0.Hp: Using autonomous factor loop
2.0.Hp: Next scan (0) will use per property time limit: 1s * 10 ^ 0 = 1s
2.0.Bm: Ignoring liveness properties
2.0.Bm: Using autonomous factor loop
2.0.Bm: Next scan (0) will use per property time limit: 1s * 10 ^ 0 = 1s
2.0.Bm: Trace Attempt  1	[0.00 s]
2.0.L: Using states from traces to { ahb3liten.u_checker._assert_4:witness1 (2) }
2.0.Bm: Trace Attempt  2	[0.00 s]
2.0.L: Trace Attempt  3	[0.04 s]
2.0.Hp: Trace Attempt  1	[0.01 s]
2.0.Ht: Trace Attempt  1	[0.01 s]
2.0.Oh: All properties either determined or skipped. [0.01 s]
2.0.L: Using states from traces to { ahb3liten.u_checker._assert_5 <3> }
2.0.L: Trace Attempt  3	[0.04 s]
2.0.Bm: A trace with 1+1 cycles was found (stem + loop). [0.01 s]
INFO (IPF069): 2.0.Bm: A counterexample (cex) with 1+1 cycles was found for the property "ahb3liten.u_checker._assert_6" in 0.01 s (stem + loop).
INFO (IPF077): 2.0.Bm: The cover property ":live" was covered in 1+1 cycles in 0.01 s.
    Use check_assumptions -show -live to show this property in the property table (stem + loop).
INFO (IPF057): 2.0.Bm: The property ":noConflict" was proven in 0.01 s.
    Use check_assumptions -show to show this property in the property table.
2.0.L: Using states from traces to { ahb3liten.u_checker._assert_6:witness1 (4) }
2.0.Hp: Trace Attempt  2	[0.02 s]
2.0.Bm: Trace Attempt  1	[0.00 s]
2.0.L: Trace Attempt  3	[0.05 s]
2.0.L: Using states from traces to { ahb3liten.u_checker._assert_8:witness1 (5) }
2.0.Bm: Trace Attempt  2	[0.01 s]
2.0.Oh: Exited with Success (@ 0.14 s)
2.0.L: Trace Attempt  3	[0.06 s]
2.0.L: Using states from traces to { ahb3liten.u_checker._assert_4 <6> }
2.0.L: Trace Attempt  3	[0.06 s]
2.0.L: Trace Attempt  4	[0.06 s]
2.0.L: Trace Attempt  5	[0.06 s]
2.0.Bm: A trace with 1+1 cycles was found (stem + loop). [0.01 s]
INFO (IPF069): 2.0.Bm: A counterexample (cex) with 1+1 cycles was found for the property "ahb3liten.u_checker._assert_8" in 0.01 s (stem + loop).
2.0.Ht: Trace Attempt  2	[0.04 s]
INFO (IPF144): 2: Initiating shutdown of proof [0.15 s]
2.0.AM: Requesting engine job to terminate
2.0.Hp: Requesting engine job to terminate
2.0.Ht: Requesting engine job to terminate
2.0.Bm: Requesting engine job to terminate
2.0.Mpcustom2: Requesting engine job to terminate
2.0.L: Requesting engine job to terminate
2.0.N: Requesting engine job to terminate
2.0.B: Requesting engine job to terminate
2.0.AM: All properties determined. [0.06 s]
2.0.Bm: All properties determined. [0.00 s]
2.0.Mpcustom2: pc9: Support for "CentOS Linux release 7.9.2009 (Core)" will be removed with the 2025.09 release.
2.0.Ht: All properties determined. [0.00 s]
2.0.N: All properties determined. [0.04 s]
2.0.L: Interrupted. [0.00 s]
2.0.AM: Exited with Success (@ 0.15 s)
2: ProofGrid usable level: 0
2.0.N: Exited with Success (@ 0.15 s)
2.0.Hp: All properties determined. [0.00 s]
2.0.Ht: Exited with Success (@ 0.15 s)
2.0.Bm: Exited with Success (@ 0.15 s)
2.0.L: Exited with Success (@ 0.15 s)
2.0.Hp: Exited with Success (@ 0.16 s)
2.0.B: Proofgrid shell started at 1048@pc9(local) jg_27470_pc9_7
2.0.B: Preventing job from starting because proof is shutting down.
2.0.B: Interrupted. [0.00 s]
2.0.B: Exited with Success (@ 0.16 s)
2.0.Mpcustom2: Proofgrid shell started at 1030@pc9(local) jg_27470_pc9_7
2.0.Mpcustom2: Preventing job from starting because proof is shutting down.
2.0.Mpcustom2: Interrupted. [0.00 s]
2.0.Mpcustom2: Exited with Success (@ 0.19 s)
2: --------------------------------------------------------------
ProofGrid Summary (utilization 32.35 %)
--------------------------------------------------------------
     engines started                               :     9
     engine jobs started                           :     9

    Time in state (seconds)
    --------------------------------------------
               Pending     Running        Dead
    --------------------------------------------
    min           0.00        0.00        0.00
    mean          0.10        0.05        0.00
    median        0.10        0.04        0.00
    max           0.15        0.14        0.00
    sum           0.88        0.42        0.00

    Data read    : 116.41 kiB
    Data written : 5.94 kiB

INFO (IPF180): 2: ProofGrid utilization: 32.35% slot-seconds: 0.42
2: ProofGrid usable level: 0
2: All pending notifications were processed.
2: ProofGrid was paused 6 times for a total of 0.08 seconds
INFO (IPF059): 2: Completed proof on task: "<embedded>"

==============================================================
SUMMARY
==============================================================
           Properties Considered              : 94
                 assertions                   : 9
                  - proven                    : 5 (55.5556%)
                  - bounded_proven (user)     : 0 (0%)
                  - bounded_proven (auto)     : 0 (0%)
                  - marked_proven             : 0 (0%)
                  - cex                       : 4 (44.4444%)
                  - ar_cex                    : 0 (0%)
                  - undetermined              : 0 (0%)
                  - unknown                   : 0 (0%)
                  - error                     : 0 (0%)
                 covers                       : 85
                  - unreachable               : 7 (8.23529%)
                  - bounded_unreachable (user): 0 (0%)
                  - covered                   : 78 (91.7647%)
                  - ar_covered                : 0 (0%)
                  - undetermined              : 0 (0%)
                  - unknown                   : 0 (0%)
                  - error                     : 0 (0%)
determined
determined
[<embedded>] % include scripts/fpv_setup.tcl
%% # =========================================================
%% # AHB-Lite SRAM Formal Verification Setup
%% # Role B - EE5214
%% # =========================================================
%% 
%% clear -all
INFO (IPF121): Cleared environment completely for new design analysis.
%% 
%% set ROOT [pwd]
/home/Abid.Hussain/verification/3.AHB-Lite-project
%% 
%% set top ahb3liten
ahb3liten
%% 
%% # -----------------------------
%% # STEP 1: PACKAGE FIRST (VERY IMPORTANT)
%% # -----------------------------
%% analyze -sv09 $ROOT/packages/ahb3lite_pkg.sv
[-- (VERI-1482)] Analyzing Verilog file '/mnt/cadence_tools/installs/JASPER25/lib/verilog/packages/std/std.sv' into library 'std'
[-- (VERI-1482)] Analyzing Verilog file '/home/Abid.Hussain/verification/3.AHB-Lite-project/packages/ahb3lite_pkg.sv'
%% 
%% # -----------------------------
%% # STEP 2: RTL
%% # -----------------------------
%% analyze -sv09 $ROOT/rtl/mem.sv
[-- (VERI-1482)] Analyzing Verilog file '/home/Abid.Hussain/verification/3.AHB-Lite-project/rtl/mem.sv'
%% analyze -sv09 $ROOT/rtl/design.sv
[-- (VERI-1482)] Analyzing Verilog file '/home/Abid.Hussain/verification/3.AHB-Lite-project/rtl/design.sv'
%% 
%% # -----------------------------
%% # STEP 3: SVA
%% # -----------------------------
%% analyze -sv09 $ROOT/sva/ahb_checker.sv
[-- (VERI-1482)] Analyzing Verilog file '/home/Abid.Hussain/verification/3.AHB-Lite-project/sva/ahb_checker.sv'
%% analyze -sv09 $ROOT/sva/ahb_assumptions.sv
[-- (VERI-1482)] Analyzing Verilog file '/home/Abid.Hussain/verification/3.AHB-Lite-project/sva/ahb_assumptions.sv'
%% #analyze -sv09 $ROOT/sva/ahb_cover.sv
%% 
%% # -----------------------------
%% # STEP 4: BIND
%% # -----------------------------
%% analyze -sv09 $ROOT/bind/bind_ahb.sv
[-- (VERI-1482)] Analyzing Verilog file '/home/Abid.Hussain/verification/3.AHB-Lite-project/bind/bind_ahb.sv'
%% 
%% # -----------------------------
%% # ELABORATE
%% # -----------------------------
%% elaborate -top $top -create_related_covers {precondition witness}
INFO (ISW003): Top module name is "ahb3liten".
[INFO (HIER-8002)] /home/Abid.Hussain/verification/3.AHB-Lite-project/rtl/design.sv(297): Disabling old hierarchical reference handler
[INFO (VERI-1018)] /home/Abid.Hussain/verification/3.AHB-Lite-project/rtl/mem.sv(1): compiling module 'mem:(ABITS=8)'
[INFO (VERI-2571)] /home/Abid.Hussain/verification/3.AHB-Lite-project/rtl/mem.sv(25): extracting RAM for identifier 'mem_array'
[WARN (VERI-9033)] /home/Abid.Hussain/verification/3.AHB-Lite-project/rtl/mem.sv(25): array mem_array (size 8192) automatically BLACK-BOXED. Use the "elaborate -bbox_a" command to prevent automatic black-boxing.
[INFO (VERI-1018)] /home/Abid.Hussain/verification/3.AHB-Lite-project/sva/ahb_checker.sv(1): compiling module 'ahb_checker'
[WARN (VERI-1796)] /home/Abid.Hussain/verification/3.AHB-Lite-project/sva/ahb_checker.sv(50): system function call isunknown with non-constant argument is not supported for synthesis
[WARN (VERI-1796)] /home/Abid.Hussain/verification/3.AHB-Lite-project/sva/ahb_checker.sv(50): system function call isunknown with non-constant argument is not supported for synthesis
[INFO (VERI-1018)] /home/Abid.Hussain/verification/3.AHB-Lite-project/sva/ahb_assumptions.sv(7): compiling module 'ahb_assumptions'
[WARN (VERI-1796)] /home/Abid.Hussain/verification/3.AHB-Lite-project/sva/ahb_assumptions.sv(65): system function call isunknown with non-constant argument is not supported for synthesis
[WARN (VERI-1796)] /home/Abid.Hussain/verification/3.AHB-Lite-project/sva/ahb_assumptions.sv(74): system function call isunknown with non-constant argument is not supported for synthesis
[WARN (VERI-1796)] /home/Abid.Hussain/verification/3.AHB-Lite-project/sva/ahb_assumptions.sv(83): system function call isunknown with non-constant argument is not supported for synthesis
[WARN (VERI-1796)] /home/Abid.Hussain/verification/3.AHB-Lite-project/sva/ahb_assumptions.sv(92): system function call isunknown with non-constant argument is not supported for synthesis
[INFO (VERI-1018)] /home/Abid.Hussain/verification/3.AHB-Lite-project/rtl/design.sv(1): compiling module 'ahb3liten'
[WARN (VERI-1209)] /home/Abid.Hussain/verification/3.AHB-Lite-project/rtl/design.sv(113): expression size 16 truncated to fit in target size 7
[WARN (VERI-1959)] /home/Abid.Hussain/verification/3.AHB-Lite-project/rtl/design.sv(155): left shift count >= width of value
[WARN (VERI-1959)] /home/Abid.Hussain/verification/3.AHB-Lite-project/rtl/design.sv(156): left shift count >= width of value
[WARN (VERI-1959)] /home/Abid.Hussain/verification/3.AHB-Lite-project/rtl/design.sv(157): left shift count >= width of value
[WARN (VERI-1209)] /home/Abid.Hussain/verification/3.AHB-Lite-project/rtl/design.sv(126): expression size 32 truncated to fit in target size 16
[WARN (VERI-1209)] /home/Abid.Hussain/verification/3.AHB-Lite-project/rtl/design.sv(127): expression size 32 truncated to fit in target size 16
[WARN (VERI-1209)] /home/Abid.Hussain/verification/3.AHB-Lite-project/rtl/design.sv(128): expression size 32 truncated to fit in target size 16
[WARN (VERI-1209)] /home/Abid.Hussain/verification/3.AHB-Lite-project/rtl/design.sv(129): expression size 32 truncated to fit in target size 16
[WARN (VERI-1209)] /home/Abid.Hussain/verification/3.AHB-Lite-project/rtl/design.sv(130): expression size 32 truncated to fit in target size 16
[WARN (VERI-1209)] /home/Abid.Hussain/verification/3.AHB-Lite-project/rtl/design.sv(131): expression size 32 truncated to fit in target size 16
[WARN (VERI-1209)] /home/Abid.Hussain/verification/3.AHB-Lite-project/rtl/design.sv(132): expression size 32 truncated to fit in target size 16
[WARN (VERI-1209)] /home/Abid.Hussain/verification/3.AHB-Lite-project/rtl/design.sv(133): expression size 32 truncated to fit in target size 16
INFO (INL208): Elaboration synthesis summary:
  Number of synthesized netlists          5 (1 packages)
  Single run mode                         On
  Pipeline                                On (4 pipelined netlists)
  Late hierarchical reference connection  On
  Number of analyzed Verilog modules      6 (5 synthesized)
  Number of analyzed VHDL entities        0 (0 synthesized)
  Advanced Incremental run mode           Off
INFO (INL003): Clearing all state information (assumes, stopats, and so forth).
ahb3liten
%% 
%% # -----------------------------
%% # CLOCK / RESET
%% # -----------------------------
%% clock HCLK
%% reset !HRESETn
INFO (IPM031): Clearing proof results of all properties.
INFO (IRS006): Current reset condition is "HRESETn".
%% 
%% # -----------------------------
%% # PROVE
%% # -----------------------------
%% prove -all
INFO (IPF036): Starting proof on task: "<embedded>", 94 properties to prove with 0 already proven/unreachable
INFO (IRS029): Starting reset analysis: phase 1 of 4.
INFO (IRS030): Running reset analysis: phase 2 of 4.
INFO (IRS031): Running reset analysis: phase 3 of 4.
INFO (IRS020): Starting the reset analysis simulation with a limit of 100 iterations (phase 4 of 4).
INFO (ISIM006): Running simulation: {mode = single, probe = all}.
INFO (IRS024): Reset iterations 0 to 4 analyzed.
INFO (ISIM008): Simulation is processing trace data. Total number of nets in analysis 2707.
INFO (IRS018): Reset analysis simulation executed for 3 iterations. Assigned values for 2 of 113 design flops, 0 of 0 design latches, 257 of 561 internal elements.
INFO (IRS039): Reset analysis complete.
INFO (IPF031): Settings used for proof thread 2:
    orchestration                      = on
    time_limit                         = 86400s
    per_property_time_limit            = 1s * 10 ^ scan
    engine_mode                        = auto
    proofgrid_per_engine_max_jobs      = 1
    max engine jobs                    = auto
    proofgrid_mode                     = local
    proofgrid_restarts                 = 10
2.0.PRE: A proof was found: No trace exists. [0.00 s]
INFO (IPF057): 2.0.PRE: The property "ahb3liten.u_checker._assert_1" was proven in 0.00 s.
2.0.PRE: A proof was found: No trace exists. [0.00 s]
INFO (IPF051): 2.0.PRE: The cover property "ahb3liten.u_checker._assert_1:witness1" was proven unreachable in 0.00 s.
2.0.PRE: A proof was found: No trace exists. [0.00 s]
INFO (IPF051): 2.0.PRE: The cover property "ahb3liten.u_checker._assert_1:precondition1" was proven unreachable in 0.00 s.
2.0.PRE: A proof was found: No trace exists. [0.00 s]
INFO (IPF057): 2.0.PRE: The property "ahb3liten.u_checker._assert_3" was proven in 0.00 s.
2.0.PRE: A proof was found: No trace exists. [0.00 s]
INFO (IPF057): 2.0.PRE: The property "ahb3liten.u_checker._assert_9" was proven in 0.00 s.
2.0.PRE: A proof was found: No trace exists. [0.00 s]
INFO (IPF051): 2.0.PRE: The cover property "ahb3liten.u_checker._assert_9:witness1" was proven unreachable in 0.00 s.
2.0.PRE: A proof was found: No trace exists. [0.00 s]
INFO (IPF051): 2.0.PRE: The cover property "ahb3liten.u_checker._assert_9:precondition1" was proven unreachable in 0.00 s.
2.0.PRE: A proof was found: No trace exists. [0.00 s]
INFO (IPF051): 2.0.PRE: The cover property "ahb3liten.u_assumptions.assume_reset_htrans:witness1" was proven unreachable in 0.00 s.
2.0.PRE: A proof was found: No trace exists. [0.00 s]
INFO (IPF051): 2.0.PRE: The cover property "ahb3liten.u_assumptions.assume_reset_htrans:precondition1" was proven unreachable in 0.00 s.
2: Found proofs for 9 properties in preprocessing
2: Using multistage preprocessing
2: Starting reduce
2: Finished reduce in 0.001s
2.0.PRE: Performing Proof Simplification...
2.0.Hp: clocks: 1, declared: 1, looping: 0, posedge: 1, negedge: 0, noedge: 0, bothedge: 0
2.0.Hp: Proof Simplification Iteration 1	[0.00 s]
2.0.Hp: A max_length bound was found. The shortest trace is no longer than 1 cycles. [0.00 s]
INFO (IPF008): 2.0.Hp: A max_length bound of 1 was found for the property "ahb3liten.u_checker._assert_3:witness1" in 0.00 s.
2.0.Hp: A max_length bound was found. The shortest trace is no longer than 1 cycles. [0.00 s]
INFO (IPF008): 2.0.Hp: A max_length bound of 1 was found for the property "ahb3liten.u_checker._assert_7:witness1" in 0.00 s.
2.0.Hp: A max_length bound was found. The shortest trace is no longer than 1 cycles. [0.00 s]
INFO (IPF008): 2.0.Hp: A max_length bound of 1 was found for the property "ahb3liten.u_checker._assert_7:precondition1" in 0.00 s.
2.0.Hp: A max_length bound was found. The shortest trace is no longer than 1 cycles. [0.00 s]
INFO (IPF008): 2.0.Hp: A max_length bound of 1 was found for the property "ahb3liten.u_assumptions.assume_valid_htrans:witness1" in 0.00 s.
2.0.Hp: A max_length bound was found. The shortest trace is no longer than 1 cycles. [0.00 s]
INFO (IPF008): 2.0.Hp: A max_length bound of 1 was found for the property "ahb3liten.u_assumptions.assume_valid_hburst:witness1" in 0.00 s.
2.0.Hp: A max_length bound was found. The shortest trace is no longer than 1 cycles. [0.00 s]
INFO (IPF008): 2.0.Hp: A max_length bound of 1 was found for the property "ahb3liten.u_assumptions.assume_valid_hsize:witness1" in 0.00 s.
2.0.Hp: A max_length bound was found. The shortest trace is no longer than 1 cycles. [0.00 s]
INFO (IPF008): 2.0.Hp: A max_length bound of 1 was found for the property "ahb3liten.u_assumptions.assume_valid_hwrite:witness1" in 0.00 s.
2.0.Hp: A max_length bound was found. The shortest trace is no longer than 1 cycles. [0.00 s]
INFO (IPF008): 2.0.Hp: A max_length bound of 1 was found for the property "ahb3liten.u_assumptions.assume_valid_hsel:witness1" in 0.00 s.
2.0.Hp: A max_length bound was found. The shortest trace is no longer than 1 cycles. [0.00 s]
INFO (IPF008): 2.0.Hp: A max_length bound of 1 was found for the property "ahb3liten.u_assumptions.assume_valid_hready:witness1" in 0.00 s.
2.0.Hp: Proof Simplification Iteration 2	[0.00 s]
2.0.Hp: Proof Simplification Iteration 3	[0.00 s]
2.0.Hp: Proof Simplification Iteration 4	[0.00 s]
2.0.Hp: Proof Simplification Iteration 5	[0.00 s]
2.0.Hp: Proof Simplification Iteration 6	[0.00 s]
2.0.Hp: Proof Simplification Iteration 7	[0.00 s]
2.0.Hp: Proof Simplification Iteration 8	[0.01 s]
2.0.Hp: Proof Simplification Iteration 9	[0.01 s]
2.0.PRE: A proof was found: No trace exists. [0.00 s]
INFO (IPF057): 2.0.PRE: The property "ahb3liten.u_checker._assert_7" was proven in 0.00 s.
2.0.Hp: Proof Simplification Iteration 10	[0.01 s]
2.0.Hp: Proof Simplification Iteration 11	[0.01 s]
2.0.PRE: Proof Simplification completed in 0.01 s
2.0.Hp: Identified and disabled 21 duplicated targets.
2: About to start ProofGrid in its own thread with a limit of 10000 pending notifications and a limit of 10 traces.
2: ============================= ProofGrid (v3) start =============================
2: ProofGrid usable level: 63
2: Initial ProofGrid level: 1
2: ProofGrid is starting event handling
2: Computed task hash in 0.00ss
2.0.Hp: pc9: Support for "CentOS Linux release 7.9.2009 (Core)" will be removed with the 2025.09 release.
2.0.Ht: pc9: Support for "CentOS Linux release 7.9.2009 (Core)" will be removed with the 2025.09 release.
2: ProofGrid usable level: 63
2.0.Hp: Proofgrid shell started at 17069@pc9(local) jg_27470_pc9_8
2: ProofGrid usable level: 63
2: ProofGrid usable level: 63
2: ProofGrid usable level: 63
2.0.Hp: clocks: 1, declared: 1, looping: 0, posedge: 1, negedge: 0, noedge: 0, bothedge: 0
2: ProofGrid usable level: 63
2.0.Ht: Proofgrid shell started at 17089@pc9(local) jg_27470_pc9_8
2.0.Bm: pc9: Support for "CentOS Linux release 7.9.2009 (Core)" will be removed with the 2025.09 release.
2.0.L: pc9: Support for "CentOS Linux release 7.9.2009 (Core)" will be removed with the 2025.09 release.
2.0.Hp: Trace Attempt  1	[0.01 s]
2.0.Hp: A trace with 1 cycles was found. [0.01 s]
INFO (IPF047): 2.0.Hp: The cover property "ahb3liten.u_checker._assert_2:witness1" was covered in 1 cycles in 0.04 s.
INFO (IPF047): 2.0.Hp: The cover property "ahb3liten.u_checker._assert_2:precondition1" was covered in 1 cycles in 0.04 s.
INFO (IPF047): 2.0.Hp: The cover property "ahb3liten.u_checker._assert_3:witness1" was covered in 1 cycles in 0.04 s.
INFO (IPF047): 2.0.Hp: The cover property "ahb3liten.u_checker._assert_7:witness1" was covered in 1 cycles in 0.04 s.
INFO (IPF047): 2.0.Hp: The cover property "ahb3liten.u_checker._assert_7:precondition1" was covered in 1 cycles in 0.04 s.
INFO (IPF047): 2.0.Hp: The cover property "ahb3liten.u_assumptions.assume_valid_htrans:witness1" was covered in 1 cycles in 0.04 s.
INFO (IPF047): 2.0.Hp: The cover property "ahb3liten.u_assumptions.assume_valid_hburst:witness1" was covered in 1 cycles in 0.04 s.
INFO (IPF047): 2.0.Hp: The cover property "ahb3liten.u_assumptions.assume_valid_hsize:witness1" was covered in 1 cycles in 0.04 s.
INFO (IPF047): 2.0.Hp: The cover property "ahb3liten.u_assumptions.assume_valid_hwrite:witness1" was covered in 1 cycles in 0.04 s.
INFO (IPF047): 2.0.Hp: The cover property "ahb3liten.u_assumptions.assume_valid_hsel:witness1" was covered in 1 cycles in 0.04 s.
INFO (IPF047): 2.0.Hp: The cover property "ahb3liten.u_assumptions.assume_valid_hready:witness1" was covered in 1 cycles in 0.04 s.
2.0.Hp: A trace with 1 cycles was found. [0.01 s]
INFO (IPF047): 2.0.Hp: The cover property "ahb3liten.u_checker._assert_5:precondition1" was covered in 1 cycles in 0.04 s.
INFO (IPF047): 2.0.Hp: The cover property "ahb3liten.u_assumptions.assume_valid_haddr:witness1" was covered in 1 cycles in 0.04 s.
INFO (IPF047): 2.0.Hp: The cover property "ahb3liten.u_assumptions.assume_align_halfword:witness1" was covered in 1 cycles in 0.04 s.
INFO (IPF047): 2.0.Hp: The cover property "ahb3liten.u_assumptions.assume_1kb_boundary:witness1" was covered in 1 cycles in 0.04 s.
INFO (IPF047): 2.0.Hp: The cover property "ahb3liten.u_assumptions.assume_1kb_boundary:precondition1" was covered in 1 cycles in 0.04 s.
INFO (IPF047): 2.0.Hp: The cover property "ahb3liten.u_assumptions.assume_no_seq_after_idle:witness1" was covered in 1 cycles in 0.04 s.
INFO (IPF047): 2.0.Hp: The cover property "ahb3liten.u_assumptions.assume_no_seq_after_idle:precondition1" was covered in 1 cycles in 0.04 s.
INFO (IPF047): 2.0.Hp: The cover property "ahb3liten.u_assumptions.assume_const_hsize_burst:witness1" was covered in 1 cycles in 0.04 s.
INFO (IPF047): 2.0.Hp: The cover property "ahb3liten.u_assumptions.assume_const_hburst_burst:witness1" was covered in 1 cycles in 0.04 s.
INFO (IPF047): 2.0.Hp: The cover property "ahb3liten.u_assumptions.assume_valid_haddr:precondition1" was covered in 1 cycles in 0.04 s.
INFO (IPF047): 2.0.Hp: The cover property "ahb3liten.u_assumptions.assume_align_halfword:precondition1" was covered in 1 cycles in 0.04 s.
INFO (IPF047): 2.0.Hp: The cover property "ahb3liten.u_assumptions.assume_const_hsize_burst:precondition1" was covered in 1 cycles in 0.04 s.
INFO (IPF047): 2.0.Hp: The cover property "ahb3liten.u_assumptions.assume_const_hwrite_burst:witness1" was covered in 1 cycles in 0.04 s.
INFO (IPF047): 2.0.Hp: The cover property "ahb3liten.u_assumptions.assume_const_hwrite_burst:precondition1" was covered in 1 cycles in 0.04 s.
INFO (IPF047): 2.0.Hp: The cover property "ahb3liten.u_assumptions.assume_const_hburst_burst:precondition1" was covered in 1 cycles in 0.04 s.
INFO (IPF047): 2.0.Hp: The cover property "ahb3liten.u_assumptions.assume_valid_seq_pred:witness1" was covered in 1 cycles in 0.04 s.
INFO (IPF047): 2.0.Hp: The cover property "ahb3liten.u_assumptions.assume_valid_seq_pred:precondition1" was covered in 1 cycles in 0.04 s.
2.0.Hp: A trace with 1 cycles was found. [0.01 s]
INFO (IPF047): 2.0.Hp: The cover property "ahb3liten.u_checker._assert_6:precondition1" was covered in 1 cycles in 0.05 s.
2.0.Hp: A trace with 1 cycles was found. [0.01 s]
INFO (IPF047): 2.0.Hp: The cover property "ahb3liten.u_checker._assert_8:precondition1" was covered in 1 cycles in 0.05 s.
2.0.Hp: A trace with 1 cycles was found. [0.01 s]
INFO (IPF047): 2.0.Hp: The cover property "ahb3liten.u_assumptions.assume_align_word:witness1" was covered in 1 cycles in 0.05 s.
INFO (IPF047): 2.0.Hp: The cover property "ahb3liten.u_assumptions.assume_align_word:precondition1" was covered in 1 cycles in 0.05 s.
INFO (IPF047): 2.0.Hp: The cover property "ahb3liten.u_assumptions.assume_burst_len_wrap8:precondition1" was covered in 1 cycles in 0.05 s.
2: ProofGrid is temporarily paused because there are too many pending traces.
2: ProofGrid is resuming to work after pausing for 0.02s. The amount of pending traces decreased.
2.0.Hp: A trace with 1 cycles was found. [0.01 s]
INFO (IPF047): 2.0.Hp: The cover property "ahb3liten.u_assumptions.assume_stable_haddr_wait:witness1" was covered in 1 cycles in 0.05 s.
INFO (IPF047): 2.0.Hp: The cover property "ahb3liten.u_assumptions.assume_stable_haddr_wait:precondition1" was covered in 1 cycles in 0.05 s.
INFO (IPF047): 2.0.Hp: The cover property "ahb3liten.u_assumptions.assume_stable_htrans_wait:witness1" was covered in 1 cycles in 0.05 s.
INFO (IPF047): 2.0.Hp: The cover property "ahb3liten.u_assumptions.assume_stable_hsize_wait:witness1" was covered in 1 cycles in 0.05 s.
INFO (IPF047): 2.0.Hp: The cover property "ahb3liten.u_assumptions.assume_stable_hburst_wait:witness1" was covered in 1 cycles in 0.05 s.
INFO (IPF047): 2.0.Hp: The cover property "ahb3liten.u_assumptions.assume_stable_hwrite_wait:witness1" was covered in 1 cycles in 0.05 s.
INFO (IPF047): 2.0.Hp: The cover property "ahb3liten.u_assumptions.assume_stable_hsel_wait:witness1" was covered in 1 cycles in 0.05 s.
INFO (IPF047): 2.0.Hp: The cover property "ahb3liten.u_assumptions.assume_stable_htrans_wait:precondition1" was covered in 1 cycles in 0.05 s.
INFO (IPF047): 2.0.Hp: The cover property "ahb3liten.u_assumptions.assume_stable_hsize_wait:precondition1" was covered in 1 cycles in 0.05 s.
INFO (IPF047): 2.0.Hp: The cover property "ahb3liten.u_assumptions.assume_stable_hburst_wait:precondition1" was covered in 1 cycles in 0.05 s.
INFO (IPF047): 2.0.Hp: The cover property "ahb3liten.u_assumptions.assume_stable_hwrite_wait:precondition1" was covered in 1 cycles in 0.05 s.
INFO (IPF047): 2.0.Hp: The cover property "ahb3liten.u_assumptions.assume_stable_hsel_wait:precondition1" was covered in 1 cycles in 0.05 s.
2.0.Hp: A trace with 1 cycles was found. [0.01 s]
INFO (IPF047): 2.0.Hp: The cover property "ahb3liten.u_assumptions.assume_valid_busy_pred:witness1" was covered in 1 cycles in 0.05 s.
INFO (IPF047): 2.0.Hp: The cover property "ahb3liten.u_assumptions.assume_valid_busy_pred:precondition1" was covered in 1 cycles in 0.05 s.
INFO (IPF047): 2.0.Hp: The cover property "ahb3liten.u_assumptions.assume_busy_addr_stable:witness1" was covered in 1 cycles in 0.05 s.
INFO (IPF047): 2.0.Hp: The cover property "ahb3liten.u_assumptions.assume_busy_addr_stable:precondition1" was covered in 1 cycles in 0.05 s.
2.0.Hp: A trace with 1 cycles was found. [0.01 s]
INFO (IPF047): 2.0.Hp: The cover property "ahb3liten.u_assumptions.assume_single_no_seq:witness1" was covered in 1 cycles in 0.06 s.
INFO (IPF047): 2.0.Hp: The cover property "ahb3liten.u_assumptions.assume_single_no_seq:precondition1" was covered in 1 cycles in 0.06 s.
INFO (IPF047): 2.0.Hp: The cover property "ahb3liten.u_assumptions.assume_single_no_busy:witness1" was covered in 1 cycles in 0.06 s.
INFO (IPF047): 2.0.Hp: The cover property "ahb3liten.u_assumptions.assume_single_no_busy:precondition1" was covered in 1 cycles in 0.06 s.
2.0.Hp: A trace with 1 cycles was found. [0.01 s]
INFO (IPF047): 2.0.Hp: The cover property "ahb3liten.u_assumptions.assume_burst_len_incr4:precondition1" was covered in 1 cycles in 0.06 s.
2.0.Hp: A trace with 1 cycles was found. [0.01 s]
INFO (IPF047): 2.0.Hp: The cover property "ahb3liten.u_assumptions.assume_burst_len_wrap4:precondition1" was covered in 1 cycles in 0.06 s.
2: ProofGrid is temporarily paused because there are too many pending traces.
2: ProofGrid is resuming to work after pausing for 0.01s. The amount of pending traces decreased.
2.0.Hp: A trace with 1 cycles was found. [0.01 s]
INFO (IPF047): 2.0.Hp: The cover property "ahb3liten.u_assumptions.assume_burst_len_incr8:precondition1" was covered in 1 cycles in 0.06 s.
2.0.Hp: A trace with 1 cycles was found. [0.01 s]
INFO (IPF047): 2.0.Hp: The cover property "ahb3liten.u_assumptions.assume_burst_len_incr16:precondition1" was covered in 1 cycles in 0.07 s.
2.0.Hp: A trace with 1 cycles was found. [0.01 s]
INFO (IPF047): 2.0.Hp: The cover property "ahb3liten.u_assumptions.assume_burst_len_wrap16:precondition1" was covered in 1 cycles in 0.07 s.
2.0.Hp: A trace with 1 cycles was found. [0.01 s]
INFO (IPF047): 2.0.Hp: The cover property "ahb3liten.u_assumptions.assume_incr_addr_math:witness1" was covered in 1 cycles in 0.07 s.
INFO (IPF047): 2.0.Hp: The cover property "ahb3liten.u_assumptions.assume_incr_addr_math:precondition1" was covered in 1 cycles in 0.07 s.
2.0.Hp: A trace with 1 cycles was found. [0.01 s]
INFO (IPF047): 2.0.Hp: The cover property "ahb3liten.u_assumptions.assume_wrap4_word_bound:witness1" was covered in 1 cycles in 0.07 s.
INFO (IPF047): 2.0.Hp: The cover property "ahb3liten.u_assumptions.assume_wrap4_word_bound:precondition1" was covered in 1 cycles in 0.07 s.
2: ProofGrid is temporarily paused because there are too many pending traces.
2: ProofGrid is resuming to work after pausing for 0.01s. The amount of pending traces decreased.
2.0.Hp: A trace with 1 cycles was found. [0.01 s]
INFO (IPF047): 2.0.Hp: The cover property "ahb3liten.u_assumptions.assume_wrap8_word_bound:witness1" was covered in 1 cycles in 0.07 s.
INFO (IPF047): 2.0.Hp: The cover property "ahb3liten.u_assumptions.assume_wrap8_word_bound:precondition1" was covered in 1 cycles in 0.07 s.
2.0.Hp: A trace with 1 cycles was found. [0.02 s]
INFO (IPF047): 2.0.Hp: The cover property "ahb3liten.u_assumptions.assume_wrap16_word_bound:witness1" was covered in 1 cycles in 0.08 s.
INFO (IPF047): 2.0.Hp: The cover property "ahb3liten.u_assumptions.assume_wrap16_word_bound:precondition1" was covered in 1 cycles in 0.08 s.
2.0.Bm: Proofgrid shell started at 17110@pc9(local) jg_27470_pc9_8
2.0.Mpcustom2: pc9: Support for "CentOS Linux release 7.9.2009 (Core)" will be removed with the 2025.09 release.
2.0.Mpcustom2: Proofgrid shell started at 17112@pc9(local) jg_27470_pc9_8
2.0.Oh: pc9: Support for "CentOS Linux release 7.9.2009 (Core)" will be removed with the 2025.09 release.
2.0.N: pc9: Support for "CentOS Linux release 7.9.2009 (Core)" will be removed with the 2025.09 release.
2.0.Hp: A trace with 1 cycles was found. [0.03 s]
INFO (IPF047): 2.0.Hp: The cover property "ahb3liten.u_assumptions.assume_wrap4_hw_bound:witness1" was covered in 1 cycles in 0.08 s.
INFO (IPF047): 2.0.Hp: The cover property "ahb3liten.u_assumptions.assume_wrap4_hw_bound:precondition1" was covered in 1 cycles in 0.08 s.
2.0.Hp: A proof was found: No trace exists. [0.07 s]
INFO (IPF057): 2.0.Hp: The property "ahb3liten.u_checker._assert_2" was proven in 0.08 s.
2.0.Hp: A proof was found: No trace exists. [0.07 s]
INFO (IPF051): 2.0.Hp: The cover property "ahb3liten.u_checker._assert_5:witness1" was proven unreachable in 0.08 s.
2.0.Hp: Trace Attempt  2	[0.07 s]
2.0.Hp: A trace with 2 cycles was found. [0.07 s]
INFO (IPF055): 2.0.Hp: A counterexample (cex) with 2 cycles was found for the property "ahb3liten.u_checker._assert_4" in 0.08 s.
INFO (IPF047): 2.0.Hp: The cover property "ahb3liten.u_checker._assert_4:precondition1" was covered in 2 cycles in 0.08 s.
2.0.Hp: A trace with 2 cycles was found. [0.07 s]
INFO (IPF047): 2.0.Hp: The cover property "ahb3liten.u_checker._assert_4:witness1" was covered in 2 cycles in 0.08 s.
2: ProofGrid is temporarily paused because there are too many pending traces.
2: ProofGrid is resuming to work after pausing for 0.01s. The amount of pending traces decreased.
2.0.Hp: A trace with 2 cycles was found. [0.07 s]
INFO (IPF055): 2.0.Hp: A counterexample (cex) with 2 cycles was found for the property "ahb3liten.u_checker._assert_5" in 0.09 s.
2.0.Hp: A trace with 2 cycles was found. [0.07 s]
INFO (IPF047): 2.0.Hp: The cover property "ahb3liten.u_checker._assert_6:witness1" was covered in 2 cycles in 0.09 s.
2.0.Hp: A trace with 2 cycles was found. [0.07 s]
INFO (IPF047): 2.0.Hp: The cover property "ahb3liten.u_checker._assert_8:witness1" was covered in 2 cycles in 0.09 s.
2.0.Ht: clocks: 1, declared: 1, looping: 0, posedge: 1, negedge: 0, noedge: 0, bothedge: 0
2.0.Ht: Trace Attempt  1	[0.04 s]
2.0.Ht: Trace Attempt  2	[0.05 s]
2.0.Ht: Trace Attempt  3	[0.05 s]
2.0.Ht: Trace Attempt  4	[0.05 s]
2.0.Ht: A trace with 4 cycles was found. [0.05 s]
INFO (IPF047): 2.0.Ht: The cover property "ahb3liten.u_assumptions.assume_burst_len_incr4:witness1" was covered in 4 cycles in 0.00 s.
2.0.Ht: A trace with 4 cycles was found. [0.05 s]
INFO (IPF047): 2.0.Ht: The cover property "ahb3liten.u_assumptions.assume_burst_len_wrap4:witness1" was covered in 4 cycles in 0.00 s.
2.0.Ht: Trace Attempt  5	[0.05 s]
2.0.L: Proofgrid shell started at 17118@pc9(local) jg_27470_pc9_8
2.0.Mpcustom2: clocks: 1, declared: 1, looping: 0, posedge: 1, negedge: 0, noedge: 0, bothedge: 0
2.0.Bm: clocks: 1, declared: 1, looping: 0, posedge: 1, negedge: 0, noedge: 0, bothedge: 0
2: ProofGrid is temporarily paused because there are too many pending traces.
2: ProofGrid is resuming to work after pausing for 0.01s. The amount of pending traces decreased.
2.0.Ht: Trace Attempt  8	[0.05 s]
2.0.Ht: A trace with 8 cycles was found. [0.05 s]
INFO (IPF047): 2.0.Ht: The cover property "ahb3liten.u_assumptions.assume_burst_len_incr8:witness1" was covered in 8 cycles in 0.01 s.
2: ProofGrid is temporarily paused because there are too many pending traces.
2: ProofGrid is resuming to work after pausing for 0.01s. The amount of pending traces decreased.
2.0.Bm: Trace Attempt  1	[0.01 s]
2.0.Bm: Trace Attempt  2	[0.02 s]
2.0.Bm: Trace Attempt  3	[0.02 s]
2.0.Bm: Trace Attempt  4	[0.02 s]
2.0.Bm: Trace Attempt  5	[0.02 s]
2.0.Bm: Trace Attempt  8	[0.03 s]
2.0.Bm: A trace with 8 cycles was found. [0.03 s]
INFO (IPF047): 2.0.Bm: The cover property "ahb3liten.u_assumptions.assume_burst_len_wrap8:witness1" was covered in 8 cycles in 0.00 s.
2.0.Bm: Trace Attempt  9	[0.03 s]
2.0.Mpcustom2: Trace Attempt  1	[0.01 s]
2.0.Mpcustom2: Trace Attempt  2	[0.01 s]
2.0.Mpcustom2: Trace Attempt  3	[0.02 s]
2.0.Mpcustom2: Trace Attempt  3	[0.02 s]
2.0.Mpcustom2: Trace Attempt  3	[0.02 s]
2.0.Mpcustom2: Trace Attempt  4	[0.02 s]
2.0.Mpcustom2: Trace Attempt  5	[0.02 s]
2.0.L: clocks: 1, declared: 1, looping: 0, posedge: 1, negedge: 0, noedge: 0, bothedge: 0
2.0.L: Using trace diversification with seed 1 (0.05)
2.0.L: Using LRU state removal heuristic
2.0.L: Using states from traces to { (reset) }
2.0.L: Trace Attempt  3	[0.02 s]
2.0.B: pc9: Support for "CentOS Linux release 7.9.2009 (Core)" will be removed with the 2025.09 release.
2.0.Ht: Trace Attempt  9	[0.06 s]
2.0.Ht: Trace Attempt 16	[0.07 s]
2.0.Ht: A trace with 16 cycles was found. [0.08 s]
INFO (IPF047): 2.0.Ht: The cover property "ahb3liten.u_assumptions.assume_burst_len_incr16:witness1" was covered in 16 cycles in 0.03 s.
2.0.Oh: Proofgrid shell started at 17115@pc9(local) jg_27470_pc9_8
2.0.Ht: A trace with 16 cycles was found. [0.08 s]
INFO (IPF047): 2.0.Ht: The cover property "ahb3liten.u_assumptions.assume_burst_len_wrap16:witness1" was covered in 16 cycles in 0.03 s.
2.0.Ht: Using autonomous factor loop
2.0.Ht: Next scan (0) will use per property time limit: 1s * 10 ^ 0 = 1s
2.0.Hp: Using autonomous factor loop
2.0.Hp: Next scan (0) will use per property time limit: 1s * 10 ^ 0 = 1s
2.0.Oh: clocks: 1, declared: 1, looping: 0, posedge: 1, negedge: 0, noedge: 0, bothedge: 0
2.0.Oh: All properties either determined or skipped. [0.00 s]
2.0.Mpcustom2: All properties either determined or skipped. [0.03 s]
2.0.Bm: Using autonomous factor loop
2.0.Bm: Next scan (0) will use per property time limit: 1s * 10 ^ 0 = 1s
2.0.Ht: Trace Attempt  1	[0.01 s]
2.0.Oh: Exited with Success (@ 0.13 s)
2.0.Bm: Trace Attempt  1	[0.00 s]
2.0.Mpcustom2: Exited with Success (@ 0.13 s)
2.0.Ht: Trace Attempt  2	[0.01 s]
2.0.Bm: Trace Attempt  2	[0.01 s]
2.0.Ht: A trace with 1+1 cycles was found (stem + loop). [0.01 s]
INFO (IPF069): 2.0.Ht: A counterexample (cex) with 1+1 cycles was found for the property "ahb3liten.u_checker._assert_6" in 0.00 s (stem + loop).
INFO (IPF077): 2.0.Ht: The cover property ":live" was covered in 1+1 cycles in 0.00 s.
    Use check_assumptions -show -live to show this property in the property table (stem + loop).
INFO (IPF057): 2.0.Ht: The property ":noConflict" was proven in 0.00 s.
    Use check_assumptions -show to show this property in the property table.
2.0.Ht: Trace Attempt  1	[0.00 s]
2.0.Ht: Trace Attempt  2	[0.01 s]
2.0.B: Proofgrid shell started at 17148@pc9(local) jg_27470_pc9_8
2.0.Ht: A trace with 1+1 cycles was found (stem + loop). [0.01 s]
INFO (IPF069): 2.0.Ht: A counterexample (cex) with 1+1 cycles was found for the property "ahb3liten.u_checker._assert_8" in 0.00 s (stem + loop).
2.0.Ht: All properties determined. [0.01 s]
INFO (IPF144): 2: Initiating shutdown of proof [0.14 s]
2.0.Bm: Requesting engine job to terminate
2.0.Ht: Requesting engine job to terminate
2.0.Hp: Requesting engine job to terminate
2.0.L: Requesting engine job to terminate
2.0.N: Requesting engine job to terminate
2.0.B: Requesting engine job to terminate
2.0.AM: Requesting engine job to terminate
2.0.B: Interrupted. [0.00 s]
2.0.B: Exited with Success (@ 0.14 s)
2: ProofGrid usable level: 0
2.0.Hp: All properties determined. [0.00 s]
2.0.Ht: Exited with Success (@ 0.14 s)
2.0.L: All properties determined. [0.00 s]
2.0.L: Exited with Success (@ 0.15 s)
2.0.N: Proofgrid shell started at 17124@pc9(local) jg_27470_pc9_8
2.0.Hp: Exited with Success (@ 0.15 s)
2.0.N: Preventing job from starting because proof is shutting down.
2.0.N: Interrupted. [0.00 s]
2.0.AM: pc9: Support for "CentOS Linux release 7.9.2009 (Core)" will be removed with the 2025.09 release.
2.0.N: Exited with Success (@ 0.15 s)
2.0.Bm: All properties determined. [0.00 s]
2.0.Bm: Exited with Success (@ 0.15 s)
2.0.AM: Proofgrid shell started at 17172@pc9(local) jg_27470_pc9_8
2.0.AM: Preventing job from starting because proof is shutting down.
2.0.AM: Interrupted. [0.00 s]
2.0.AM: Exited with Success (@ 0.18 s)
2: --------------------------------------------------------------
ProofGrid Summary (utilization 27.56 %)
--------------------------------------------------------------
     engines started                               :     9
     engine jobs started                           :     9

    Time in state (seconds)
    --------------------------------------------
               Pending     Running        Dead
    --------------------------------------------
    min           0.00        0.00        0.00
    mean          0.09        0.04        0.00
    median        0.09        0.03        0.00
    max           0.13        0.13        0.00
    sum           0.83        0.32        0.00

    Data read    : 132.75 kiB
    Data written : 5.51 kiB

INFO (IPF180): 2: ProofGrid utilization: 27.56% slot-seconds: 0.32
2: ProofGrid usable level: 0
2: All pending notifications were processed.
2: ProofGrid was paused 6 times for a total of 0.07 seconds
INFO (IPF059): 2: Completed proof on task: "<embedded>"

==============================================================
SUMMARY
==============================================================
           Properties Considered              : 94
                 assertions                   : 9
                  - proven                    : 5 (55.5556%)
                  - bounded_proven (user)     : 0 (0%)
                  - bounded_proven (auto)     : 0 (0%)
                  - marked_proven             : 0 (0%)
                  - cex                       : 4 (44.4444%)
                  - ar_cex                    : 0 (0%)
                  - undetermined              : 0 (0%)
                  - unknown                   : 0 (0%)
                  - error                     : 0 (0%)
                 covers                       : 85
                  - unreachable               : 7 (8.23529%)
                  - bounded_unreachable (user): 0 (0%)
                  - covered                   : 78 (91.7647%)
                  - ar_covered                : 0 (0%)
                  - undetermined              : 0 (0%)
                  - unknown                   : 0 (0%)
                  - error                     : 0 (0%)
determined
determined
[<embedded>] % include scripts/fpv_setup.tcl
%% # =========================================================
%% # AHB-Lite SRAM Formal Verification Setup
%% # Role B - EE5214
%% # =========================================================
%% 
%% clear -all
INFO (IPF121): Cleared environment completely for new design analysis.
%% 
%% set ROOT [pwd]
/home/Abid.Hussain/verification/3.AHB-Lite-project
%% 
%% set top ahb3liten
ahb3liten
%% 
%% # -----------------------------
%% # STEP 1: PACKAGE FIRST (VERY IMPORTANT)
%% # -----------------------------
%% analyze -sv09 $ROOT/packages/ahb3lite_pkg.sv
[-- (VERI-1482)] Analyzing Verilog file '/mnt/cadence_tools/installs/JASPER25/lib/verilog/packages/std/std.sv' into library 'std'
[-- (VERI-1482)] Analyzing Verilog file '/home/Abid.Hussain/verification/3.AHB-Lite-project/packages/ahb3lite_pkg.sv'
%% 
%% # -----------------------------
%% # STEP 2: RTL
%% # -----------------------------
%% analyze -sv09 $ROOT/rtl/mem.sv
[-- (VERI-1482)] Analyzing Verilog file '/home/Abid.Hussain/verification/3.AHB-Lite-project/rtl/mem.sv'
%% analyze -sv09 $ROOT/rtl/design.sv
[-- (VERI-1482)] Analyzing Verilog file '/home/Abid.Hussain/verification/3.AHB-Lite-project/rtl/design.sv'
%% 
%% # -----------------------------
%% # STEP 3: SVA
%% # -----------------------------
%% analyze -sv09 $ROOT/sva/ahb_checker.sv
[-- (VERI-1482)] Analyzing Verilog file '/home/Abid.Hussain/verification/3.AHB-Lite-project/sva/ahb_checker.sv'
[ERROR (VERI-1243)] /home/Abid.Hussain/verification/3.AHB-Lite-project/sva/ahb_checker.sv(97): operator |-> is only allowed in a property, not in sequence
[ERROR (VERI-1243)] /home/Abid.Hussain/verification/3.AHB-Lite-project/sva/ahb_checker.sv(132): operator |-> is only allowed in a property, not in sequence
[ERROR (VERI-1072)] /home/Abid.Hussain/verification/3.AHB-Lite-project/sva/ahb_checker.sv(153): module 'ahb_checker' is ignored due to previous errors
Summary of errors detected:
	[ERROR (VERI-1243)] /home/Abid.Hussain/verification/3.AHB-Lite-project/sva/ahb_checker.sv(97): operator |-> is only allowed in a property, not in sequence
	[ERROR (VERI-1243)] /home/Abid.Hussain/verification/3.AHB-Lite-project/sva/ahb_checker.sv(132): operator |-> is only allowed in a property, not in sequence
	[ERROR (VERI-1072)] /home/Abid.Hussain/verification/3.AHB-Lite-project/sva/ahb_checker.sv(153): module 'ahb_checker' is ignored due to previous errors
ERROR at line 26 in file scripts/fpv_setup.tcl, more info in Tcl-variable errorInfo
ERROR (ENL034): 3 errors detected in the design file(s).


% include scripts/fpv_setup.tcl
%% # =========================================================
%% # AHB-Lite SRAM Formal Verification Setup
%% # Role B - EE5214
%% # =========================================================
%% 
%% clear -all
INFO (IPF121): Cleared environment completely for new design analysis.
%% 
%% set ROOT [pwd]
/home/Abid.Hussain/verification/3.AHB-Lite-project
%% 
%% set top ahb3liten
ahb3liten
%% 
%% # -----------------------------
%% # STEP 1: PACKAGE FIRST (VERY IMPORTANT)
%% # -----------------------------
%% analyze -sv09 $ROOT/packages/ahb3lite_pkg.sv
[-- (VERI-1482)] Analyzing Verilog file '/mnt/cadence_tools/installs/JASPER25/lib/verilog/packages/std/std.sv' into library 'std'
[-- (VERI-1482)] Analyzing Verilog file '/home/Abid.Hussain/verification/3.AHB-Lite-project/packages/ahb3lite_pkg.sv'
%% 
%% # -----------------------------
%% # STEP 2: RTL
%% # -----------------------------
%% analyze -sv09 $ROOT/rtl/mem.sv
[-- (VERI-1482)] Analyzing Verilog file '/home/Abid.Hussain/verification/3.AHB-Lite-project/rtl/mem.sv'
%% analyze -sv09 $ROOT/rtl/design.sv
[-- (VERI-1482)] Analyzing Verilog file '/home/Abid.Hussain/verification/3.AHB-Lite-project/rtl/design.sv'
%% 
%% # -----------------------------
%% # STEP 3: SVA
%% # -----------------------------
%% analyze -sv09 $ROOT/sva/ahb_checker.sv
[-- (VERI-1482)] Analyzing Verilog file '/home/Abid.Hussain/verification/3.AHB-Lite-project/sva/ahb_checker.sv'
[ERROR (VERI-1128)] /home/Abid.Hussain/verification/3.AHB-Lite-project/sva/ahb_checker.sv(41): 'HTrans' is not declared
[ERROR (VERI-1243)] /home/Abid.Hussain/verification/3.AHB-Lite-project/sva/ahb_checker.sv(89): operator |-> is only allowed in a property, not in sequence
[ERROR (VERI-1243)] /home/Abid.Hussain/verification/3.AHB-Lite-project/sva/ahb_checker.sv(124): operator |-> is only allowed in a property, not in sequence
[ERROR (VERI-1072)] /home/Abid.Hussain/verification/3.AHB-Lite-project/sva/ahb_checker.sv(145): module 'ahb_checker' is ignored due to previous errors
Summary of errors detected:
	[ERROR (VERI-1128)] /home/Abid.Hussain/verification/3.AHB-Lite-project/sva/ahb_checker.sv(41): 'HTrans' is not declared
	[ERROR (VERI-1243)] /home/Abid.Hussain/verification/3.AHB-Lite-project/sva/ahb_checker.sv(89): operator |-> is only allowed in a property, not in sequence
	[ERROR (VERI-1243)] /home/Abid.Hussain/verification/3.AHB-Lite-project/sva/ahb_checker.sv(124): operator |-> is only allowed in a property, not in sequence
	[ERROR (VERI-1072)] /home/Abid.Hussain/verification/3.AHB-Lite-project/sva/ahb_checker.sv(145): module 'ahb_checker' is ignored due to previous errors
ERROR at line 26 in file scripts/fpv_setup.tcl, more info in Tcl-variable errorInfo
ERROR (ENL034): 4 errors detected in the design file(s).


% include scripts/fpv_setup.tcl
%% # =========================================================
%% # AHB-Lite SRAM Formal Verification Setup
%% # Role B - EE5214
%% # =========================================================
%% 
%% clear -all
INFO (IPF121): Cleared environment completely for new design analysis.
%% 
%% set ROOT [pwd]
/home/Abid.Hussain/verification/3.AHB-Lite-project
%% 
%% set top ahb3liten
ahb3liten
%% 
%% # -----------------------------
%% # STEP 1: PACKAGE FIRST (VERY IMPORTANT)
%% # -----------------------------
%% analyze -sv09 $ROOT/packages/ahb3lite_pkg.sv
[-- (VERI-1482)] Analyzing Verilog file '/mnt/cadence_tools/installs/JASPER25/lib/verilog/packages/std/std.sv' into library 'std'
[-- (VERI-1482)] Analyzing Verilog file '/home/Abid.Hussain/verification/3.AHB-Lite-project/packages/ahb3lite_pkg.sv'
%% 
%% # -----------------------------
%% # STEP 2: RTL
%% # -----------------------------
%% analyze -sv09 $ROOT/rtl/mem.sv
[-- (VERI-1482)] Analyzing Verilog file '/home/Abid.Hussain/verification/3.AHB-Lite-project/rtl/mem.sv'
%% analyze -sv09 $ROOT/rtl/design.sv
[-- (VERI-1482)] Analyzing Verilog file '/home/Abid.Hussain/verification/3.AHB-Lite-project/rtl/design.sv'
%% 
%% # -----------------------------
%% # STEP 3: SVA
%% # -----------------------------
%% analyze -sv09 $ROOT/sva/ahb_checker.sv
[-- (VERI-1482)] Analyzing Verilog file '/home/Abid.Hussain/verification/3.AHB-Lite-project/sva/ahb_checker.sv'
%% analyze -sv09 $ROOT/sva/ahb_assumptions.sv
[-- (VERI-1482)] Analyzing Verilog file '/home/Abid.Hussain/verification/3.AHB-Lite-project/sva/ahb_assumptions.sv'
%% #analyze -sv09 $ROOT/sva/ahb_cover.sv
%% 
%% # -----------------------------
%% # STEP 4: BIND
%% # -----------------------------
%% analyze -sv09 $ROOT/bind/bind_ahb.sv
[-- (VERI-1482)] Analyzing Verilog file '/home/Abid.Hussain/verification/3.AHB-Lite-project/bind/bind_ahb.sv'
%% 
%% # -----------------------------
%% # ELABORATE
%% # -----------------------------
%% elaborate -top $top -create_related_covers {precondition witness}
INFO (ISW003): Top module name is "ahb3liten".
[INFO (HIER-8002)] /home/Abid.Hussain/verification/3.AHB-Lite-project/rtl/design.sv(297): Disabling old hierarchical reference handler
[INFO (VERI-1018)] /home/Abid.Hussain/verification/3.AHB-Lite-project/rtl/mem.sv(1): compiling module 'mem:(ABITS=8)'
[INFO (VERI-2571)] /home/Abid.Hussain/verification/3.AHB-Lite-project/rtl/mem.sv(25): extracting RAM for identifier 'mem_array'
[WARN (VERI-9033)] /home/Abid.Hussain/verification/3.AHB-Lite-project/rtl/mem.sv(25): array mem_array (size 8192) automatically BLACK-BOXED. Use the "elaborate -bbox_a" command to prevent automatic black-boxing.
[INFO (VERI-1018)] /home/Abid.Hussain/verification/3.AHB-Lite-project/sva/ahb_checker.sv(6): compiling module 'ahb_checker'
[WARN (VERI-1796)] /home/Abid.Hussain/verification/3.AHB-Lite-project/sva/ahb_checker.sv(55): system function call isunknown with non-constant argument is not supported for synthesis
[WARN (VERI-1796)] /home/Abid.Hussain/verification/3.AHB-Lite-project/sva/ahb_checker.sv(55): system function call isunknown with non-constant argument is not supported for synthesis
[INFO (VERI-1018)] /home/Abid.Hussain/verification/3.AHB-Lite-project/sva/ahb_assumptions.sv(7): compiling module 'ahb_assumptions'
[WARN (VERI-1796)] /home/Abid.Hussain/verification/3.AHB-Lite-project/sva/ahb_assumptions.sv(65): system function call isunknown with non-constant argument is not supported for synthesis
[WARN (VERI-1796)] /home/Abid.Hussain/verification/3.AHB-Lite-project/sva/ahb_assumptions.sv(74): system function call isunknown with non-constant argument is not supported for synthesis
[WARN (VERI-1796)] /home/Abid.Hussain/verification/3.AHB-Lite-project/sva/ahb_assumptions.sv(83): system function call isunknown with non-constant argument is not supported for synthesis
[WARN (VERI-1796)] /home/Abid.Hussain/verification/3.AHB-Lite-project/sva/ahb_assumptions.sv(92): system function call isunknown with non-constant argument is not supported for synthesis
[INFO (VERI-1018)] /home/Abid.Hussain/verification/3.AHB-Lite-project/rtl/design.sv(1): compiling module 'ahb3liten'
[WARN (VERI-1209)] /home/Abid.Hussain/verification/3.AHB-Lite-project/rtl/design.sv(113): expression size 16 truncated to fit in target size 7
[WARN (VERI-1959)] /home/Abid.Hussain/verification/3.AHB-Lite-project/rtl/design.sv(155): left shift count >= width of value
[WARN (VERI-1959)] /home/Abid.Hussain/verification/3.AHB-Lite-project/rtl/design.sv(156): left shift count >= width of value
[WARN (VERI-1959)] /home/Abid.Hussain/verification/3.AHB-Lite-project/rtl/design.sv(157): left shift count >= width of value
[WARN (VERI-1209)] /home/Abid.Hussain/verification/3.AHB-Lite-project/rtl/design.sv(126): expression size 32 truncated to fit in target size 16
[WARN (VERI-1209)] /home/Abid.Hussain/verification/3.AHB-Lite-project/rtl/design.sv(127): expression size 32 truncated to fit in target size 16
[WARN (VERI-1209)] /home/Abid.Hussain/verification/3.AHB-Lite-project/rtl/design.sv(128): expression size 32 truncated to fit in target size 16
[WARN (VERI-1209)] /home/Abid.Hussain/verification/3.AHB-Lite-project/rtl/design.sv(129): expression size 32 truncated to fit in target size 16
[WARN (VERI-1209)] /home/Abid.Hussain/verification/3.AHB-Lite-project/rtl/design.sv(130): expression size 32 truncated to fit in target size 16
[WARN (VERI-1209)] /home/Abid.Hussain/verification/3.AHB-Lite-project/rtl/design.sv(131): expression size 32 truncated to fit in target size 16
[WARN (VERI-1209)] /home/Abid.Hussain/verification/3.AHB-Lite-project/rtl/design.sv(132): expression size 32 truncated to fit in target size 16
[WARN (VERI-1209)] /home/Abid.Hussain/verification/3.AHB-Lite-project/rtl/design.sv(133): expression size 32 truncated to fit in target size 16
INFO (INL208): Elaboration synthesis summary:
  Number of synthesized netlists          5 (1 packages)
  Single run mode                         On
  Pipeline                                On (4 pipelined netlists)
  Late hierarchical reference connection  On
  Number of analyzed Verilog modules      6 (5 synthesized)
  Number of analyzed VHDL entities        0 (0 synthesized)
  Advanced Incremental run mode           Off
INFO (INL003): Clearing all state information (assumes, stopats, and so forth).
ahb3liten
%% 
%% # -----------------------------
%% # CLOCK / RESET
%% # -----------------------------
%% clock HCLK
%% reset !HRESETn
INFO (IPM031): Clearing proof results of all properties.
INFO (IRS006): Current reset condition is "HRESETn".
%% 
%% # -----------------------------
%% # PROVE
%% # -----------------------------
%% prove -all
INFO (IPF036): Starting proof on task: "<embedded>", 91 properties to prove with 0 already proven/unreachable
INFO (IRS029): Starting reset analysis: phase 1 of 4.
INFO (IRS030): Running reset analysis: phase 2 of 4.
INFO (IRS031): Running reset analysis: phase 3 of 4.
INFO (IRS020): Starting the reset analysis simulation with a limit of 100 iterations (phase 4 of 4).
INFO (ISIM006): Running simulation: {mode = single, probe = all}.
INFO (IRS024): Reset iterations 0 to 4 analyzed.
INFO (ISIM008): Simulation is processing trace data. Total number of nets in analysis 5293.
INFO (IRS018): Reset analysis simulation executed for 3 iterations. Assigned values for 2 of 113 design flops, 0 of 0 design latches, 366 of 670 internal elements.
INFO (IRS039): Reset analysis complete.
INFO (IPF031): Settings used for proof thread 2:
    orchestration                      = on
    time_limit                         = 86400s
    per_property_time_limit            = 1s * 10 ^ scan
    engine_mode                        = auto
    proofgrid_per_engine_max_jobs      = 1
    max engine jobs                    = auto
    proofgrid_mode                     = local
    proofgrid_restarts                 = 10
2.0.PRE: A proof was found: No trace exists. [0.00 s]
INFO (IPF057): 2.0.PRE: The property "ahb3liten.u_checker._assert_1" was proven in 0.00 s.
2.0.PRE: A proof was found: No trace exists. [0.00 s]
INFO (IPF051): 2.0.PRE: The cover property "ahb3liten.u_checker._assert_1:witness1" was proven unreachable in 0.00 s.
2.0.PRE: A proof was found: No trace exists. [0.00 s]
INFO (IPF051): 2.0.PRE: The cover property "ahb3liten.u_checker._assert_1:precondition1" was proven unreachable in 0.00 s.
2.0.PRE: A proof was found: No trace exists. [0.00 s]
INFO (IPF057): 2.0.PRE: The property "ahb3liten.u_checker._assert_3" was proven in 0.00 s.
2.0.PRE: A proof was found: No trace exists. [0.00 s]
INFO (IPF057): 2.0.PRE: The property "ahb3liten.u_checker._assert_8" was proven in 0.00 s.
2.0.PRE: A proof was found: No trace exists. [0.00 s]
INFO (IPF051): 2.0.PRE: The cover property "ahb3liten.u_checker._assert_8:witness1" was proven unreachable in 0.00 s.
2.0.PRE: A proof was found: No trace exists. [0.00 s]
INFO (IPF051): 2.0.PRE: The cover property "ahb3liten.u_checker._assert_8:precondition1" was proven unreachable in 0.00 s.
2.0.PRE: A proof was found: No trace exists. [0.00 s]
INFO (IPF051): 2.0.PRE: The cover property "ahb3liten.u_assumptions.assume_reset_htrans:witness1" was proven unreachable in 0.00 s.
2.0.PRE: A proof was found: No trace exists. [0.00 s]
INFO (IPF051): 2.0.PRE: The cover property "ahb3liten.u_assumptions.assume_reset_htrans:precondition1" was proven unreachable in 0.00 s.
2: Found proofs for 9 properties in preprocessing
2: Using multistage preprocessing
2: Starting reduce
2: Finished reduce in 0.005s
2.0.PRE: Performing Proof Simplification...
2.0.Hp: clocks: 1, declared: 1, looping: 0, posedge: 1, negedge: 0, noedge: 0, bothedge: 0
2.0.Hp: Proof Simplification Iteration 1	[0.00 s]
2.0.Hp: A max_length bound was found. The shortest trace is no longer than 1 cycles. [0.00 s]
INFO (IPF008): 2.0.Hp: A max_length bound of 1 was found for the property "ahb3liten.u_checker._assert_3:witness1" in 0.00 s.
2.0.Hp: A max_length bound was found. The shortest trace is no longer than 1 cycles. [0.00 s]
INFO (IPF008): 2.0.Hp: A max_length bound of 1 was found for the property "ahb3liten.u_checker._assert_6:witness1" in 0.00 s.
2.0.Hp: A max_length bound was found. The shortest trace is no longer than 1 cycles. [0.00 s]
INFO (IPF008): 2.0.Hp: A max_length bound of 1 was found for the property "ahb3liten.u_checker._assert_6:precondition1" in 0.00 s.
2.0.Hp: A max_length bound was found. The shortest trace is no longer than 1 cycles. [0.00 s]
INFO (IPF008): 2.0.Hp: A max_length bound of 1 was found for the property "ahb3liten.u_assumptions.assume_valid_htrans:witness1" in 0.00 s.
2.0.Hp: A max_length bound was found. The shortest trace is no longer than 1 cycles. [0.00 s]
INFO (IPF008): 2.0.Hp: A max_length bound of 1 was found for the property "ahb3liten.u_assumptions.assume_valid_hburst:witness1" in 0.00 s.
2.0.Hp: A max_length bound was found. The shortest trace is no longer than 1 cycles. [0.00 s]
INFO (IPF008): 2.0.Hp: A max_length bound of 1 was found for the property "ahb3liten.u_assumptions.assume_valid_hsize:witness1" in 0.00 s.
2.0.Hp: A max_length bound was found. The shortest trace is no longer than 1 cycles. [0.00 s]
INFO (IPF008): 2.0.Hp: A max_length bound of 1 was found for the property "ahb3liten.u_assumptions.assume_valid_hwrite:witness1" in 0.00 s.
2.0.Hp: A max_length bound was found. The shortest trace is no longer than 1 cycles. [0.00 s]
INFO (IPF008): 2.0.Hp: A max_length bound of 1 was found for the property "ahb3liten.u_assumptions.assume_valid_hsel:witness1" in 0.00 s.
2.0.Hp: A max_length bound was found. The shortest trace is no longer than 1 cycles. [0.00 s]
INFO (IPF008): 2.0.Hp: A max_length bound of 1 was found for the property "ahb3liten.u_assumptions.assume_valid_hready:witness1" in 0.00 s.
2.0.Hp: Proof Simplification Iteration 2	[0.00 s]
2.0.Hp: Proof Simplification Iteration 3	[0.00 s]
2.0.Hp: Proof Simplification Iteration 4	[0.01 s]
2.0.Hp: Proof Simplification Iteration 5	[0.01 s]
2.0.Hp: Proof Simplification Iteration 6	[0.01 s]
2.0.Hp: Proof Simplification Iteration 7	[0.01 s]
2.0.Hp: Proof Simplification Iteration 8	[0.01 s]
2.0.Hp: Proof Simplification Iteration 9	[0.01 s]
2.0.PRE: A proof was found: No trace exists. [0.00 s]
INFO (IPF057): 2.0.PRE: The property "ahb3liten.u_checker._assert_6" was proven in 0.00 s.
2.0.Hp: Proof Simplification Iteration 10	[0.01 s]
2.0.Hp: Proof Simplification Iteration 11	[0.01 s]
2.0.PRE: Proof Simplification completed in 0.02 s
2.0.Hp: Identified and disabled 21 duplicated targets.
2: About to start ProofGrid in its own thread with a limit of 10000 pending notifications and a limit of 10 traces.
2: ============================= ProofGrid (v3) start =============================
2: ProofGrid usable level: 60
2: Initial ProofGrid level: 1
2: ProofGrid is starting event handling
2: Computed task hash in 0.00ss
2.0.Hp: pc9: Support for "CentOS Linux release 7.9.2009 (Core)" will be removed with the 2025.09 release.
2.0.Ht: pc9: Support for "CentOS Linux release 7.9.2009 (Core)" will be removed with the 2025.09 release.
2: ProofGrid usable level: 60
2.0.Hp: Proofgrid shell started at 19602@pc9(local) jg_27470_pc9_9
2: ProofGrid usable level: 60
2: ProofGrid usable level: 60
2.0.Hp: clocks: 1, declared: 1, looping: 0, posedge: 1, negedge: 0, noedge: 0, bothedge: 0
2: ProofGrid usable level: 60
2: ProofGrid usable level: 60
2.0.Ht: Proofgrid shell started at 19622@pc9(local) jg_27470_pc9_9
2.0.Mpcustom2: pc9: Support for "CentOS Linux release 7.9.2009 (Core)" will be removed with the 2025.09 release.
2.0.Hp: Trace Attempt  1	[0.01 s]
2.0.Hp: A trace with 1 cycles was found. [0.01 s]
INFO (IPF047): 2.0.Hp: The cover property "ahb3liten.u_checker._assert_2:witness1" was covered in 1 cycles in 0.04 s.
INFO (IPF047): 2.0.Hp: The cover property "ahb3liten.u_checker._assert_2:precondition1" was covered in 1 cycles in 0.04 s.
INFO (IPF047): 2.0.Hp: The cover property "ahb3liten.u_checker._assert_3:witness1" was covered in 1 cycles in 0.04 s.
INFO (IPF047): 2.0.Hp: The cover property "ahb3liten.u_checker._assert_6:witness1" was covered in 1 cycles in 0.04 s.
INFO (IPF047): 2.0.Hp: The cover property "ahb3liten.u_checker._assert_6:precondition1" was covered in 1 cycles in 0.04 s.
INFO (IPF047): 2.0.Hp: The cover property "ahb3liten.u_assumptions.assume_valid_htrans:witness1" was covered in 1 cycles in 0.04 s.
INFO (IPF047): 2.0.Hp: The cover property "ahb3liten.u_assumptions.assume_valid_hburst:witness1" was covered in 1 cycles in 0.04 s.
INFO (IPF047): 2.0.Hp: The cover property "ahb3liten.u_assumptions.assume_valid_hsize:witness1" was covered in 1 cycles in 0.04 s.
INFO (IPF047): 2.0.Hp: The cover property "ahb3liten.u_assumptions.assume_valid_hwrite:witness1" was covered in 1 cycles in 0.04 s.
INFO (IPF047): 2.0.Hp: The cover property "ahb3liten.u_assumptions.assume_valid_hsel:witness1" was covered in 1 cycles in 0.04 s.
INFO (IPF047): 2.0.Hp: The cover property "ahb3liten.u_assumptions.assume_valid_hready:witness1" was covered in 1 cycles in 0.04 s.
2.0.Hp: A trace with 1 cycles was found. [0.01 s]
INFO (IPF047): 2.0.Hp: The cover property "ahb3liten.u_checker._assert_5:precondition1" was covered in 1 cycles in 0.05 s.
2.0.Hp: A trace with 1 cycles was found. [0.01 s]
INFO (IPF047): 2.0.Hp: The cover property "ahb3liten.u_checker._assert_7:precondition1" was covered in 1 cycles in 0.05 s.
2.0.Hp: A trace with 1 cycles was found. [0.01 s]
INFO (IPF047): 2.0.Hp: The cover property "ahb3liten.u_assumptions.assume_valid_haddr:witness1" was covered in 1 cycles in 0.06 s.
INFO (IPF047): 2.0.Hp: The cover property "ahb3liten.u_assumptions.assume_align_halfword:witness1" was covered in 1 cycles in 0.06 s.
INFO (IPF047): 2.0.Hp: The cover property "ahb3liten.u_assumptions.assume_burst_len_wrap8:precondition1" was covered in 1 cycles in 0.06 s.
INFO (IPF047): 2.0.Hp: The cover property "ahb3liten.u_assumptions.assume_valid_haddr:precondition1" was covered in 1 cycles in 0.06 s.
INFO (IPF047): 2.0.Hp: The cover property "ahb3liten.u_assumptions.assume_align_halfword:precondition1" was covered in 1 cycles in 0.06 s.
2.0.Hp: A trace with 1 cycles was found. [0.01 s]
INFO (IPF047): 2.0.Hp: The cover property "ahb3liten.u_assumptions.assume_align_word:witness1" was covered in 1 cycles in 0.07 s.
INFO (IPF047): 2.0.Hp: The cover property "ahb3liten.u_assumptions.assume_align_word:precondition1" was covered in 1 cycles in 0.07 s.
2: ProofGrid is temporarily paused because there are too many pending traces.
2: ProofGrid is resuming to work after pausing for 0.02s. The amount of pending traces decreased.
2.0.Hp: A trace with 1 cycles was found. [0.01 s]
INFO (IPF047): 2.0.Hp: The cover property "ahb3liten.u_assumptions.assume_1kb_boundary:witness1" was covered in 1 cycles in 0.07 s.
INFO (IPF047): 2.0.Hp: The cover property "ahb3liten.u_assumptions.assume_1kb_boundary:precondition1" was covered in 1 cycles in 0.07 s.
INFO (IPF047): 2.0.Hp: The cover property "ahb3liten.u_assumptions.assume_no_seq_after_idle:witness1" was covered in 1 cycles in 0.07 s.
INFO (IPF047): 2.0.Hp: The cover property "ahb3liten.u_assumptions.assume_no_seq_after_idle:precondition1" was covered in 1 cycles in 0.07 s.
INFO (IPF047): 2.0.Hp: The cover property "ahb3liten.u_assumptions.assume_const_hsize_burst:witness1" was covered in 1 cycles in 0.07 s.
INFO (IPF047): 2.0.Hp: The cover property "ahb3liten.u_assumptions.assume_const_hburst_burst:witness1" was covered in 1 cycles in 0.07 s.
INFO (IPF047): 2.0.Hp: The cover property "ahb3liten.u_assumptions.assume_const_hsize_burst:precondition1" was covered in 1 cycles in 0.07 s.
INFO (IPF047): 2.0.Hp: The cover property "ahb3liten.u_assumptions.assume_const_hwrite_burst:witness1" was covered in 1 cycles in 0.07 s.
INFO (IPF047): 2.0.Hp: The cover property "ahb3liten.u_assumptions.assume_const_hwrite_burst:precondition1" was covered in 1 cycles in 0.07 s.
INFO (IPF047): 2.0.Hp: The cover property "ahb3liten.u_assumptions.assume_const_hburst_burst:precondition1" was covered in 1 cycles in 0.07 s.
INFO (IPF047): 2.0.Hp: The cover property "ahb3liten.u_assumptions.assume_valid_seq_pred:witness1" was covered in 1 cycles in 0.07 s.
INFO (IPF047): 2.0.Hp: The cover property "ahb3liten.u_assumptions.assume_valid_seq_pred:precondition1" was covered in 1 cycles in 0.07 s.
2: ProofGrid is temporarily paused because there are too many pending traces.
2: ProofGrid is resuming to work after pausing for 0.02s. The amount of pending traces decreased.
2.0.Hp: A trace with 1 cycles was found. [0.01 s]
INFO (IPF047): 2.0.Hp: The cover property "ahb3liten.u_assumptions.assume_stable_haddr_wait:witness1" was covered in 1 cycles in 0.07 s.
INFO (IPF047): 2.0.Hp: The cover property "ahb3liten.u_assumptions.assume_stable_haddr_wait:precondition1" was covered in 1 cycles in 0.07 s.
INFO (IPF047): 2.0.Hp: The cover property "ahb3liten.u_assumptions.assume_stable_htrans_wait:witness1" was covered in 1 cycles in 0.07 s.
INFO (IPF047): 2.0.Hp: The cover property "ahb3liten.u_assumptions.assume_stable_hsize_wait:witness1" was covered in 1 cycles in 0.07 s.
INFO (IPF047): 2.0.Hp: The cover property "ahb3liten.u_assumptions.assume_stable_hburst_wait:witness1" was covered in 1 cycles in 0.07 s.
INFO (IPF047): 2.0.Hp: The cover property "ahb3liten.u_assumptions.assume_stable_hwrite_wait:witness1" was covered in 1 cycles in 0.07 s.
INFO (IPF047): 2.0.Hp: The cover property "ahb3liten.u_assumptions.assume_stable_hsel_wait:witness1" was covered in 1 cycles in 0.07 s.
INFO (IPF047): 2.0.Hp: The cover property "ahb3liten.u_assumptions.assume_stable_htrans_wait:precondition1" was covered in 1 cycles in 0.07 s.
INFO (IPF047): 2.0.Hp: The cover property "ahb3liten.u_assumptions.assume_stable_hsize_wait:precondition1" was covered in 1 cycles in 0.07 s.
INFO (IPF047): 2.0.Hp: The cover property "ahb3liten.u_assumptions.assume_stable_hburst_wait:precondition1" was covered in 1 cycles in 0.07 s.
INFO (IPF047): 2.0.Hp: The cover property "ahb3liten.u_assumptions.assume_stable_hwrite_wait:precondition1" was covered in 1 cycles in 0.07 s.
INFO (IPF047): 2.0.Hp: The cover property "ahb3liten.u_assumptions.assume_stable_hsel_wait:precondition1" was covered in 1 cycles in 0.07 s.
2.0.Hp: A trace with 1 cycles was found. [0.01 s]
INFO (IPF047): 2.0.Hp: The cover property "ahb3liten.u_assumptions.assume_valid_busy_pred:witness1" was covered in 1 cycles in 0.07 s.
INFO (IPF047): 2.0.Hp: The cover property "ahb3liten.u_assumptions.assume_valid_busy_pred:precondition1" was covered in 1 cycles in 0.07 s.
INFO (IPF047): 2.0.Hp: The cover property "ahb3liten.u_assumptions.assume_busy_addr_stable:witness1" was covered in 1 cycles in 0.07 s.
INFO (IPF047): 2.0.Hp: The cover property "ahb3liten.u_assumptions.assume_busy_addr_stable:precondition1" was covered in 1 cycles in 0.07 s.
2.0.Hp: A trace with 1 cycles was found. [0.01 s]
INFO (IPF047): 2.0.Hp: The cover property "ahb3liten.u_assumptions.assume_single_no_seq:witness1" was covered in 1 cycles in 0.07 s.
INFO (IPF047): 2.0.Hp: The cover property "ahb3liten.u_assumptions.assume_single_no_seq:precondition1" was covered in 1 cycles in 0.07 s.
INFO (IPF047): 2.0.Hp: The cover property "ahb3liten.u_assumptions.assume_single_no_busy:witness1" was covered in 1 cycles in 0.07 s.
INFO (IPF047): 2.0.Hp: The cover property "ahb3liten.u_assumptions.assume_single_no_busy:precondition1" was covered in 1 cycles in 0.07 s.
2.0.Hp: A trace with 1 cycles was found. [0.02 s]
INFO (IPF047): 2.0.Hp: The cover property "ahb3liten.u_assumptions.assume_burst_len_incr4:precondition1" was covered in 1 cycles in 0.08 s.
2: ProofGrid is temporarily paused because there are too many pending traces.
2: ProofGrid is resuming to work after pausing for 0.01s. The amount of pending traces decreased.
2.0.Hp: A trace with 1 cycles was found. [0.02 s]
INFO (IPF047): 2.0.Hp: The cover property "ahb3liten.u_assumptions.assume_burst_len_wrap4:precondition1" was covered in 1 cycles in 0.08 s.
2.0.Hp: A trace with 1 cycles was found. [0.02 s]
INFO (IPF047): 2.0.Hp: The cover property "ahb3liten.u_assumptions.assume_burst_len_incr8:precondition1" was covered in 1 cycles in 0.09 s.
2.0.Hp: A trace with 1 cycles was found. [0.02 s]
INFO (IPF047): 2.0.Hp: The cover property "ahb3liten.u_assumptions.assume_burst_len_incr16:precondition1" was covered in 1 cycles in 0.09 s.
2.0.Hp: A trace with 1 cycles was found. [0.02 s]
INFO (IPF047): 2.0.Hp: The cover property "ahb3liten.u_assumptions.assume_burst_len_wrap16:precondition1" was covered in 1 cycles in 0.10 s.
2.0.Hp: A trace with 1 cycles was found. [0.02 s]
INFO (IPF047): 2.0.Hp: The cover property "ahb3liten.u_assumptions.assume_incr_addr_math:witness1" was covered in 1 cycles in 0.10 s.
INFO (IPF047): 2.0.Hp: The cover property "ahb3liten.u_assumptions.assume_incr_addr_math:precondition1" was covered in 1 cycles in 0.10 s.
2: ProofGrid is temporarily paused because there are too many pending traces.
2: ProofGrid is resuming to work after pausing for 0.01s. The amount of pending traces decreased.
2.0.Hp: A trace with 1 cycles was found. [0.02 s]
INFO (IPF047): 2.0.Hp: The cover property "ahb3liten.u_assumptions.assume_wrap4_word_bound:witness1" was covered in 1 cycles in 0.11 s.
INFO (IPF047): 2.0.Hp: The cover property "ahb3liten.u_assumptions.assume_wrap4_word_bound:precondition1" was covered in 1 cycles in 0.11 s.
2.0.Hp: A trace with 1 cycles was found. [0.03 s]
INFO (IPF047): 2.0.Hp: The cover property "ahb3liten.u_assumptions.assume_wrap8_word_bound:witness1" was covered in 1 cycles in 0.12 s.
INFO (IPF047): 2.0.Hp: The cover property "ahb3liten.u_assumptions.assume_wrap8_word_bound:precondition1" was covered in 1 cycles in 0.12 s.
2.0.Hp: A trace with 1 cycles was found. [0.03 s]
INFO (IPF047): 2.0.Hp: The cover property "ahb3liten.u_assumptions.assume_wrap16_word_bound:witness1" was covered in 1 cycles in 0.12 s.
INFO (IPF047): 2.0.Hp: The cover property "ahb3liten.u_assumptions.assume_wrap16_word_bound:precondition1" was covered in 1 cycles in 0.12 s.
2: ProofGrid is temporarily paused because there are too many pending traces.
2: ProofGrid is resuming to work after pausing for 0.01s. The amount of pending traces decreased.
2.0.Hp: A trace with 1 cycles was found. [0.03 s]
INFO (IPF047): 2.0.Hp: The cover property "ahb3liten.u_assumptions.assume_wrap4_hw_bound:witness1" was covered in 1 cycles in 0.12 s.
INFO (IPF047): 2.0.Hp: The cover property "ahb3liten.u_assumptions.assume_wrap4_hw_bound:precondition1" was covered in 1 cycles in 0.12 s.
2.0.Bm: pc9: Support for "CentOS Linux release 7.9.2009 (Core)" will be removed with the 2025.09 release.
2.0.Mpcustom2: Proofgrid shell started at 19645@pc9(local) jg_27470_pc9_9
2.0.Oh: pc9: Support for "CentOS Linux release 7.9.2009 (Core)" will be removed with the 2025.09 release.
2.0.Oh: Proofgrid shell started at 19646@pc9(local) jg_27470_pc9_9
2.0.L: pc9: Support for "CentOS Linux release 7.9.2009 (Core)" will be removed with the 2025.09 release.
2.0.N: pc9: Support for "CentOS Linux release 7.9.2009 (Core)" will be removed with the 2025.09 release.
2.0.AM: pc9: Support for "CentOS Linux release 7.9.2009 (Core)" will be removed with the 2025.09 release.
2.0.AM: Proofgrid shell started at 19696@pc9(local) jg_27470_pc9_9
2.0.Hp: A proof was found: No trace exists. [0.06 s]
INFO (IPF057): 2.0.Hp: The property "ahb3liten.u_checker._assert_2" was proven in 0.12 s.
2.0.Hp: Trace Attempt  2	[0.06 s]
2.0.Hp: A trace with 2 cycles was found. [0.06 s]
INFO (IPF055): 2.0.Hp: A counterexample (cex) with 2 cycles was found for the property "ahb3liten.u_checker._assert_4" in 0.12 s.
INFO (IPF047): 2.0.Hp: The cover property "ahb3liten.u_checker._assert_4:precondition1" was covered in 2 cycles in 0.12 s.
2: ProofGrid is temporarily paused because there are too many pending traces.
2: ProofGrid is resuming to work after pausing for 0.02s. The amount of pending traces decreased.
2.0.Hp: A trace with 2 cycles was found. [0.06 s]
INFO (IPF047): 2.0.Hp: The cover property "ahb3liten.u_checker._assert_4:witness1" was covered in 2 cycles in 0.13 s.
2.0.Ht: clocks: 1, declared: 1, looping: 0, posedge: 1, negedge: 0, noedge: 0, bothedge: 0
2.0.Ht: Trace Attempt  1	[0.08 s]
2.0.Ht: Trace Attempt  2	[0.08 s]
2.0.Ht: Trace Attempt  3	[0.08 s]
2.0.Ht: A trace with 3 cycles was found. [0.08 s]
INFO (IPF055): 2.0.Ht: A counterexample (cex) with 3 cycles was found for the property "ahb3liten.u_checker._assert_5" in 0.00 s.
2.0.Ht: A trace with 3 cycles was found. [0.09 s]
INFO (IPF047): 2.0.Ht: The cover property "ahb3liten.u_checker._assert_5:witness1" was covered in 3 cycles in 0.00 s.
2: ProofGrid is temporarily paused because there are too many pending traces.
2: ProofGrid is resuming to work after pausing for 0.01s. The amount of pending traces decreased.
2.0.Ht: A trace with 3 cycles was found. [0.09 s]
INFO (IPF055): 2.0.Ht: A counterexample (cex) with 3 cycles was found for the property "ahb3liten.u_checker._assert_7" in 0.00 s.
2.0.Ht: A trace with 3 cycles was found. [0.09 s]
INFO (IPF047): 2.0.Ht: The cover property "ahb3liten.u_checker._assert_7:witness1" was covered in 3 cycles in 0.01 s.
2.0.Ht: Trace Attempt  4	[0.09 s]
2.0.Ht: A trace with 4 cycles was found. [0.09 s]
INFO (IPF047): 2.0.Ht: The cover property "ahb3liten.u_assumptions.assume_burst_len_incr4:witness1" was covered in 4 cycles in 0.01 s.
2.0.Ht: A trace with 4 cycles was found. [0.09 s]
INFO (IPF047): 2.0.Ht: The cover property "ahb3liten.u_assumptions.assume_burst_len_wrap4:witness1" was covered in 4 cycles in 0.02 s.
2.0.Ht: Trace Attempt  5	[0.09 s]
2.0.Ht: Trace Attempt  8	[0.09 s]
2.0.Ht: A trace with 8 cycles was found. [0.10 s]
INFO (IPF047): 2.0.Ht: The cover property "ahb3liten.u_assumptions.assume_burst_len_incr8:witness1" was covered in 8 cycles in 0.02 s.
2: ProofGrid is temporarily paused because there are too many pending traces.
2: ProofGrid is resuming to work after pausing for 0.01s. The amount of pending traces decreased.
2.0.Ht: A trace with 8 cycles was found. [0.10 s]
INFO (IPF047): 2.0.Ht: The cover property "ahb3liten.u_assumptions.assume_burst_len_wrap8:witness1" was covered in 8 cycles in 0.03 s.
2.0.B: pc9: Support for "CentOS Linux release 7.9.2009 (Core)" will be removed with the 2025.09 release.
2.0.Hp: Trace Attempt  3	[0.12 s]
2.0.Ht: Trace Attempt  9	[0.10 s]
2: ProofGrid is temporarily paused because there are too many pending traces.
2: ProofGrid is resuming to work after pausing for 0.01s. The amount of pending traces decreased.
2.0.Ht: Trace Attempt 16	[0.10 s]
2.0.Ht: A trace with 16 cycles was found. [0.12 s]
INFO (IPF047): 2.0.Ht: The cover property "ahb3liten.u_assumptions.assume_burst_len_incr16:witness1" was covered in 16 cycles in 0.04 s.
2.0.Ht: A trace with 16 cycles was found. [0.12 s]
INFO (IPF047): 2.0.Ht: The cover property "ahb3liten.u_assumptions.assume_burst_len_wrap16:witness1" was covered in 16 cycles in 0.04 s.
2.0.Ht: All properties determined. [0.12 s]
INFO (IPF144): 2: Initiating shutdown of proof [0.17 s]
2.0.Mpcustom2: Requesting engine job to terminate
2.0.Oh: Requesting engine job to terminate
2.0.L: Requesting engine job to terminate
2.0.N: Requesting engine job to terminate
2.0.B: Requesting engine job to terminate
2.0.AM: Requesting engine job to terminate
2.0.Bm: Requesting engine job to terminate
2.0.Ht: Requesting engine job to terminate
2.0.Hp: Requesting engine job to terminate
2.0.L: Proofgrid shell started at 19649@pc9(local) jg_27470_pc9_9
2.0.L: Preventing job from starting because proof is shutting down.
2.0.N: Proofgrid shell started at 19654@pc9(local) jg_27470_pc9_9
2.0.N: Preventing job from starting because proof is shutting down.
2.0.Hp: Trace Attempt  4	[0.15 s]
2.0.Hp: Trace Attempt  5	[0.15 s]
2.0.Ht: Outbound connection closed
2.0.Ht: Outbound connection closed
2.0.Ht: Exited with Success (@ 0.17 s)
2: ProofGrid usable level: 0
2.0.Mpcustom2: clocks: 1, declared: 1, looping: 0, posedge: 1, negedge: 0, noedge: 0, bothedge: 0
2.0.Mpcustom2: Trace Attempt  1	[0.03 s]
2.0.Mpcustom2: Trace Attempt  2	[0.03 s]
2.0.Oh: clocks: 1, declared: 1, looping: 0, posedge: 1, negedge: 0, noedge: 0, bothedge: 0
2.0.Oh: bwd trail(1): 1 0.00126972s
2.0.Oh: All properties either determined or skipped. [0.05 s]
2.0.N: Interrupted. [0.03 s]
2.0.B: Proofgrid shell started at 19672@pc9(local) jg_27470_pc9_9
2.0.B: Preventing job from starting because proof is shutting down.
2.0.B: Interrupted. [0.00 s]
2.0.AM: clocks: 1, declared: 1, looping: 0, posedge: 1, negedge: 0, noedge: 0, bothedge: 0
2.0.AM: All properties determined. [0.06 s]
2.0.Hp: Interrupted (multi)
2.0.Hp: Trace Attempt 10	[0.17 s]
2.0.Hp: All properties determined. [0.00 s]
2.0.Bm: Proofgrid shell started at 19643@pc9(local) jg_27470_pc9_9
2.0.Bm: Preventing job from starting because proof is shutting down.
2.0.B: Exited with Success (@ 0.17 s)
2.0.Bm: Interrupted. [0.00 s]
2.0.AM: Exited with Success (@ 0.17 s)
2.0.L: Interrupted. [0.04 s]
2.0.Bm: Exited with Success (@ 0.18 s)
2.0.Oh: Exited with Success (@ 0.18 s)
2.0.L: Exited with Success (@ 0.18 s)
2.0.N: Exited with Success (@ 0.18 s)
2.0.Hp: Exited with Success (@ 0.18 s)
2.0.Mpcustom2: All properties determined. [0.00 s]
2.0.Mpcustom2: Exited with Success (@ 0.18 s)
2: --------------------------------------------------------------
ProofGrid Summary (utilization 20.35 %)
--------------------------------------------------------------
     engines started                               :     9
     engine jobs started                           :     9

    Time in state (seconds)
    --------------------------------------------
               Pending     Running        Dead
    --------------------------------------------
    min           0.00        0.00        0.00
    mean          0.12        0.03        0.00
    median        0.11        0.01        0.00
    max           0.17        0.17        0.00
    sum           1.07        0.27        0.00

    Data read    : 176.69 kiB
    Data written : 3.98 kiB

INFO (IPF180): 2: ProofGrid utilization: 20.35% slot-seconds: 0.27
2: ProofGrid usable level: 0
2: All pending notifications were processed.
2: ProofGrid was paused 9 times for a total of 0.122 seconds
INFO (IPF059): 2: Completed proof on task: "<embedded>"

==============================================================
SUMMARY
==============================================================
           Properties Considered              : 91
                 assertions                   : 8
                  - proven                    : 5 (62.5%)
                  - bounded_proven (user)     : 0 (0%)
                  - bounded_proven (auto)     : 0 (0%)
                  - marked_proven             : 0 (0%)
                  - cex                       : 3 (37.5%)
                  - ar_cex                    : 0 (0%)
                  - undetermined              : 0 (0%)
                  - unknown                   : 0 (0%)
                  - error                     : 0 (0%)
                 covers                       : 83
                  - unreachable               : 6 (7.22892%)
                  - bounded_unreachable (user): 0 (0%)
                  - covered                   : 77 (92.7711%)
                  - ar_covered                : 0 (0%)
                  - undetermined              : 0 (0%)
                  - unknown                   : 0 (0%)
                  - error                     : 0 (0%)
determined
determined
[<embedded>] % visualize -violation -property <embedded>::ahb3liten.u_checker._assert_7 -new_window
INFO (IVS015): Setting Visualize task to "<embedded>".
INFO (IVS008): Expanding analysis region to enable visualization of "<embedded>::ahb3liten.u_checker._assert_7".
cex
[<embedded>] % include scripts/fpv_setup.tcl
%% # =========================================================
%% # AHB-Lite SRAM Formal Verification Setup
%% # Role B - EE5214
%% # =========================================================
%% 
%% clear -all
INFO (IPF121): Cleared environment completely for new design analysis.
%% 
%% set ROOT [pwd]
/home/Abid.Hussain/verification/3.AHB-Lite-project
%% 
%% set top ahb3liten
ahb3liten
%% 
%% # -----------------------------
%% # STEP 1: PACKAGE FIRST (VERY IMPORTANT)
%% # -----------------------------
%% analyze -sv09 $ROOT/packages/ahb3lite_pkg.sv
[-- (VERI-1482)] Analyzing Verilog file '/mnt/cadence_tools/installs/JASPER25/lib/verilog/packages/std/std.sv' into library 'std'
[-- (VERI-1482)] Analyzing Verilog file '/home/Abid.Hussain/verification/3.AHB-Lite-project/packages/ahb3lite_pkg.sv'
%% 
%% # -----------------------------
%% # STEP 2: RTL
%% # -----------------------------
%% analyze -sv09 $ROOT/rtl/mem.sv
[-- (VERI-1482)] Analyzing Verilog file '/home/Abid.Hussain/verification/3.AHB-Lite-project/rtl/mem.sv'
%% analyze -sv09 $ROOT/rtl/design.sv
[-- (VERI-1482)] Analyzing Verilog file '/home/Abid.Hussain/verification/3.AHB-Lite-project/rtl/design.sv'
%% 
%% # -----------------------------
%% # STEP 3: SVA
%% # -----------------------------
%% analyze -sv09 $ROOT/sva/ahb_checker.sv
[-- (VERI-1482)] Analyzing Verilog file '/home/Abid.Hussain/verification/3.AHB-Lite-project/sva/ahb_checker.sv'
%% analyze -sv09 $ROOT/sva/ahb_assumptions.sv
[-- (VERI-1482)] Analyzing Verilog file '/home/Abid.Hussain/verification/3.AHB-Lite-project/sva/ahb_assumptions.sv'
%% #analyze -sv09 $ROOT/sva/ahb_cover.sv
%% 
%% # -----------------------------
%% # STEP 4: BIND
%% # -----------------------------
%% analyze -sv09 $ROOT/bind/bind_ahb.sv
[-- (VERI-1482)] Analyzing Verilog file '/home/Abid.Hussain/verification/3.AHB-Lite-project/bind/bind_ahb.sv'
%% 
%% # -----------------------------
%% # ELABORATE
%% # -----------------------------
%% elaborate -top $top -create_related_covers {precondition witness}
INFO (ISW003): Top module name is "ahb3liten".
[INFO (HIER-8002)] /home/Abid.Hussain/verification/3.AHB-Lite-project/rtl/design.sv(297): Disabling old hierarchical reference handler
[INFO (VERI-1018)] /home/Abid.Hussain/verification/3.AHB-Lite-project/rtl/mem.sv(1): compiling module 'mem:(ABITS=8)'
[INFO (VERI-2571)] /home/Abid.Hussain/verification/3.AHB-Lite-project/rtl/mem.sv(25): extracting RAM for identifier 'mem_array'
[WARN (VERI-9033)] /home/Abid.Hussain/verification/3.AHB-Lite-project/rtl/mem.sv(25): array mem_array (size 8192) automatically BLACK-BOXED. Use the "elaborate -bbox_a" command to prevent automatic black-boxing.
[INFO (VERI-1018)] /home/Abid.Hussain/verification/3.AHB-Lite-project/sva/ahb_checker.sv(6): compiling module 'ahb_checker'
[WARN (VERI-1796)] /home/Abid.Hussain/verification/3.AHB-Lite-project/sva/ahb_checker.sv(55): system function call isunknown with non-constant argument is not supported for synthesis
[WARN (VERI-1796)] /home/Abid.Hussain/verification/3.AHB-Lite-project/sva/ahb_checker.sv(55): system function call isunknown with non-constant argument is not supported for synthesis
[INFO (VERI-1018)] /home/Abid.Hussain/verification/3.AHB-Lite-project/sva/ahb_assumptions.sv(7): compiling module 'ahb_assumptions'
[WARN (VERI-1796)] /home/Abid.Hussain/verification/3.AHB-Lite-project/sva/ahb_assumptions.sv(65): system function call isunknown with non-constant argument is not supported for synthesis
[WARN (VERI-1796)] /home/Abid.Hussain/verification/3.AHB-Lite-project/sva/ahb_assumptions.sv(74): system function call isunknown with non-constant argument is not supported for synthesis
[WARN (VERI-1796)] /home/Abid.Hussain/verification/3.AHB-Lite-project/sva/ahb_assumptions.sv(83): system function call isunknown with non-constant argument is not supported for synthesis
[WARN (VERI-1796)] /home/Abid.Hussain/verification/3.AHB-Lite-project/sva/ahb_assumptions.sv(92): system function call isunknown with non-constant argument is not supported for synthesis
[INFO (VERI-1018)] /home/Abid.Hussain/verification/3.AHB-Lite-project/rtl/design.sv(1): compiling module 'ahb3liten'
[WARN (VERI-1209)] /home/Abid.Hussain/verification/3.AHB-Lite-project/rtl/design.sv(113): expression size 16 truncated to fit in target size 7
[WARN (VERI-1959)] /home/Abid.Hussain/verification/3.AHB-Lite-project/rtl/design.sv(155): left shift count >= width of value
[WARN (VERI-1959)] /home/Abid.Hussain/verification/3.AHB-Lite-project/rtl/design.sv(156): left shift count >= width of value
[WARN (VERI-1959)] /home/Abid.Hussain/verification/3.AHB-Lite-project/rtl/design.sv(157): left shift count >= width of value
[WARN (VERI-1209)] /home/Abid.Hussain/verification/3.AHB-Lite-project/rtl/design.sv(126): expression size 32 truncated to fit in target size 16
[WARN (VERI-1209)] /home/Abid.Hussain/verification/3.AHB-Lite-project/rtl/design.sv(127): expression size 32 truncated to fit in target size 16
[WARN (VERI-1209)] /home/Abid.Hussain/verification/3.AHB-Lite-project/rtl/design.sv(128): expression size 32 truncated to fit in target size 16
[WARN (VERI-1209)] /home/Abid.Hussain/verification/3.AHB-Lite-project/rtl/design.sv(129): expression size 32 truncated to fit in target size 16
[WARN (VERI-1209)] /home/Abid.Hussain/verification/3.AHB-Lite-project/rtl/design.sv(130): expression size 32 truncated to fit in target size 16
[WARN (VERI-1209)] /home/Abid.Hussain/verification/3.AHB-Lite-project/rtl/design.sv(131): expression size 32 truncated to fit in target size 16
[WARN (VERI-1209)] /home/Abid.Hussain/verification/3.AHB-Lite-project/rtl/design.sv(132): expression size 32 truncated to fit in target size 16
[WARN (VERI-1209)] /home/Abid.Hussain/verification/3.AHB-Lite-project/rtl/design.sv(133): expression size 32 truncated to fit in target size 16
INFO (INL208): Elaboration synthesis summary:
  Number of synthesized netlists          5 (1 packages)
  Single run mode                         On
  Pipeline                                On (4 pipelined netlists)
  Late hierarchical reference connection  On
  Number of analyzed Verilog modules      6 (5 synthesized)
  Number of analyzed VHDL entities        0 (0 synthesized)
  Advanced Incremental run mode           Off
INFO (INL003): Clearing all state information (assumes, stopats, and so forth).
ahb3liten
%% 
%% # -----------------------------
%% # CLOCK / RESET
%% # -----------------------------
%% clock HCLK
%% reset !HRESETn
INFO (IPM031): Clearing proof results of all properties.
INFO (IRS006): Current reset condition is "HRESETn".
%% 
%% # -----------------------------
%% # PROVE
%% # -----------------------------
%% prove -all
INFO (IPF036): Starting proof on task: "<embedded>", 91 properties to prove with 0 already proven/unreachable
INFO (IRS029): Starting reset analysis: phase 1 of 4.
INFO (IRS030): Running reset analysis: phase 2 of 4.
INFO (IRS031): Running reset analysis: phase 3 of 4.
INFO (IRS020): Starting the reset analysis simulation with a limit of 100 iterations (phase 4 of 4).
INFO (ISIM006): Running simulation: {mode = single, probe = all}.
INFO (IRS024): Reset iterations 0 to 4 analyzed.
INFO (ISIM008): Simulation is processing trace data. Total number of nets in analysis 5293.
INFO (IRS018): Reset analysis simulation executed for 3 iterations. Assigned values for 2 of 113 design flops, 0 of 0 design latches, 366 of 670 internal elements.
INFO (IRS039): Reset analysis complete.
INFO (IPF031): Settings used for proof thread 2:
    orchestration                      = on
    time_limit                         = 86400s
    per_property_time_limit            = 1s * 10 ^ scan
    engine_mode                        = auto
    proofgrid_per_engine_max_jobs      = 1
    max engine jobs                    = auto
    proofgrid_mode                     = local
    proofgrid_restarts                 = 10
2.0.PRE: A proof was found: No trace exists. [0.00 s]
INFO (IPF057): 2.0.PRE: The property "ahb3liten.u_checker._assert_1" was proven in 0.00 s.
2.0.PRE: A proof was found: No trace exists. [0.00 s]
INFO (IPF051): 2.0.PRE: The cover property "ahb3liten.u_checker._assert_1:witness1" was proven unreachable in 0.00 s.
2.0.PRE: A proof was found: No trace exists. [0.00 s]
INFO (IPF051): 2.0.PRE: The cover property "ahb3liten.u_checker._assert_1:precondition1" was proven unreachable in 0.00 s.
2.0.PRE: A proof was found: No trace exists. [0.00 s]
INFO (IPF057): 2.0.PRE: The property "ahb3liten.u_checker._assert_3" was proven in 0.00 s.
2.0.PRE: A proof was found: No trace exists. [0.00 s]
INFO (IPF057): 2.0.PRE: The property "ahb3liten.u_checker._assert_8" was proven in 0.00 s.
2.0.PRE: A proof was found: No trace exists. [0.00 s]
INFO (IPF051): 2.0.PRE: The cover property "ahb3liten.u_checker._assert_8:witness1" was proven unreachable in 0.00 s.
2.0.PRE: A proof was found: No trace exists. [0.00 s]
INFO (IPF051): 2.0.PRE: The cover property "ahb3liten.u_checker._assert_8:precondition1" was proven unreachable in 0.00 s.
2.0.PRE: A proof was found: No trace exists. [0.00 s]
INFO (IPF051): 2.0.PRE: The cover property "ahb3liten.u_assumptions.assume_reset_htrans:witness1" was proven unreachable in 0.00 s.
2.0.PRE: A proof was found: No trace exists. [0.00 s]
INFO (IPF051): 2.0.PRE: The cover property "ahb3liten.u_assumptions.assume_reset_htrans:precondition1" was proven unreachable in 0.00 s.
2: Found proofs for 9 properties in preprocessing
2: Using multistage preprocessing
2: Starting reduce
2: Finished reduce in 0.005s
2.0.PRE: Performing Proof Simplification...
2.0.Hp: clocks: 1, declared: 1, looping: 0, posedge: 1, negedge: 0, noedge: 0, bothedge: 0
2.0.Hp: Proof Simplification Iteration 1	[0.00 s]
2.0.Hp: A max_length bound was found. The shortest trace is no longer than 1 cycles. [0.00 s]
INFO (IPF008): 2.0.Hp: A max_length bound of 1 was found for the property "ahb3liten.u_checker._assert_3:witness1" in 0.00 s.
2.0.Hp: A max_length bound was found. The shortest trace is no longer than 1 cycles. [0.00 s]
INFO (IPF008): 2.0.Hp: A max_length bound of 1 was found for the property "ahb3liten.u_checker._assert_6:witness1" in 0.00 s.
2.0.Hp: A max_length bound was found. The shortest trace is no longer than 1 cycles. [0.00 s]
INFO (IPF008): 2.0.Hp: A max_length bound of 1 was found for the property "ahb3liten.u_checker._assert_6:precondition1" in 0.00 s.
2.0.Hp: A max_length bound was found. The shortest trace is no longer than 1 cycles. [0.00 s]
INFO (IPF008): 2.0.Hp: A max_length bound of 1 was found for the property "ahb3liten.u_assumptions.assume_valid_htrans:witness1" in 0.00 s.
2.0.Hp: A max_length bound was found. The shortest trace is no longer than 1 cycles. [0.00 s]
INFO (IPF008): 2.0.Hp: A max_length bound of 1 was found for the property "ahb3liten.u_assumptions.assume_valid_hburst:witness1" in 0.00 s.
2.0.Hp: A max_length bound was found. The shortest trace is no longer than 1 cycles. [0.00 s]
INFO (IPF008): 2.0.Hp: A max_length bound of 1 was found for the property "ahb3liten.u_assumptions.assume_valid_hsize:witness1" in 0.00 s.
2.0.Hp: A max_length bound was found. The shortest trace is no longer than 1 cycles. [0.00 s]
INFO (IPF008): 2.0.Hp: A max_length bound of 1 was found for the property "ahb3liten.u_assumptions.assume_valid_hwrite:witness1" in 0.00 s.
2.0.Hp: A max_length bound was found. The shortest trace is no longer than 1 cycles. [0.00 s]
INFO (IPF008): 2.0.Hp: A max_length bound of 1 was found for the property "ahb3liten.u_assumptions.assume_valid_hsel:witness1" in 0.00 s.
2.0.Hp: A max_length bound was found. The shortest trace is no longer than 1 cycles. [0.00 s]
INFO (IPF008): 2.0.Hp: A max_length bound of 1 was found for the property "ahb3liten.u_assumptions.assume_valid_hready:witness1" in 0.00 s.
2.0.Hp: Proof Simplification Iteration 2	[0.00 s]
2.0.Hp: Proof Simplification Iteration 3	[0.00 s]
2.0.Hp: Proof Simplification Iteration 4	[0.01 s]
2.0.Hp: Proof Simplification Iteration 5	[0.01 s]
2.0.Hp: Proof Simplification Iteration 6	[0.01 s]
2.0.Hp: Proof Simplification Iteration 7	[0.01 s]
2.0.Hp: Proof Simplification Iteration 8	[0.01 s]
2.0.Hp: Proof Simplification Iteration 9	[0.01 s]
2.0.PRE: A proof was found: No trace exists. [0.00 s]
INFO (IPF057): 2.0.PRE: The property "ahb3liten.u_checker._assert_6" was proven in 0.00 s.
2.0.Hp: Proof Simplification Iteration 10	[0.01 s]
2.0.Hp: Proof Simplification Iteration 11	[0.01 s]
2.0.PRE: Proof Simplification completed in 0.02 s
2.0.Hp: Identified and disabled 21 duplicated targets.
2: About to start ProofGrid in its own thread with a limit of 10000 pending notifications and a limit of 10 traces.
2: ============================= ProofGrid (v3) start =============================
2: ProofGrid usable level: 60
2: Initial ProofGrid level: 1
2: ProofGrid is starting event handling
2: Computed task hash in 0.00ss
2.0.Hp: pc9: Support for "CentOS Linux release 7.9.2009 (Core)" will be removed with the 2025.09 release.
2.0.Ht: pc9: Support for "CentOS Linux release 7.9.2009 (Core)" will be removed with the 2025.09 release.
2: ProofGrid usable level: 60
2.0.Hp: Proofgrid shell started at 20724@pc9(local) jg_27470_pc9_10
2: ProofGrid usable level: 60
2: ProofGrid usable level: 60
2.0.Hp: clocks: 1, declared: 1, looping: 0, posedge: 1, negedge: 0, noedge: 0, bothedge: 0
2: ProofGrid usable level: 60
2: ProofGrid usable level: 60
2.0.Hp: Trace Attempt  1	[0.01 s]
2.0.Hp: A trace with 1 cycles was found. [0.01 s]
INFO (IPF047): 2.0.Hp: The cover property "ahb3liten.u_checker._assert_2:witness1" was covered in 1 cycles in 0.04 s.
INFO (IPF047): 2.0.Hp: The cover property "ahb3liten.u_checker._assert_2:precondition1" was covered in 1 cycles in 0.04 s.
INFO (IPF047): 2.0.Hp: The cover property "ahb3liten.u_checker._assert_3:witness1" was covered in 1 cycles in 0.04 s.
INFO (IPF047): 2.0.Hp: The cover property "ahb3liten.u_checker._assert_6:witness1" was covered in 1 cycles in 0.04 s.
INFO (IPF047): 2.0.Hp: The cover property "ahb3liten.u_checker._assert_6:precondition1" was covered in 1 cycles in 0.04 s.
INFO (IPF047): 2.0.Hp: The cover property "ahb3liten.u_assumptions.assume_valid_htrans:witness1" was covered in 1 cycles in 0.04 s.
INFO (IPF047): 2.0.Hp: The cover property "ahb3liten.u_assumptions.assume_valid_hburst:witness1" was covered in 1 cycles in 0.04 s.
INFO (IPF047): 2.0.Hp: The cover property "ahb3liten.u_assumptions.assume_valid_hsize:witness1" was covered in 1 cycles in 0.04 s.
INFO (IPF047): 2.0.Hp: The cover property "ahb3liten.u_assumptions.assume_valid_hwrite:witness1" was covered in 1 cycles in 0.04 s.
INFO (IPF047): 2.0.Hp: The cover property "ahb3liten.u_assumptions.assume_valid_hsel:witness1" was covered in 1 cycles in 0.04 s.
INFO (IPF047): 2.0.Hp: The cover property "ahb3liten.u_assumptions.assume_valid_hready:witness1" was covered in 1 cycles in 0.04 s.
2.0.Ht: Proofgrid shell started at 20743@pc9(local) jg_27470_pc9_10
2.0.Hp: A trace with 1 cycles was found. [0.02 s]
INFO (IPF047): 2.0.Hp: The cover property "ahb3liten.u_checker._assert_5:precondition1" was covered in 1 cycles in 0.04 s.
2.0.Hp: A trace with 1 cycles was found. [0.02 s]
INFO (IPF047): 2.0.Hp: The cover property "ahb3liten.u_checker._assert_7:precondition1" was covered in 1 cycles in 0.04 s.
2.0.Hp: A trace with 1 cycles was found. [0.02 s]
INFO (IPF047): 2.0.Hp: The cover property "ahb3liten.u_assumptions.assume_valid_haddr:witness1" was covered in 1 cycles in 0.05 s.
INFO (IPF047): 2.0.Hp: The cover property "ahb3liten.u_assumptions.assume_align_halfword:witness1" was covered in 1 cycles in 0.05 s.
INFO (IPF047): 2.0.Hp: The cover property "ahb3liten.u_assumptions.assume_burst_len_wrap8:precondition1" was covered in 1 cycles in 0.05 s.
INFO (IPF047): 2.0.Hp: The cover property "ahb3liten.u_assumptions.assume_valid_haddr:precondition1" was covered in 1 cycles in 0.05 s.
INFO (IPF047): 2.0.Hp: The cover property "ahb3liten.u_assumptions.assume_align_halfword:precondition1" was covered in 1 cycles in 0.05 s.
2.0.Hp: A trace with 1 cycles was found. [0.02 s]
INFO (IPF047): 2.0.Hp: The cover property "ahb3liten.u_assumptions.assume_align_word:witness1" was covered in 1 cycles in 0.05 s.
INFO (IPF047): 2.0.Hp: The cover property "ahb3liten.u_assumptions.assume_align_word:precondition1" was covered in 1 cycles in 0.05 s.
2.0.Ht: clocks: 1, declared: 1, looping: 0, posedge: 1, negedge: 0, noedge: 0, bothedge: 0
2: ProofGrid is temporarily paused because there are too many pending traces.
2: ProofGrid is resuming to work after pausing for 0.04s. The amount of pending traces decreased.
2.0.Hp: A trace with 1 cycles was found. [0.02 s]
INFO (IPF047): 2.0.Hp: The cover property "ahb3liten.u_assumptions.assume_1kb_boundary:witness1" was covered in 1 cycles in 0.07 s.
INFO (IPF047): 2.0.Hp: The cover property "ahb3liten.u_assumptions.assume_1kb_boundary:precondition1" was covered in 1 cycles in 0.07 s.
INFO (IPF047): 2.0.Hp: The cover property "ahb3liten.u_assumptions.assume_no_seq_after_idle:witness1" was covered in 1 cycles in 0.07 s.
INFO (IPF047): 2.0.Hp: The cover property "ahb3liten.u_assumptions.assume_no_seq_after_idle:precondition1" was covered in 1 cycles in 0.07 s.
INFO (IPF047): 2.0.Hp: The cover property "ahb3liten.u_assumptions.assume_const_hsize_burst:witness1" was covered in 1 cycles in 0.07 s.
INFO (IPF047): 2.0.Hp: The cover property "ahb3liten.u_assumptions.assume_const_hburst_burst:witness1" was covered in 1 cycles in 0.07 s.
INFO (IPF047): 2.0.Hp: The cover property "ahb3liten.u_assumptions.assume_const_hsize_burst:precondition1" was covered in 1 cycles in 0.07 s.
INFO (IPF047): 2.0.Hp: The cover property "ahb3liten.u_assumptions.assume_const_hwrite_burst:witness1" was covered in 1 cycles in 0.07 s.
INFO (IPF047): 2.0.Hp: The cover property "ahb3liten.u_assumptions.assume_const_hwrite_burst:precondition1" was covered in 1 cycles in 0.07 s.
INFO (IPF047): 2.0.Hp: The cover property "ahb3liten.u_assumptions.assume_const_hburst_burst:precondition1" was covered in 1 cycles in 0.07 s.
INFO (IPF047): 2.0.Hp: The cover property "ahb3liten.u_assumptions.assume_valid_seq_pred:witness1" was covered in 1 cycles in 0.07 s.
INFO (IPF047): 2.0.Hp: The cover property "ahb3liten.u_assumptions.assume_valid_seq_pred:precondition1" was covered in 1 cycles in 0.07 s.
2.0.Ht: Trace Attempt  1	[0.00 s]
2.0.Ht: A trace with 1 cycles was found. [0.00 s]
INFO (IPF047): 2.0.Ht: The cover property "ahb3liten.u_assumptions.assume_stable_haddr_wait:witness1" was covered in 1 cycles in 0.00 s.
INFO (IPF047): 2.0.Ht: The cover property "ahb3liten.u_assumptions.assume_stable_haddr_wait:precondition1" was covered in 1 cycles in 0.00 s.
INFO (IPF047): 2.0.Ht: The cover property "ahb3liten.u_assumptions.assume_stable_htrans_wait:witness1" was covered in 1 cycles in 0.00 s.
INFO (IPF047): 2.0.Ht: The cover property "ahb3liten.u_assumptions.assume_stable_hsize_wait:witness1" was covered in 1 cycles in 0.00 s.
INFO (IPF047): 2.0.Ht: The cover property "ahb3liten.u_assumptions.assume_stable_hburst_wait:witness1" was covered in 1 cycles in 0.00 s.
INFO (IPF047): 2.0.Ht: The cover property "ahb3liten.u_assumptions.assume_stable_hwrite_wait:witness1" was covered in 1 cycles in 0.00 s.
INFO (IPF047): 2.0.Ht: The cover property "ahb3liten.u_assumptions.assume_stable_hsel_wait:witness1" was covered in 1 cycles in 0.00 s.
INFO (IPF047): 2.0.Ht: The cover property "ahb3liten.u_assumptions.assume_stable_htrans_wait:precondition1" was covered in 1 cycles in 0.00 s.
INFO (IPF047): 2.0.Ht: The cover property "ahb3liten.u_assumptions.assume_stable_hsize_wait:precondition1" was covered in 1 cycles in 0.00 s.
INFO (IPF047): 2.0.Ht: The cover property "ahb3liten.u_assumptions.assume_stable_hburst_wait:precondition1" was covered in 1 cycles in 0.00 s.
INFO (IPF047): 2.0.Ht: The cover property "ahb3liten.u_assumptions.assume_stable_hwrite_wait:precondition1" was covered in 1 cycles in 0.00 s.
INFO (IPF047): 2.0.Ht: The cover property "ahb3liten.u_assumptions.assume_stable_hsel_wait:precondition1" was covered in 1 cycles in 0.00 s.
2.0.Ht: A trace with 1 cycles was found. [0.00 s]
INFO (IPF047): 2.0.Ht: The cover property "ahb3liten.u_assumptions.assume_valid_busy_pred:witness1" was covered in 1 cycles in 0.01 s.
INFO (IPF047): 2.0.Ht: The cover property "ahb3liten.u_assumptions.assume_valid_busy_pred:precondition1" was covered in 1 cycles in 0.01 s.
INFO (IPF047): 2.0.Ht: The cover property "ahb3liten.u_assumptions.assume_busy_addr_stable:witness1" was covered in 1 cycles in 0.01 s.
INFO (IPF047): 2.0.Ht: The cover property "ahb3liten.u_assumptions.assume_busy_addr_stable:precondition1" was covered in 1 cycles in 0.01 s.
2.0.Ht: A trace with 1 cycles was found. [0.01 s]
INFO (IPF047): 2.0.Ht: The cover property "ahb3liten.u_assumptions.assume_single_no_seq:witness1" was covered in 1 cycles in 0.01 s.
INFO (IPF047): 2.0.Ht: The cover property "ahb3liten.u_assumptions.assume_single_no_seq:precondition1" was covered in 1 cycles in 0.01 s.
INFO (IPF047): 2.0.Ht: The cover property "ahb3liten.u_assumptions.assume_single_no_busy:witness1" was covered in 1 cycles in 0.01 s.
INFO (IPF047): 2.0.Ht: The cover property "ahb3liten.u_assumptions.assume_single_no_busy:precondition1" was covered in 1 cycles in 0.01 s.
2.0.Ht: A trace with 1 cycles was found. [0.01 s]
INFO (IPF047): 2.0.Ht: The cover property "ahb3liten.u_assumptions.assume_burst_len_incr4:precondition1" was covered in 1 cycles in 0.01 s.
2: ProofGrid is temporarily paused because there are too many pending traces.
2: ProofGrid is resuming to work after pausing for 0.02s. The amount of pending traces decreased.
2.0.Ht: A trace with 1 cycles was found. [0.01 s]
INFO (IPF047): 2.0.Ht: The cover property "ahb3liten.u_assumptions.assume_burst_len_wrap4:precondition1" was covered in 1 cycles in 0.02 s.
2: ProofGrid is temporarily paused because there are too many pending traces.
2: ProofGrid is resuming to work after pausing for 0.01s. The amount of pending traces decreased.
2.0.Ht: A trace with 1 cycles was found. [0.01 s]
INFO (IPF047): 2.0.Ht: The cover property "ahb3liten.u_assumptions.assume_burst_len_incr8:precondition1" was covered in 1 cycles in 0.02 s.
2.0.Ht: A trace with 1 cycles was found. [0.01 s]
INFO (IPF047): 2.0.Ht: The cover property "ahb3liten.u_assumptions.assume_burst_len_incr16:precondition1" was covered in 1 cycles in 0.02 s.
2.0.Ht: A trace with 1 cycles was found. [0.01 s]
INFO (IPF047): 2.0.Ht: The cover property "ahb3liten.u_assumptions.assume_burst_len_wrap16:precondition1" was covered in 1 cycles in 0.02 s.
2.0.Ht: A trace with 1 cycles was found. [0.01 s]
INFO (IPF047): 2.0.Ht: The cover property "ahb3liten.u_assumptions.assume_incr_addr_math:witness1" was covered in 1 cycles in 0.03 s.
INFO (IPF047): 2.0.Ht: The cover property "ahb3liten.u_assumptions.assume_incr_addr_math:precondition1" was covered in 1 cycles in 0.03 s.
2.0.Ht: A trace with 1 cycles was found. [0.01 s]
INFO (IPF047): 2.0.Ht: The cover property "ahb3liten.u_assumptions.assume_wrap4_word_bound:witness1" was covered in 1 cycles in 0.03 s.
INFO (IPF047): 2.0.Ht: The cover property "ahb3liten.u_assumptions.assume_wrap4_word_bound:precondition1" was covered in 1 cycles in 0.03 s.
2: ProofGrid is temporarily paused because there are too many pending traces.
2: ProofGrid is resuming to work after pausing for 0.01s. The amount of pending traces decreased.
2.0.Ht: A trace with 1 cycles was found. [0.01 s]
INFO (IPF047): 2.0.Ht: The cover property "ahb3liten.u_assumptions.assume_wrap8_word_bound:witness1" was covered in 1 cycles in 0.04 s.
INFO (IPF047): 2.0.Ht: The cover property "ahb3liten.u_assumptions.assume_wrap8_word_bound:precondition1" was covered in 1 cycles in 0.04 s.
2: ProofGrid is temporarily paused because there are too many pending traces.
2: ProofGrid is resuming to work after pausing for 0.02s. The amount of pending traces decreased.
2.0.Ht: A trace with 1 cycles was found. [0.01 s]
INFO (IPF047): 2.0.Ht: The cover property "ahb3liten.u_assumptions.assume_wrap16_word_bound:witness1" was covered in 1 cycles in 0.05 s.
INFO (IPF047): 2.0.Ht: The cover property "ahb3liten.u_assumptions.assume_wrap16_word_bound:precondition1" was covered in 1 cycles in 0.05 s.
2.0.Ht: A trace with 1 cycles was found. [0.01 s]
INFO (IPF047): 2.0.Ht: The cover property "ahb3liten.u_assumptions.assume_wrap4_hw_bound:witness1" was covered in 1 cycles in 0.06 s.
INFO (IPF047): 2.0.Ht: The cover property "ahb3liten.u_assumptions.assume_wrap4_hw_bound:precondition1" was covered in 1 cycles in 0.06 s.
2.0.Ht: Trace Attempt  2	[0.01 s]
2.0.Ht: A trace with 2 cycles was found. [0.01 s]
INFO (IPF055): 2.0.Ht: A counterexample (cex) with 2 cycles was found for the property "ahb3liten.u_checker._assert_4" in 0.06 s.
INFO (IPF047): 2.0.Ht: The cover property "ahb3liten.u_checker._assert_4:precondition1" was covered in 2 cycles in 0.06 s.
2.0.Ht: A trace with 2 cycles was found. [0.01 s]
INFO (IPF047): 2.0.Ht: The cover property "ahb3liten.u_checker._assert_4:witness1" was covered in 2 cycles in 0.06 s.
2.0.Bm: pc9: Support for "CentOS Linux release 7.9.2009 (Core)" will be removed with the 2025.09 release.
2.0.Bm: Proofgrid shell started at 20765@pc9(local) jg_27470_pc9_10
2.0.Mpcustom2: pc9: Support for "CentOS Linux release 7.9.2009 (Core)" will be removed with the 2025.09 release.
2.0.L: pc9: Support for "CentOS Linux release 7.9.2009 (Core)" will be removed with the 2025.09 release.
2.0.N: pc9: Support for "CentOS Linux release 7.9.2009 (Core)" will be removed with the 2025.09 release.
2.0.Hp: A proof was found: No trace exists. [0.05 s]
INFO (IPF057): 2.0.Hp: The property "ahb3liten.u_checker._assert_2" was proven in 0.13 s.
2.0.Hp: Trace Attempt  2	[0.05 s]
2.0.Ht: Trace Attempt  3	[0.04 s]
2.0.Ht: A trace with 3 cycles was found. [0.04 s]
INFO (IPF055): 2.0.Ht: A counterexample (cex) with 3 cycles was found for the property "ahb3liten.u_checker._assert_5" in 0.07 s.
2: ProofGrid is temporarily paused because there are too many pending traces.
2: ProofGrid is resuming to work after pausing for 0.02s. The amount of pending traces decreased.
2.0.Ht: A trace with 3 cycles was found. [0.04 s]
INFO (IPF047): 2.0.Ht: The cover property "ahb3liten.u_checker._assert_5:witness1" was covered in 3 cycles in 0.07 s.
2.0.Ht: A trace with 3 cycles was found. [0.05 s]
INFO (IPF055): 2.0.Ht: A counterexample (cex) with 3 cycles was found for the property "ahb3liten.u_checker._assert_7" in 0.07 s.
2.0.Ht: A trace with 3 cycles was found. [0.05 s]
INFO (IPF047): 2.0.Ht: The cover property "ahb3liten.u_checker._assert_7:witness1" was covered in 3 cycles in 0.08 s.
2.0.Ht: Trace Attempt  4	[0.05 s]
2.0.Ht: A trace with 4 cycles was found. [0.05 s]
INFO (IPF047): 2.0.Ht: The cover property "ahb3liten.u_assumptions.assume_burst_len_incr4:witness1" was covered in 4 cycles in 0.08 s.
2.0.Ht: A trace with 4 cycles was found. [0.05 s]
INFO (IPF047): 2.0.Ht: The cover property "ahb3liten.u_assumptions.assume_burst_len_wrap4:witness1" was covered in 4 cycles in 0.09 s.
2.0.Ht: Trace Attempt  5	[0.05 s]
2: ProofGrid is temporarily paused because there are too many pending traces.
2: ProofGrid is resuming to work after pausing for 0.02s. The amount of pending traces decreased.
2.0.Ht: Trace Attempt  8	[0.05 s]
2.0.Ht: A trace with 8 cycles was found. [0.05 s]
INFO (IPF047): 2.0.Ht: The cover property "ahb3liten.u_assumptions.assume_burst_len_incr8:witness1" was covered in 8 cycles in 0.09 s.
2.0.Ht: A trace with 8 cycles was found. [0.06 s]
INFO (IPF047): 2.0.Ht: The cover property "ahb3liten.u_assumptions.assume_burst_len_wrap8:witness1" was covered in 8 cycles in 0.09 s.
2.0.Mpcustom2: Proofgrid shell started at 20767@pc9(local) jg_27470_pc9_10
2.0.Oh: pc9: Support for "CentOS Linux release 7.9.2009 (Core)" will be removed with the 2025.09 release.
2.0.L: Proofgrid shell started at 20769@pc9(local) jg_27470_pc9_10
2.0.N: Proofgrid shell started at 20777@pc9(local) jg_27470_pc9_10
2.0.B: pc9: Support for "CentOS Linux release 7.9.2009 (Core)" will be removed with the 2025.09 release.
2.0.AM: pc9: Support for "CentOS Linux release 7.9.2009 (Core)" will be removed with the 2025.09 release.
2.0.Ht: Trace Attempt  9	[0.11 s]
2: ProofGrid is temporarily paused because there are too many pending traces.
2: ProofGrid is resuming to work after pausing for 0.01s. The amount of pending traces decreased.
2.0.Ht: Trace Attempt 16	[0.11 s]
2.0.Ht: A trace with 16 cycles was found. [0.11 s]
INFO (IPF047): 2.0.Ht: The cover property "ahb3liten.u_assumptions.assume_burst_len_incr16:witness1" was covered in 16 cycles in 0.10 s.
2.0.Ht: A trace with 16 cycles was found. [0.12 s]
INFO (IPF047): 2.0.Ht: The cover property "ahb3liten.u_assumptions.assume_burst_len_wrap16:witness1" was covered in 16 cycles in 0.11 s.
2.0.Ht: All properties determined. [0.12 s]
INFO (IPF144): 2: Initiating shutdown of proof [0.18 s]
2.0.Bm: Requesting engine job to terminate
2.0.Ht: Requesting engine job to terminate
2.0.Hp: Requesting engine job to terminate
2.0.Mpcustom2: Requesting engine job to terminate
2.0.Oh: Requesting engine job to terminate
2.0.L: Requesting engine job to terminate
2.0.N: Requesting engine job to terminate
2.0.B: Requesting engine job to terminate
2.0.AM: Requesting engine job to terminate
2.0.Oh: Proofgrid shell started at 20768@pc9(local) jg_27470_pc9_10
2.0.Oh: Preventing job from starting because proof is shutting down.
2.0.B: Proofgrid shell started at 20783@pc9(local) jg_27470_pc9_10
2.0.B: Preventing job from starting because proof is shutting down.
2.0.AM: Proofgrid shell started at 20785@pc9(local) jg_27470_pc9_10
2.0.AM: Preventing job from starting because proof is shutting down.
2.0.Hp: Trace Attempt  3	[0.16 s]
2.0.Ht: Outbound connection closed
2.0.Ht: Outbound connection closed
2.0.Ht: Exited with Success (@ 0.18 s)
2: ProofGrid usable level: 0
2.0.Bm: clocks: 1, declared: 1, looping: 0, posedge: 1, negedge: 0, noedge: 0, bothedge: 0
2.0.Bm: Trace Attempt  1	[0.04 s]
2.0.Bm: Trace Attempt  2	[0.04 s]
2.0.Bm: Trace Attempt  3	[0.04 s]
2.0.Bm: Trace Attempt  4	[0.04 s]
2.0.Bm: Trace Attempt  5	[0.05 s]
2.0.Oh: Interrupted. [0.01 s]
2.0.B: Interrupted. [0.04 s]
2.0.AM: Interrupted. [0.03 s]
2.0.L: Interrupted. [0.01 s]
2.0.AM: Exited with Success (@ 0.18 s)
2.0.Bm: Trace Attempt  6	[0.05 s]
2.0.Bm: All properties determined. [0.00 s]
2.0.Oh: Exited with Success (@ 0.18 s)
2.0.L: Exited with Success (@ 0.18 s)
2.0.N: Interrupted. [0.01 s]
2.0.Mpcustom2: Interrupted. [0.01 s]
2.0.N: Exited with Success (@ 0.18 s)
2.0.Bm: Exited with Success (@ 0.18 s)
2.0.B: Exited with Success (@ 0.18 s)
2.0.Hp: Interrupted (multi)
2.0.Hp: All properties determined. [0.00 s]
2.0.Mpcustom2: Exited with Success (@ 0.18 s)
2.0.Hp: Exited with Success (@ 0.18 s)
2: --------------------------------------------------------------
ProofGrid Summary (utilization 23.80 %)
--------------------------------------------------------------
     engines started                               :     9
     engine jobs started                           :     9

    Time in state (seconds)
    --------------------------------------------
               Pending     Running        Dead
    --------------------------------------------
    min           0.00        0.00        0.00
    mean          0.13        0.04        0.00
    median        0.16        0.01        0.00
    max           0.18        0.18        0.00
    sum           1.21        0.38        0.00

    Data read    : 214.53 kiB
    Data written : 4.58 kiB

INFO (IPF180): 2: ProofGrid utilization: 23.80% slot-seconds: 0.38
2: ProofGrid usable level: 0
2: All pending notifications were processed.
2: ProofGrid was paused 8 times for a total of 0.147 seconds
INFO (IPF059): 2: Completed proof on task: "<embedded>"

==============================================================
SUMMARY
==============================================================
           Properties Considered              : 91
                 assertions                   : 8
                  - proven                    : 5 (62.5%)
                  - bounded_proven (user)     : 0 (0%)
                  - bounded_proven (auto)     : 0 (0%)
                  - marked_proven             : 0 (0%)
                  - cex                       : 3 (37.5%)
                  - ar_cex                    : 0 (0%)
                  - undetermined              : 0 (0%)
                  - unknown                   : 0 (0%)
                  - error                     : 0 (0%)
                 covers                       : 83
                  - unreachable               : 6 (7.22892%)
                  - bounded_unreachable (user): 0 (0%)
                  - covered                   : 77 (92.7711%)
                  - ar_covered                : 0 (0%)
                  - undetermined              : 0 (0%)
                  - unknown                   : 0 (0%)
                  - error                     : 0 (0%)
determined
determined
[<embedded>] % visualize -violation -property <embedded>::ahb3liten.u_checker._assert_7 -new_window
INFO (IVS015): Setting Visualize task to "<embedded>".
INFO (IVS008): Expanding analysis region to enable visualization of "<embedded>::ahb3liten.u_checker._assert_7".
cex
[<embedded>] % include scripts/fpv_setup.tcl
%% # =========================================================
%% # AHB-Lite SRAM Formal Verification Setup
%% # Role B - EE5214
%% # =========================================================
%% 
%% clear -all
INFO (IPF121): Cleared environment completely for new design analysis.
%% 
%% set ROOT [pwd]
/home/Abid.Hussain/verification/3.AHB-Lite-project
%% 
%% set top ahb3liten
ahb3liten
%% 
%% # -----------------------------
%% # STEP 1: PACKAGE FIRST (VERY IMPORTANT)
%% # -----------------------------
%% analyze -sv09 $ROOT/packages/ahb3lite_pkg.sv
[-- (VERI-1482)] Analyzing Verilog file '/mnt/cadence_tools/installs/JASPER25/lib/verilog/packages/std/std.sv' into library 'std'
[-- (VERI-1482)] Analyzing Verilog file '/home/Abid.Hussain/verification/3.AHB-Lite-project/packages/ahb3lite_pkg.sv'
%% 
%% # -----------------------------
%% # STEP 2: RTL
%% # -----------------------------
%% analyze -sv09 $ROOT/rtl/mem.sv
[-- (VERI-1482)] Analyzing Verilog file '/home/Abid.Hussain/verification/3.AHB-Lite-project/rtl/mem.sv'
%% analyze -sv09 $ROOT/rtl/design.sv
[-- (VERI-1482)] Analyzing Verilog file '/home/Abid.Hussain/verification/3.AHB-Lite-project/rtl/design.sv'
%% 
%% # -----------------------------
%% # STEP 3: SVA
%% # -----------------------------
%% analyze -sv09 $ROOT/sva/ahb_checker.sv
[-- (VERI-1482)] Analyzing Verilog file '/home/Abid.Hussain/verification/3.AHB-Lite-project/sva/ahb_checker.sv'
%% analyze -sv09 $ROOT/sva/ahb_assumptions.sv
[-- (VERI-1482)] Analyzing Verilog file '/home/Abid.Hussain/verification/3.AHB-Lite-project/sva/ahb_assumptions.sv'
%% #analyze -sv09 $ROOT/sva/ahb_cover.sv
%% 
%% # -----------------------------
%% # STEP 4: BIND
%% # -----------------------------
%% analyze -sv09 $ROOT/bind/bind_ahb.sv
[-- (VERI-1482)] Analyzing Verilog file '/home/Abid.Hussain/verification/3.AHB-Lite-project/bind/bind_ahb.sv'
%% 
%% # -----------------------------
%% # ELABORATE
%% # -----------------------------
%% elaborate -top $top -create_related_covers {precondition witness}
INFO (ISW003): Top module name is "ahb3liten".
[INFO (HIER-8002)] /home/Abid.Hussain/verification/3.AHB-Lite-project/rtl/design.sv(297): Disabling old hierarchical reference handler
[INFO (VERI-1018)] /home/Abid.Hussain/verification/3.AHB-Lite-project/rtl/mem.sv(1): compiling module 'mem:(ABITS=8)'
[INFO (VERI-2571)] /home/Abid.Hussain/verification/3.AHB-Lite-project/rtl/mem.sv(25): extracting RAM for identifier 'mem_array'
[WARN (VERI-9033)] /home/Abid.Hussain/verification/3.AHB-Lite-project/rtl/mem.sv(25): array mem_array (size 8192) automatically BLACK-BOXED. Use the "elaborate -bbox_a" command to prevent automatic black-boxing.
[INFO (VERI-1018)] /home/Abid.Hussain/verification/3.AHB-Lite-project/sva/ahb_checker.sv(6): compiling module 'ahb_checker'
[WARN (VERI-1796)] /home/Abid.Hussain/verification/3.AHB-Lite-project/sva/ahb_checker.sv(55): system function call isunknown with non-constant argument is not supported for synthesis
[WARN (VERI-1796)] /home/Abid.Hussain/verification/3.AHB-Lite-project/sva/ahb_checker.sv(55): system function call isunknown with non-constant argument is not supported for synthesis
[INFO (VERI-1018)] /home/Abid.Hussain/verification/3.AHB-Lite-project/sva/ahb_assumptions.sv(7): compiling module 'ahb_assumptions'
[WARN (VERI-1796)] /home/Abid.Hussain/verification/3.AHB-Lite-project/sva/ahb_assumptions.sv(65): system function call isunknown with non-constant argument is not supported for synthesis
[WARN (VERI-1796)] /home/Abid.Hussain/verification/3.AHB-Lite-project/sva/ahb_assumptions.sv(74): system function call isunknown with non-constant argument is not supported for synthesis
[WARN (VERI-1796)] /home/Abid.Hussain/verification/3.AHB-Lite-project/sva/ahb_assumptions.sv(83): system function call isunknown with non-constant argument is not supported for synthesis
[WARN (VERI-1796)] /home/Abid.Hussain/verification/3.AHB-Lite-project/sva/ahb_assumptions.sv(92): system function call isunknown with non-constant argument is not supported for synthesis
[INFO (VERI-1018)] /home/Abid.Hussain/verification/3.AHB-Lite-project/rtl/design.sv(1): compiling module 'ahb3liten'
[WARN (VERI-1209)] /home/Abid.Hussain/verification/3.AHB-Lite-project/rtl/design.sv(113): expression size 16 truncated to fit in target size 7
[WARN (VERI-1959)] /home/Abid.Hussain/verification/3.AHB-Lite-project/rtl/design.sv(155): left shift count >= width of value
[WARN (VERI-1959)] /home/Abid.Hussain/verification/3.AHB-Lite-project/rtl/design.sv(156): left shift count >= width of value
[WARN (VERI-1959)] /home/Abid.Hussain/verification/3.AHB-Lite-project/rtl/design.sv(157): left shift count >= width of value
[WARN (VERI-1209)] /home/Abid.Hussain/verification/3.AHB-Lite-project/rtl/design.sv(126): expression size 32 truncated to fit in target size 16
[WARN (VERI-1209)] /home/Abid.Hussain/verification/3.AHB-Lite-project/rtl/design.sv(127): expression size 32 truncated to fit in target size 16
[WARN (VERI-1209)] /home/Abid.Hussain/verification/3.AHB-Lite-project/rtl/design.sv(128): expression size 32 truncated to fit in target size 16
[WARN (VERI-1209)] /home/Abid.Hussain/verification/3.AHB-Lite-project/rtl/design.sv(129): expression size 32 truncated to fit in target size 16
[WARN (VERI-1209)] /home/Abid.Hussain/verification/3.AHB-Lite-project/rtl/design.sv(130): expression size 32 truncated to fit in target size 16
[WARN (VERI-1209)] /home/Abid.Hussain/verification/3.AHB-Lite-project/rtl/design.sv(131): expression size 32 truncated to fit in target size 16
[WARN (VERI-1209)] /home/Abid.Hussain/verification/3.AHB-Lite-project/rtl/design.sv(132): expression size 32 truncated to fit in target size 16
[WARN (VERI-1209)] /home/Abid.Hussain/verification/3.AHB-Lite-project/rtl/design.sv(133): expression size 32 truncated to fit in target size 16
INFO (INL208): Elaboration synthesis summary:
  Number of synthesized netlists          5 (1 packages)
  Single run mode                         On
  Pipeline                                On (4 pipelined netlists)
  Late hierarchical reference connection  On
  Number of analyzed Verilog modules      6 (5 synthesized)
  Number of analyzed VHDL entities        0 (0 synthesized)
  Advanced Incremental run mode           Off
INFO (INL003): Clearing all state information (assumes, stopats, and so forth).
ahb3liten
%% 
%% # -----------------------------
%% # CLOCK / RESET
%% # -----------------------------
%% clock HCLK
%% reset !HRESETn
INFO (IPM031): Clearing proof results of all properties.
INFO (IRS006): Current reset condition is "HRESETn".
%% 
%% # -----------------------------
%% # PROVE
%% # -----------------------------
%% prove -all
INFO (IPF036): Starting proof on task: "<embedded>", 91 properties to prove with 0 already proven/unreachable
INFO (IRS029): Starting reset analysis: phase 1 of 4.
INFO (IRS030): Running reset analysis: phase 2 of 4.
INFO (IRS031): Running reset analysis: phase 3 of 4.
INFO (IRS020): Starting the reset analysis simulation with a limit of 100 iterations (phase 4 of 4).
INFO (ISIM006): Running simulation: {mode = single, probe = all}.
INFO (IRS024): Reset iterations 0 to 4 analyzed.
INFO (ISIM008): Simulation is processing trace data. Total number of nets in analysis 5295.
INFO (IRS018): Reset analysis simulation executed for 3 iterations. Assigned values for 2 of 113 design flops, 0 of 0 design latches, 366 of 670 internal elements.
INFO (IRS039): Reset analysis complete.
INFO (IPF031): Settings used for proof thread 2:
    orchestration                      = on
    time_limit                         = 86400s
    per_property_time_limit            = 1s * 10 ^ scan
    engine_mode                        = auto
    proofgrid_per_engine_max_jobs      = 1
    max engine jobs                    = auto
    proofgrid_mode                     = local
    proofgrid_restarts                 = 10
2.0.PRE: A proof was found: No trace exists. [0.00 s]
INFO (IPF057): 2.0.PRE: The property "ahb3liten.u_checker._assert_1" was proven in 0.00 s.
2.0.PRE: A proof was found: No trace exists. [0.00 s]
INFO (IPF051): 2.0.PRE: The cover property "ahb3liten.u_checker._assert_1:witness1" was proven unreachable in 0.00 s.
2.0.PRE: A proof was found: No trace exists. [0.00 s]
INFO (IPF051): 2.0.PRE: The cover property "ahb3liten.u_checker._assert_1:precondition1" was proven unreachable in 0.00 s.
2.0.PRE: A proof was found: No trace exists. [0.00 s]
INFO (IPF057): 2.0.PRE: The property "ahb3liten.u_checker._assert_3" was proven in 0.00 s.
2.0.PRE: A proof was found: No trace exists. [0.00 s]
INFO (IPF057): 2.0.PRE: The property "ahb3liten.u_checker._assert_8" was proven in 0.00 s.
2.0.PRE: A proof was found: No trace exists. [0.00 s]
INFO (IPF051): 2.0.PRE: The cover property "ahb3liten.u_checker._assert_8:witness1" was proven unreachable in 0.00 s.
2.0.PRE: A proof was found: No trace exists. [0.00 s]
INFO (IPF051): 2.0.PRE: The cover property "ahb3liten.u_checker._assert_8:precondition1" was proven unreachable in 0.00 s.
2.0.PRE: A proof was found: No trace exists. [0.00 s]
INFO (IPF051): 2.0.PRE: The cover property "ahb3liten.u_assumptions.assume_reset_htrans:witness1" was proven unreachable in 0.00 s.
2.0.PRE: A proof was found: No trace exists. [0.00 s]
INFO (IPF051): 2.0.PRE: The cover property "ahb3liten.u_assumptions.assume_reset_htrans:precondition1" was proven unreachable in 0.00 s.
2: Found proofs for 9 properties in preprocessing
2: Using multistage preprocessing
2: Starting reduce
2: Finished reduce in 0.005s
2.0.PRE: Performing Proof Simplification...
2.0.Hp: clocks: 1, declared: 1, looping: 0, posedge: 1, negedge: 0, noedge: 0, bothedge: 0
2.0.Hp: Proof Simplification Iteration 1	[0.00 s]
2.0.Hp: A max_length bound was found. The shortest trace is no longer than 1 cycles. [0.00 s]
INFO (IPF008): 2.0.Hp: A max_length bound of 1 was found for the property "ahb3liten.u_checker._assert_3:witness1" in 0.00 s.
2.0.Hp: A max_length bound was found. The shortest trace is no longer than 1 cycles. [0.00 s]
INFO (IPF008): 2.0.Hp: A max_length bound of 1 was found for the property "ahb3liten.u_checker._assert_6:witness1" in 0.00 s.
2.0.Hp: A max_length bound was found. The shortest trace is no longer than 1 cycles. [0.00 s]
INFO (IPF008): 2.0.Hp: A max_length bound of 1 was found for the property "ahb3liten.u_checker._assert_6:precondition1" in 0.00 s.
2.0.Hp: A max_length bound was found. The shortest trace is no longer than 1 cycles. [0.00 s]
INFO (IPF008): 2.0.Hp: A max_length bound of 1 was found for the property "ahb3liten.u_assumptions.assume_valid_htrans:witness1" in 0.00 s.
2.0.Hp: A max_length bound was found. The shortest trace is no longer than 1 cycles. [0.00 s]
INFO (IPF008): 2.0.Hp: A max_length bound of 1 was found for the property "ahb3liten.u_assumptions.assume_valid_hburst:witness1" in 0.00 s.
2.0.Hp: A max_length bound was found. The shortest trace is no longer than 1 cycles. [0.00 s]
INFO (IPF008): 2.0.Hp: A max_length bound of 1 was found for the property "ahb3liten.u_assumptions.assume_valid_hsize:witness1" in 0.00 s.
2.0.Hp: A max_length bound was found. The shortest trace is no longer than 1 cycles. [0.00 s]
INFO (IPF008): 2.0.Hp: A max_length bound of 1 was found for the property "ahb3liten.u_assumptions.assume_valid_hwrite:witness1" in 0.00 s.
2.0.Hp: A max_length bound was found. The shortest trace is no longer than 1 cycles. [0.00 s]
INFO (IPF008): 2.0.Hp: A max_length bound of 1 was found for the property "ahb3liten.u_assumptions.assume_valid_hsel:witness1" in 0.00 s.
2.0.Hp: A max_length bound was found. The shortest trace is no longer than 1 cycles. [0.00 s]
INFO (IPF008): 2.0.Hp: A max_length bound of 1 was found for the property "ahb3liten.u_assumptions.assume_valid_hready:witness1" in 0.00 s.
2.0.Hp: Proof Simplification Iteration 2	[0.00 s]
2.0.Hp: Proof Simplification Iteration 3	[0.00 s]
2.0.Hp: Proof Simplification Iteration 4	[0.01 s]
2.0.Hp: Proof Simplification Iteration 5	[0.01 s]
2.0.Hp: Proof Simplification Iteration 6	[0.01 s]
2.0.Hp: Proof Simplification Iteration 7	[0.01 s]
2.0.Hp: Proof Simplification Iteration 8	[0.01 s]
2.0.Hp: Proof Simplification Iteration 9	[0.01 s]
2.0.PRE: A proof was found: No trace exists. [0.00 s]
INFO (IPF057): 2.0.PRE: The property "ahb3liten.u_checker._assert_6" was proven in 0.00 s.
2.0.Hp: Proof Simplification Iteration 10	[0.01 s]
2.0.Hp: Proof Simplification Iteration 11	[0.01 s]
2.0.PRE: Proof Simplification completed in 0.02 s
2.0.Hp: Identified and disabled 21 duplicated targets.
2: About to start ProofGrid in its own thread with a limit of 10000 pending notifications and a limit of 10 traces.
2: ============================= ProofGrid (v3) start =============================
2: ProofGrid usable level: 60
2: Initial ProofGrid level: 1
2: ProofGrid is starting event handling
2: Computed task hash in 0.00ss
2.0.Hp: pc9: Support for "CentOS Linux release 7.9.2009 (Core)" will be removed with the 2025.09 release.
2.0.Ht: pc9: Support for "CentOS Linux release 7.9.2009 (Core)" will be removed with the 2025.09 release.
2: ProofGrid usable level: 60
2.0.Hp: Proofgrid shell started at 22306@pc9(local) jg_27470_pc9_11
2: ProofGrid usable level: 60
2: ProofGrid usable level: 60
2.0.Hp: clocks: 1, declared: 1, looping: 0, posedge: 1, negedge: 0, noedge: 0, bothedge: 0
2: ProofGrid usable level: 60
2: ProofGrid usable level: 60
2.0.Hp: Trace Attempt  1	[0.01 s]
2.0.Hp: A trace with 1 cycles was found. [0.01 s]
INFO (IPF047): 2.0.Hp: The cover property "ahb3liten.u_checker._assert_2:witness1" was covered in 1 cycles in 0.02 s.
INFO (IPF047): 2.0.Hp: The cover property "ahb3liten.u_checker._assert_2:precondition1" was covered in 1 cycles in 0.02 s.
INFO (IPF047): 2.0.Hp: The cover property "ahb3liten.u_checker._assert_3:witness1" was covered in 1 cycles in 0.02 s.
INFO (IPF047): 2.0.Hp: The cover property "ahb3liten.u_checker._assert_6:witness1" was covered in 1 cycles in 0.02 s.
INFO (IPF047): 2.0.Hp: The cover property "ahb3liten.u_checker._assert_6:precondition1" was covered in 1 cycles in 0.02 s.
INFO (IPF047): 2.0.Hp: The cover property "ahb3liten.u_assumptions.assume_valid_htrans:witness1" was covered in 1 cycles in 0.02 s.
INFO (IPF047): 2.0.Hp: The cover property "ahb3liten.u_assumptions.assume_valid_hburst:witness1" was covered in 1 cycles in 0.02 s.
INFO (IPF047): 2.0.Hp: The cover property "ahb3liten.u_assumptions.assume_valid_hsize:witness1" was covered in 1 cycles in 0.02 s.
INFO (IPF047): 2.0.Hp: The cover property "ahb3liten.u_assumptions.assume_valid_hwrite:witness1" was covered in 1 cycles in 0.02 s.
INFO (IPF047): 2.0.Hp: The cover property "ahb3liten.u_assumptions.assume_valid_hsel:witness1" was covered in 1 cycles in 0.02 s.
INFO (IPF047): 2.0.Hp: The cover property "ahb3liten.u_assumptions.assume_valid_hready:witness1" was covered in 1 cycles in 0.02 s.
2.0.Hp: A trace with 1 cycles was found. [0.01 s]
INFO (IPF047): 2.0.Hp: The cover property "ahb3liten.u_checker._assert_5:precondition1" was covered in 1 cycles in 0.02 s.
2.0.Hp: A trace with 1 cycles was found. [0.01 s]
INFO (IPF047): 2.0.Hp: The cover property "ahb3liten.u_checker._assert_7:precondition1" was covered in 1 cycles in 0.02 s.
2.0.Hp: A trace with 1 cycles was found. [0.01 s]
INFO (IPF047): 2.0.Hp: The cover property "ahb3liten.u_assumptions.assume_valid_haddr:witness1" was covered in 1 cycles in 0.02 s.
INFO (IPF047): 2.0.Hp: The cover property "ahb3liten.u_assumptions.assume_align_halfword:witness1" was covered in 1 cycles in 0.02 s.
INFO (IPF047): 2.0.Hp: The cover property "ahb3liten.u_assumptions.assume_valid_haddr:precondition1" was covered in 1 cycles in 0.02 s.
INFO (IPF047): 2.0.Hp: The cover property "ahb3liten.u_assumptions.assume_align_halfword:precondition1" was covered in 1 cycles in 0.02 s.
2.0.Hp: A trace with 1 cycles was found. [0.01 s]
INFO (IPF047): 2.0.Hp: The cover property "ahb3liten.u_assumptions.assume_align_word:witness1" was covered in 1 cycles in 0.03 s.
INFO (IPF047): 2.0.Hp: The cover property "ahb3liten.u_assumptions.assume_align_word:precondition1" was covered in 1 cycles in 0.03 s.
2: ProofGrid is temporarily paused because there are too many pending traces.
2: ProofGrid is resuming to work after pausing for 0.02s. The amount of pending traces decreased.
2.0.Hp: A trace with 1 cycles was found. [0.01 s]
INFO (IPF047): 2.0.Hp: The cover property "ahb3liten.u_assumptions.assume_1kb_boundary:witness1" was covered in 1 cycles in 0.03 s.
INFO (IPF047): 2.0.Hp: The cover property "ahb3liten.u_assumptions.assume_1kb_boundary:precondition1" was covered in 1 cycles in 0.03 s.
INFO (IPF047): 2.0.Hp: The cover property "ahb3liten.u_assumptions.assume_no_seq_after_idle:witness1" was covered in 1 cycles in 0.03 s.
INFO (IPF047): 2.0.Hp: The cover property "ahb3liten.u_assumptions.assume_no_seq_after_idle:precondition1" was covered in 1 cycles in 0.03 s.
INFO (IPF047): 2.0.Hp: The cover property "ahb3liten.u_assumptions.assume_const_hsize_burst:witness1" was covered in 1 cycles in 0.03 s.
INFO (IPF047): 2.0.Hp: The cover property "ahb3liten.u_assumptions.assume_const_hburst_burst:witness1" was covered in 1 cycles in 0.03 s.
INFO (IPF047): 2.0.Hp: The cover property "ahb3liten.u_assumptions.assume_const_hsize_burst:precondition1" was covered in 1 cycles in 0.03 s.
INFO (IPF047): 2.0.Hp: The cover property "ahb3liten.u_assumptions.assume_const_hwrite_burst:witness1" was covered in 1 cycles in 0.03 s.
INFO (IPF047): 2.0.Hp: The cover property "ahb3liten.u_assumptions.assume_const_hwrite_burst:precondition1" was covered in 1 cycles in 0.03 s.
INFO (IPF047): 2.0.Hp: The cover property "ahb3liten.u_assumptions.assume_const_hburst_burst:precondition1" was covered in 1 cycles in 0.03 s.
INFO (IPF047): 2.0.Hp: The cover property "ahb3liten.u_assumptions.assume_valid_seq_pred:witness1" was covered in 1 cycles in 0.03 s.
INFO (IPF047): 2.0.Hp: The cover property "ahb3liten.u_assumptions.assume_valid_seq_pred:precondition1" was covered in 1 cycles in 0.03 s.
2.0.Ht: Proofgrid shell started at 22325@pc9(local) jg_27470_pc9_11
2.0.Hp: A trace with 1 cycles was found. [0.01 s]
INFO (IPF047): 2.0.Hp: The cover property "ahb3liten.u_assumptions.assume_stable_haddr_wait:witness1" was covered in 1 cycles in 0.03 s.
INFO (IPF047): 2.0.Hp: The cover property "ahb3liten.u_assumptions.assume_stable_haddr_wait:precondition1" was covered in 1 cycles in 0.03 s.
INFO (IPF047): 2.0.Hp: The cover property "ahb3liten.u_assumptions.assume_stable_htrans_wait:witness1" was covered in 1 cycles in 0.03 s.
INFO (IPF047): 2.0.Hp: The cover property "ahb3liten.u_assumptions.assume_stable_hsize_wait:witness1" was covered in 1 cycles in 0.03 s.
INFO (IPF047): 2.0.Hp: The cover property "ahb3liten.u_assumptions.assume_stable_hburst_wait:witness1" was covered in 1 cycles in 0.03 s.
INFO (IPF047): 2.0.Hp: The cover property "ahb3liten.u_assumptions.assume_stable_hwrite_wait:witness1" was covered in 1 cycles in 0.03 s.
INFO (IPF047): 2.0.Hp: The cover property "ahb3liten.u_assumptions.assume_stable_hsel_wait:witness1" was covered in 1 cycles in 0.03 s.
INFO (IPF047): 2.0.Hp: The cover property "ahb3liten.u_assumptions.assume_stable_htrans_wait:precondition1" was covered in 1 cycles in 0.03 s.
INFO (IPF047): 2.0.Hp: The cover property "ahb3liten.u_assumptions.assume_stable_hsize_wait:precondition1" was covered in 1 cycles in 0.03 s.
INFO (IPF047): 2.0.Hp: The cover property "ahb3liten.u_assumptions.assume_stable_hburst_wait:precondition1" was covered in 1 cycles in 0.03 s.
INFO (IPF047): 2.0.Hp: The cover property "ahb3liten.u_assumptions.assume_stable_hwrite_wait:precondition1" was covered in 1 cycles in 0.03 s.
INFO (IPF047): 2.0.Hp: The cover property "ahb3liten.u_assumptions.assume_stable_hsel_wait:precondition1" was covered in 1 cycles in 0.03 s.
2.0.Hp: A trace with 1 cycles was found. [0.01 s]
INFO (IPF047): 2.0.Hp: The cover property "ahb3liten.u_assumptions.assume_valid_busy_pred:witness1" was covered in 1 cycles in 0.03 s.
INFO (IPF047): 2.0.Hp: The cover property "ahb3liten.u_assumptions.assume_valid_busy_pred:precondition1" was covered in 1 cycles in 0.03 s.
INFO (IPF047): 2.0.Hp: The cover property "ahb3liten.u_assumptions.assume_busy_addr_stable:witness1" was covered in 1 cycles in 0.03 s.
INFO (IPF047): 2.0.Hp: The cover property "ahb3liten.u_assumptions.assume_busy_addr_stable:precondition1" was covered in 1 cycles in 0.03 s.
2.0.Hp: A trace with 1 cycles was found. [0.01 s]
INFO (IPF047): 2.0.Hp: The cover property "ahb3liten.u_assumptions.assume_single_no_seq:witness1" was covered in 1 cycles in 0.03 s.
INFO (IPF047): 2.0.Hp: The cover property "ahb3liten.u_assumptions.assume_single_no_seq:precondition1" was covered in 1 cycles in 0.03 s.
INFO (IPF047): 2.0.Hp: The cover property "ahb3liten.u_assumptions.assume_single_no_busy:witness1" was covered in 1 cycles in 0.03 s.
INFO (IPF047): 2.0.Hp: The cover property "ahb3liten.u_assumptions.assume_single_no_busy:precondition1" was covered in 1 cycles in 0.03 s.
2.0.Hp: A trace with 1 cycles was found. [0.01 s]
INFO (IPF047): 2.0.Hp: The cover property "ahb3liten.u_assumptions.assume_burst_len_incr4:precondition1" was covered in 1 cycles in 0.03 s.
2: ProofGrid is temporarily paused because there are too many pending traces.
2: ProofGrid is resuming to work after pausing for 0.01s. The amount of pending traces decreased.
2.0.Hp: A trace with 1 cycles was found. [0.01 s]
INFO (IPF047): 2.0.Hp: The cover property "ahb3liten.u_assumptions.assume_burst_len_wrap4:precondition1" was covered in 1 cycles in 0.04 s.
2.0.Hp: A trace with 1 cycles was found. [0.01 s]
INFO (IPF047): 2.0.Hp: The cover property "ahb3liten.u_assumptions.assume_burst_len_incr8:precondition1" was covered in 1 cycles in 0.04 s.
2.0.Hp: A trace with 1 cycles was found. [0.02 s]
INFO (IPF047): 2.0.Hp: The cover property "ahb3liten.u_assumptions.assume_burst_len_wrap8:precondition1" was covered in 1 cycles in 0.04 s.
2.0.Hp: A trace with 1 cycles was found. [0.02 s]
INFO (IPF047): 2.0.Hp: The cover property "ahb3liten.u_assumptions.assume_burst_len_incr16:precondition1" was covered in 1 cycles in 0.04 s.
2.0.Hp: A trace with 1 cycles was found. [0.02 s]
INFO (IPF047): 2.0.Hp: The cover property "ahb3liten.u_assumptions.assume_burst_len_wrap16:precondition1" was covered in 1 cycles in 0.04 s.
2: ProofGrid is temporarily paused because there are too many pending traces.
2: ProofGrid is resuming to work after pausing for 0.01s. The amount of pending traces decreased.
2.0.Hp: A trace with 1 cycles was found. [0.02 s]
INFO (IPF047): 2.0.Hp: The cover property "ahb3liten.u_assumptions.assume_incr_addr_math:witness1" was covered in 1 cycles in 0.05 s.
INFO (IPF047): 2.0.Hp: The cover property "ahb3liten.u_assumptions.assume_incr_addr_math:precondition1" was covered in 1 cycles in 0.05 s.
2.0.Hp: A trace with 1 cycles was found. [0.02 s]
INFO (IPF047): 2.0.Hp: The cover property "ahb3liten.u_assumptions.assume_wrap4_word_bound:witness1" was covered in 1 cycles in 0.06 s.
INFO (IPF047): 2.0.Hp: The cover property "ahb3liten.u_assumptions.assume_wrap4_word_bound:precondition1" was covered in 1 cycles in 0.06 s.
2.0.Hp: A trace with 1 cycles was found. [0.02 s]
INFO (IPF047): 2.0.Hp: The cover property "ahb3liten.u_assumptions.assume_wrap8_word_bound:witness1" was covered in 1 cycles in 0.08 s.
INFO (IPF047): 2.0.Hp: The cover property "ahb3liten.u_assumptions.assume_wrap8_word_bound:precondition1" was covered in 1 cycles in 0.08 s.
2.0.Hp: A trace with 1 cycles was found. [0.02 s]
INFO (IPF047): 2.0.Hp: The cover property "ahb3liten.u_assumptions.assume_wrap16_word_bound:witness1" was covered in 1 cycles in 0.09 s.
INFO (IPF047): 2.0.Hp: The cover property "ahb3liten.u_assumptions.assume_wrap16_word_bound:precondition1" was covered in 1 cycles in 0.09 s.
2.0.Hp: A trace with 1 cycles was found. [0.02 s]
INFO (IPF047): 2.0.Hp: The cover property "ahb3liten.u_assumptions.assume_wrap4_hw_bound:witness1" was covered in 1 cycles in 0.10 s.
INFO (IPF047): 2.0.Hp: The cover property "ahb3liten.u_assumptions.assume_wrap4_hw_bound:precondition1" was covered in 1 cycles in 0.10 s.
2.0.Bm: pc9: Support for "CentOS Linux release 7.9.2009 (Core)" will be removed with the 2025.09 release.
2.0.Oh: pc9: Support for "CentOS Linux release 7.9.2009 (Core)" will be removed with the 2025.09 release.
2.0.L: pc9: Support for "CentOS Linux release 7.9.2009 (Core)" will be removed with the 2025.09 release.
2.0.B: pc9: Support for "CentOS Linux release 7.9.2009 (Core)" will be removed with the 2025.09 release.
2.0.Hp: A proof was found: No trace exists. [0.05 s]
INFO (IPF057): 2.0.Hp: The property "ahb3liten.u_checker._assert_2" was proven in 0.11 s.
2.0.Hp: A proof was found: No trace exists. [0.05 s]
INFO (IPF057): 2.0.Hp: The property "ahb3liten.u_checker._assert_4" was proven in 0.11 s.
2.0.Hp: Trace Attempt  2	[0.05 s]
2: ProofGrid is temporarily paused because there are too many pending traces.
2: ProofGrid is resuming to work after pausing for 0.01s. The amount of pending traces decreased.
2.0.Hp: A trace with 2 cycles was found. [0.05 s]
INFO (IPF047): 2.0.Hp: The cover property "ahb3liten.u_checker._assert_4:witness1" was covered in 2 cycles in 0.12 s.
INFO (IPF047): 2.0.Hp: The cover property "ahb3liten.u_checker._assert_4:precondition1" was covered in 2 cycles in 0.12 s.
2: ProofGrid is temporarily paused because there are too many pending traces.
2: ProofGrid is resuming to work after pausing for 0.05s. The amount of pending traces decreased.
2.0.Ht: clocks: 1, declared: 1, looping: 0, posedge: 1, negedge: 0, noedge: 0, bothedge: 0
2.0.Ht: Trace Attempt  1	[0.03 s]
2.0.Ht: Trace Attempt  2	[0.03 s]
2.0.Ht: Trace Attempt  3	[0.05 s]
2.0.Ht: A trace with 3 cycles was found. [0.05 s]
INFO (IPF055): 2.0.Ht: A counterexample (cex) with 3 cycles was found for the property "ahb3liten.u_checker._assert_5" in 0.01 s.
2.0.Ht: A trace with 3 cycles was found. [0.05 s]
INFO (IPF047): 2.0.Ht: The cover property "ahb3liten.u_checker._assert_5:witness1" was covered in 3 cycles in 0.02 s.
2.0.Ht: A trace with 3 cycles was found. [0.05 s]
INFO (IPF055): 2.0.Ht: A counterexample (cex) with 3 cycles was found for the property "ahb3liten.u_checker._assert_7" in 0.03 s.
2: ProofGrid is temporarily paused because there are too many pending traces.
2: ProofGrid is resuming to work after pausing for 0.01s. The amount of pending traces decreased.
2.0.Ht: A trace with 3 cycles was found. [0.06 s]
INFO (IPF047): 2.0.Ht: The cover property "ahb3liten.u_checker._assert_7:witness1" was covered in 3 cycles in 0.04 s.
2.0.Ht: Trace Attempt  4	[0.06 s]
2: ProofGrid is temporarily paused because there are too many pending traces.
2: ProofGrid is resuming to work after pausing for 0.04s. The amount of pending traces decreased.
2.0.Ht: A trace with 4 cycles was found. [0.07 s]
INFO (IPF047): 2.0.Ht: The cover property "ahb3liten.u_assumptions.assume_burst_len_incr4:witness1" was covered in 4 cycles in 0.04 s.
2.0.Ht: A trace with 4 cycles was found. [0.07 s]
INFO (IPF047): 2.0.Ht: The cover property "ahb3liten.u_assumptions.assume_burst_len_wrap4:witness1" was covered in 4 cycles in 0.06 s.
2.0.Ht: Trace Attempt  5	[0.07 s]
2: ProofGrid is temporarily paused because there are too many pending traces.
2: ProofGrid is resuming to work after pausing for 0.01s. The amount of pending traces decreased.
2.0.Ht: Trace Attempt  8	[0.07 s]
2.0.Ht: A trace with 8 cycles was found. [0.07 s]
INFO (IPF047): 2.0.Ht: The cover property "ahb3liten.u_assumptions.assume_burst_len_incr8:witness1" was covered in 8 cycles in 0.06 s.
2.0.Ht: A trace with 8 cycles was found. [0.08 s]
INFO (IPF047): 2.0.Ht: The cover property "ahb3liten.u_assumptions.assume_burst_len_wrap8:witness1" was covered in 8 cycles in 0.07 s.
2: ProofGrid is temporarily paused because there are too many pending traces.
2: ProofGrid is resuming to work after pausing for 0.02s. The amount of pending traces decreased.
2.0.Bm: Proofgrid shell started at 22347@pc9(local) jg_27470_pc9_11
2.0.Mpcustom2: pc9: Support for "CentOS Linux release 7.9.2009 (Core)" will be removed with the 2025.09 release.
2.0.Oh: Proofgrid shell started at 22350@pc9(local) jg_27470_pc9_11
2.0.L: Proofgrid shell started at 22353@pc9(local) jg_27470_pc9_11
2.0.B: Proofgrid shell started at 22373@pc9(local) jg_27470_pc9_11
2.0.AM: pc9: Support for "CentOS Linux release 7.9.2009 (Core)" will be removed with the 2025.09 release.
2.0.Ht: Trace Attempt  9	[0.08 s]
2.0.Ht: Trace Attempt 16	[0.09 s]
2.0.Ht: A trace with 16 cycles was found. [0.10 s]
INFO (IPF047): 2.0.Ht: The cover property "ahb3liten.u_assumptions.assume_burst_len_incr16:witness1" was covered in 16 cycles in 0.07 s.
2.0.Ht: A trace with 16 cycles was found. [0.10 s]
INFO (IPF047): 2.0.Ht: The cover property "ahb3liten.u_assumptions.assume_burst_len_wrap16:witness1" was covered in 16 cycles in 0.07 s.
2.0.Ht: All properties determined. [0.10 s]
INFO (IPF144): 2: Initiating shutdown of proof [0.20 s]
2.0.Oh: Requesting engine job to terminate
2.0.Mpcustom2: Requesting engine job to terminate
2.0.N: Requesting engine job to terminate
2.0.B: Requesting engine job to terminate
2.0.AM: Requesting engine job to terminate
2.0.Bm: Requesting engine job to terminate
2.0.Ht: Requesting engine job to terminate
2.0.Hp: Requesting engine job to terminate
2.0.L: Requesting engine job to terminate
2.0.Mpcustom2: Proofgrid shell started at 22349@pc9(local) jg_27470_pc9_11
2.0.Mpcustom2: Preventing job from starting because proof is shutting down.
2.0.N: pc9: Support for "CentOS Linux release 7.9.2009 (Core)" will be removed with the 2025.09 release.
2.0.N: Proofgrid shell started at 22372@pc9(local) jg_27470_pc9_11
2.0.N: Preventing job from starting because proof is shutting down.
2.0.AM: Proofgrid shell started at 22376@pc9(local) jg_27470_pc9_11
2.0.AM: Preventing job from starting because proof is shutting down.
2.0.Hp: Trace Attempt  3	[0.13 s]
2.0.Hp: Trace Attempt  4	[0.16 s]
2.0.Hp: Trace Attempt  5	[0.19 s]
2.0.Ht: Outbound connection closed
2.0.Ht: Outbound connection closed
2.0.Ht: Exited with Success (@ 0.20 s)
2: ProofGrid usable level: 0
2.0.Mpcustom2: Interrupted. [0.04 s]
2.0.Oh: Interrupted. [0.00 s]
2.0.N: Interrupted. [0.01 s]
2.0.L: Interrupted. [0.00 s]
2.0.AM: Interrupted. [0.08 s]
2.0.Mpcustom2: Exited with Success (@ 0.20 s)
2.0.Bm: Interrupted. [0.00 s]
2.0.N: Exited with Success (@ 0.20 s)
2.0.B: Interrupted. [0.00 s]
2.0.Oh: Exited with Success (@ 0.20 s)
2.0.AM: Exited with Success (@ 0.20 s)
2.0.Bm: Exited with Success (@ 0.20 s)
2.0.L: Exited with Success (@ 0.20 s)
2.0.B: Exited with Success (@ 0.20 s)
2.0.Hp: Interrupted (multi)
2.0.Hp: All properties determined. [0.00 s]
2.0.Hp: Exited with Success (@ 0.21 s)
2: --------------------------------------------------------------
ProofGrid Summary (utilization 18.98 %)
--------------------------------------------------------------
     engines started                               :     9
     engine jobs started                           :     9

    Time in state (seconds)
    --------------------------------------------
               Pending     Running        Dead
    --------------------------------------------
    min           0.00        0.00        0.00
    mean          0.16        0.04        0.00
    median        0.19        0.00        0.00
    max           0.20        0.20        0.00
    sum           1.48        0.35        0.00

    Data read    : 161.27 kiB
    Data written : 3.70 kiB

INFO (IPF180): 2: ProofGrid utilization: 18.98% slot-seconds: 0.35
2: ProofGrid usable level: 0
2: All pending notifications were processed.
2: ProofGrid was paused 9 times for a total of 0.179 seconds
INFO (IPF059): 2: Completed proof on task: "<embedded>"

==============================================================
SUMMARY
==============================================================
           Properties Considered              : 91
                 assertions                   : 8
                  - proven                    : 6 (75%)
                  - bounded_proven (user)     : 0 (0%)
                  - bounded_proven (auto)     : 0 (0%)
                  - marked_proven             : 0 (0%)
                  - cex                       : 2 (25%)
                  - ar_cex                    : 0 (0%)
                  - undetermined              : 0 (0%)
                  - unknown                   : 0 (0%)
                  - error                     : 0 (0%)
                 covers                       : 83
                  - unreachable               : 6 (7.22892%)
                  - bounded_unreachable (user): 0 (0%)
                  - covered                   : 77 (92.7711%)
                  - ar_covered                : 0 (0%)
                  - undetermined              : 0 (0%)
                  - unknown                   : 0 (0%)
                  - error                     : 0 (0%)
determined
determined
[<embedded>] % include scripts/fpv_setup.tcl
%% # =========================================================
%% # AHB-Lite SRAM Formal Verification Setup
%% # Role B - EE5214
%% # =========================================================
%% 
%% clear -all
INFO (IPF121): Cleared environment completely for new design analysis.
%% 
%% set ROOT [pwd]
/home/Abid.Hussain/verification/3.AHB-Lite-project
%% 
%% set top ahb3liten
ahb3liten
%% 
%% # -----------------------------
%% # STEP 1: PACKAGE FIRST (VERY IMPORTANT)
%% # -----------------------------
%% analyze -sv09 $ROOT/packages/ahb3lite_pkg.sv
[-- (VERI-1482)] Analyzing Verilog file '/mnt/cadence_tools/installs/JASPER25/lib/verilog/packages/std/std.sv' into library 'std'
[-- (VERI-1482)] Analyzing Verilog file '/home/Abid.Hussain/verification/3.AHB-Lite-project/packages/ahb3lite_pkg.sv'
%% 
%% # -----------------------------
%% # STEP 2: RTL
%% # -----------------------------
%% analyze -sv09 $ROOT/rtl/mem.sv
[-- (VERI-1482)] Analyzing Verilog file '/home/Abid.Hussain/verification/3.AHB-Lite-project/rtl/mem.sv'
%% analyze -sv09 $ROOT/rtl/design.sv
[-- (VERI-1482)] Analyzing Verilog file '/home/Abid.Hussain/verification/3.AHB-Lite-project/rtl/design.sv'
%% 
%% # -----------------------------
%% # STEP 3: SVA
%% # -----------------------------
%% analyze -sv09 $ROOT/sva/ahb_checker.sv
[-- (VERI-1482)] Analyzing Verilog file '/home/Abid.Hussain/verification/3.AHB-Lite-project/sva/ahb_checker.sv'
%% analyze -sv09 $ROOT/sva/ahb_assumptions.sv
[-- (VERI-1482)] Analyzing Verilog file '/home/Abid.Hussain/verification/3.AHB-Lite-project/sva/ahb_assumptions.sv'
%% #analyze -sv09 $ROOT/sva/ahb_cover.sv
%% 
%% # -----------------------------
%% # STEP 4: BIND
%% # -----------------------------
%% analyze -sv09 $ROOT/bind/bind_ahb.sv
[-- (VERI-1482)] Analyzing Verilog file '/home/Abid.Hussain/verification/3.AHB-Lite-project/bind/bind_ahb.sv'
%% 
%% # -----------------------------
%% # ELABORATE
%% # -----------------------------
%% elaborate -top $top -create_related_covers {precondition witness}
INFO (ISW003): Top module name is "ahb3liten".
[INFO (HIER-8002)] /home/Abid.Hussain/verification/3.AHB-Lite-project/rtl/design.sv(297): Disabling old hierarchical reference handler
[INFO (VERI-1018)] /home/Abid.Hussain/verification/3.AHB-Lite-project/rtl/mem.sv(1): compiling module 'mem:(ABITS=8)'
[INFO (VERI-2571)] /home/Abid.Hussain/verification/3.AHB-Lite-project/rtl/mem.sv(25): extracting RAM for identifier 'mem_array'
[WARN (VERI-9033)] /home/Abid.Hussain/verification/3.AHB-Lite-project/rtl/mem.sv(25): array mem_array (size 8192) automatically BLACK-BOXED. Use the "elaborate -bbox_a" command to prevent automatic black-boxing.
[INFO (VERI-1018)] /home/Abid.Hussain/verification/3.AHB-Lite-project/sva/ahb_checker.sv(6): compiling module 'ahb_checker'
[WARN (VERI-1796)] /home/Abid.Hussain/verification/3.AHB-Lite-project/sva/ahb_checker.sv(55): system function call isunknown with non-constant argument is not supported for synthesis
[WARN (VERI-1796)] /home/Abid.Hussain/verification/3.AHB-Lite-project/sva/ahb_checker.sv(55): system function call isunknown with non-constant argument is not supported for synthesis
[INFO (VERI-1018)] /home/Abid.Hussain/verification/3.AHB-Lite-project/sva/ahb_assumptions.sv(7): compiling module 'ahb_assumptions'
[WARN (VERI-1796)] /home/Abid.Hussain/verification/3.AHB-Lite-project/sva/ahb_assumptions.sv(65): system function call isunknown with non-constant argument is not supported for synthesis
[WARN (VERI-1796)] /home/Abid.Hussain/verification/3.AHB-Lite-project/sva/ahb_assumptions.sv(74): system function call isunknown with non-constant argument is not supported for synthesis
[WARN (VERI-1796)] /home/Abid.Hussain/verification/3.AHB-Lite-project/sva/ahb_assumptions.sv(83): system function call isunknown with non-constant argument is not supported for synthesis
[WARN (VERI-1796)] /home/Abid.Hussain/verification/3.AHB-Lite-project/sva/ahb_assumptions.sv(92): system function call isunknown with non-constant argument is not supported for synthesis
[INFO (VERI-1018)] /home/Abid.Hussain/verification/3.AHB-Lite-project/rtl/design.sv(1): compiling module 'ahb3liten'
[WARN (VERI-1209)] /home/Abid.Hussain/verification/3.AHB-Lite-project/rtl/design.sv(113): expression size 16 truncated to fit in target size 7
[WARN (VERI-1959)] /home/Abid.Hussain/verification/3.AHB-Lite-project/rtl/design.sv(155): left shift count >= width of value
[WARN (VERI-1959)] /home/Abid.Hussain/verification/3.AHB-Lite-project/rtl/design.sv(156): left shift count >= width of value
[WARN (VERI-1959)] /home/Abid.Hussain/verification/3.AHB-Lite-project/rtl/design.sv(157): left shift count >= width of value
[WARN (VERI-1209)] /home/Abid.Hussain/verification/3.AHB-Lite-project/rtl/design.sv(126): expression size 32 truncated to fit in target size 16
[WARN (VERI-1209)] /home/Abid.Hussain/verification/3.AHB-Lite-project/rtl/design.sv(127): expression size 32 truncated to fit in target size 16
[WARN (VERI-1209)] /home/Abid.Hussain/verification/3.AHB-Lite-project/rtl/design.sv(128): expression size 32 truncated to fit in target size 16
[WARN (VERI-1209)] /home/Abid.Hussain/verification/3.AHB-Lite-project/rtl/design.sv(129): expression size 32 truncated to fit in target size 16
[WARN (VERI-1209)] /home/Abid.Hussain/verification/3.AHB-Lite-project/rtl/design.sv(130): expression size 32 truncated to fit in target size 16
[WARN (VERI-1209)] /home/Abid.Hussain/verification/3.AHB-Lite-project/rtl/design.sv(131): expression size 32 truncated to fit in target size 16
[WARN (VERI-1209)] /home/Abid.Hussain/verification/3.AHB-Lite-project/rtl/design.sv(132): expression size 32 truncated to fit in target size 16
[WARN (VERI-1209)] /home/Abid.Hussain/verification/3.AHB-Lite-project/rtl/design.sv(133): expression size 32 truncated to fit in target size 16
INFO (INL208): Elaboration synthesis summary:
  Number of synthesized netlists          5 (1 packages)
  Single run mode                         On
  Pipeline                                On (4 pipelined netlists)
  Late hierarchical reference connection  On
  Number of analyzed Verilog modules      6 (5 synthesized)
  Number of analyzed VHDL entities        0 (0 synthesized)
  Advanced Incremental run mode           Off
INFO (INL003): Clearing all state information (assumes, stopats, and so forth).
ahb3liten
%% 
%% # -----------------------------
%% # CLOCK / RESET
%% # -----------------------------
%% clock HCLK
%% reset !HRESETn
INFO (IPM031): Clearing proof results of all properties.
INFO (IRS006): Current reset condition is "HRESETn".
%% 
%% # -----------------------------
%% # PROVE
%% # -----------------------------
%% prove -all
INFO (IPF036): Starting proof on task: "<embedded>", 91 properties to prove with 0 already proven/unreachable
INFO (IRS029): Starting reset analysis: phase 1 of 4.
INFO (IRS030): Running reset analysis: phase 2 of 4.
INFO (IRS031): Running reset analysis: phase 3 of 4.
INFO (IRS020): Starting the reset analysis simulation with a limit of 100 iterations (phase 4 of 4).
INFO (ISIM006): Running simulation: {mode = single, probe = all}.
INFO (IRS024): Reset iterations 0 to 4 analyzed.
INFO (ISIM008): Simulation is processing trace data. Total number of nets in analysis 5293.
INFO (IRS018): Reset analysis simulation executed for 3 iterations. Assigned values for 2 of 113 design flops, 0 of 0 design latches, 366 of 670 internal elements.
INFO (IRS039): Reset analysis complete.
INFO (IPF031): Settings used for proof thread 2:
    orchestration                      = on
    time_limit                         = 86400s
    per_property_time_limit            = 1s * 10 ^ scan
    engine_mode                        = auto
    proofgrid_per_engine_max_jobs      = 1
    max engine jobs                    = auto
    proofgrid_mode                     = local
    proofgrid_restarts                 = 10
2.0.PRE: A proof was found: No trace exists. [0.00 s]
INFO (IPF057): 2.0.PRE: The property "ahb3liten.u_checker._assert_1" was proven in 0.00 s.
2.0.PRE: A proof was found: No trace exists. [0.00 s]
INFO (IPF051): 2.0.PRE: The cover property "ahb3liten.u_checker._assert_1:witness1" was proven unreachable in 0.00 s.
2.0.PRE: A proof was found: No trace exists. [0.00 s]
INFO (IPF051): 2.0.PRE: The cover property "ahb3liten.u_checker._assert_1:precondition1" was proven unreachable in 0.00 s.
2.0.PRE: A proof was found: No trace exists. [0.00 s]
INFO (IPF057): 2.0.PRE: The property "ahb3liten.u_checker._assert_3" was proven in 0.00 s.
2.0.PRE: A proof was found: No trace exists. [0.00 s]
INFO (IPF057): 2.0.PRE: The property "ahb3liten.u_checker._assert_8" was proven in 0.00 s.
2.0.PRE: A proof was found: No trace exists. [0.00 s]
INFO (IPF051): 2.0.PRE: The cover property "ahb3liten.u_checker._assert_8:witness1" was proven unreachable in 0.00 s.
2.0.PRE: A proof was found: No trace exists. [0.00 s]
INFO (IPF051): 2.0.PRE: The cover property "ahb3liten.u_checker._assert_8:precondition1" was proven unreachable in 0.00 s.
2.0.PRE: A proof was found: No trace exists. [0.00 s]
INFO (IPF051): 2.0.PRE: The cover property "ahb3liten.u_assumptions.assume_reset_htrans:witness1" was proven unreachable in 0.00 s.
2.0.PRE: A proof was found: No trace exists. [0.00 s]
INFO (IPF051): 2.0.PRE: The cover property "ahb3liten.u_assumptions.assume_reset_htrans:precondition1" was proven unreachable in 0.00 s.
2: Found proofs for 9 properties in preprocessing
2: Using multistage preprocessing
2: Starting reduce
2: Finished reduce in 0.009s
2.0.PRE: Performing Proof Simplification...
2.0.Hp: clocks: 1, declared: 1, looping: 0, posedge: 1, negedge: 0, noedge: 0, bothedge: 0
2.0.Hp: Proof Simplification Iteration 1	[0.00 s]
2.0.Hp: A max_length bound was found. The shortest trace is no longer than 1 cycles. [0.00 s]
INFO (IPF008): 2.0.Hp: A max_length bound of 1 was found for the property "ahb3liten.u_checker._assert_3:witness1" in 0.00 s.
2.0.Hp: A max_length bound was found. The shortest trace is no longer than 1 cycles. [0.00 s]
INFO (IPF008): 2.0.Hp: A max_length bound of 1 was found for the property "ahb3liten.u_checker._assert_6:witness1" in 0.00 s.
2.0.Hp: A max_length bound was found. The shortest trace is no longer than 1 cycles. [0.00 s]
INFO (IPF008): 2.0.Hp: A max_length bound of 1 was found for the property "ahb3liten.u_checker._assert_6:precondition1" in 0.00 s.
2.0.Hp: A max_length bound was found. The shortest trace is no longer than 1 cycles. [0.00 s]
INFO (IPF008): 2.0.Hp: A max_length bound of 1 was found for the property "ahb3liten.u_assumptions.assume_valid_htrans:witness1" in 0.00 s.
2.0.Hp: A max_length bound was found. The shortest trace is no longer than 1 cycles. [0.00 s]
INFO (IPF008): 2.0.Hp: A max_length bound of 1 was found for the property "ahb3liten.u_assumptions.assume_valid_hburst:witness1" in 0.00 s.
2.0.Hp: A max_length bound was found. The shortest trace is no longer than 1 cycles. [0.00 s]
INFO (IPF008): 2.0.Hp: A max_length bound of 1 was found for the property "ahb3liten.u_assumptions.assume_valid_hsize:witness1" in 0.00 s.
2.0.Hp: A max_length bound was found. The shortest trace is no longer than 1 cycles. [0.00 s]
INFO (IPF008): 2.0.Hp: A max_length bound of 1 was found for the property "ahb3liten.u_assumptions.assume_valid_hwrite:witness1" in 0.00 s.
2.0.Hp: A max_length bound was found. The shortest trace is no longer than 1 cycles. [0.00 s]
INFO (IPF008): 2.0.Hp: A max_length bound of 1 was found for the property "ahb3liten.u_assumptions.assume_valid_hsel:witness1" in 0.00 s.
2.0.Hp: A max_length bound was found. The shortest trace is no longer than 1 cycles. [0.00 s]
INFO (IPF008): 2.0.Hp: A max_length bound of 1 was found for the property "ahb3liten.u_assumptions.assume_valid_hready:witness1" in 0.00 s.
2.0.Hp: Proof Simplification Iteration 2	[0.00 s]
2.0.Hp: Proof Simplification Iteration 3	[0.00 s]
2.0.Hp: Proof Simplification Iteration 4	[0.01 s]
2.0.Hp: Proof Simplification Iteration 5	[0.01 s]
2.0.Hp: Proof Simplification Iteration 6	[0.01 s]
2.0.Hp: Proof Simplification Iteration 7	[0.01 s]
2.0.Hp: Proof Simplification Iteration 8	[0.01 s]
2.0.Hp: Proof Simplification Iteration 9	[0.01 s]
2.0.PRE: A proof was found: No trace exists. [0.00 s]
INFO (IPF057): 2.0.PRE: The property "ahb3liten.u_checker._assert_6" was proven in 0.00 s.
2.0.Hp: Proof Simplification Iteration 10	[0.01 s]
2.0.Hp: Proof Simplification Iteration 11	[0.01 s]
2.0.PRE: Proof Simplification completed in 0.02 s
2.0.Hp: Identified and disabled 21 duplicated targets.
2: About to start ProofGrid in its own thread with a limit of 10000 pending notifications and a limit of 10 traces.
2: ============================= ProofGrid (v3) start =============================
2: ProofGrid usable level: 60
2: Initial ProofGrid level: 1
2: ProofGrid is starting event handling
2: Computed task hash in 0.00ss
2.0.Hp: pc9: Support for "CentOS Linux release 7.9.2009 (Core)" will be removed with the 2025.09 release.
2.0.Ht: pc9: Support for "CentOS Linux release 7.9.2009 (Core)" will be removed with the 2025.09 release.
2: ProofGrid usable level: 60
2.0.Hp: Proofgrid shell started at 24146@pc9(local) jg_27470_pc9_12
2: ProofGrid usable level: 60
2: ProofGrid usable level: 60
2: ProofGrid usable level: 60
2.0.Hp: clocks: 1, declared: 1, looping: 0, posedge: 1, negedge: 0, noedge: 0, bothedge: 0
2: ProofGrid usable level: 60
2.0.Hp: Trace Attempt  1	[0.01 s]
2.0.Hp: A trace with 1 cycles was found. [0.01 s]
INFO (IPF047): 2.0.Hp: The cover property "ahb3liten.u_checker._assert_2:witness1" was covered in 1 cycles in 0.01 s.
INFO (IPF047): 2.0.Hp: The cover property "ahb3liten.u_checker._assert_2:precondition1" was covered in 1 cycles in 0.01 s.
INFO (IPF047): 2.0.Hp: The cover property "ahb3liten.u_checker._assert_3:witness1" was covered in 1 cycles in 0.01 s.
INFO (IPF047): 2.0.Hp: The cover property "ahb3liten.u_checker._assert_6:witness1" was covered in 1 cycles in 0.01 s.
INFO (IPF047): 2.0.Hp: The cover property "ahb3liten.u_checker._assert_6:precondition1" was covered in 1 cycles in 0.01 s.
INFO (IPF047): 2.0.Hp: The cover property "ahb3liten.u_assumptions.assume_valid_htrans:witness1" was covered in 1 cycles in 0.01 s.
INFO (IPF047): 2.0.Hp: The cover property "ahb3liten.u_assumptions.assume_valid_hburst:witness1" was covered in 1 cycles in 0.01 s.
INFO (IPF047): 2.0.Hp: The cover property "ahb3liten.u_assumptions.assume_valid_hsize:witness1" was covered in 1 cycles in 0.01 s.
INFO (IPF047): 2.0.Hp: The cover property "ahb3liten.u_assumptions.assume_valid_hwrite:witness1" was covered in 1 cycles in 0.01 s.
INFO (IPF047): 2.0.Hp: The cover property "ahb3liten.u_assumptions.assume_valid_hsel:witness1" was covered in 1 cycles in 0.01 s.
INFO (IPF047): 2.0.Hp: The cover property "ahb3liten.u_assumptions.assume_valid_hready:witness1" was covered in 1 cycles in 0.01 s.
2.0.Hp: A trace with 1 cycles was found. [0.01 s]
INFO (IPF047): 2.0.Hp: The cover property "ahb3liten.u_checker._assert_5:precondition1" was covered in 1 cycles in 0.01 s.
2.0.Hp: A trace with 1 cycles was found. [0.01 s]
INFO (IPF047): 2.0.Hp: The cover property "ahb3liten.u_checker._assert_7:precondition1" was covered in 1 cycles in 0.01 s.
2.0.Hp: A trace with 1 cycles was found. [0.01 s]
INFO (IPF047): 2.0.Hp: The cover property "ahb3liten.u_assumptions.assume_valid_haddr:witness1" was covered in 1 cycles in 0.01 s.
INFO (IPF047): 2.0.Hp: The cover property "ahb3liten.u_assumptions.assume_align_halfword:witness1" was covered in 1 cycles in 0.01 s.
INFO (IPF047): 2.0.Hp: The cover property "ahb3liten.u_assumptions.assume_burst_len_wrap8:precondition1" was covered in 1 cycles in 0.01 s.
INFO (IPF047): 2.0.Hp: The cover property "ahb3liten.u_assumptions.assume_valid_haddr:precondition1" was covered in 1 cycles in 0.01 s.
INFO (IPF047): 2.0.Hp: The cover property "ahb3liten.u_assumptions.assume_align_halfword:precondition1" was covered in 1 cycles in 0.01 s.
2.0.Hp: A trace with 1 cycles was found. [0.01 s]
INFO (IPF047): 2.0.Hp: The cover property "ahb3liten.u_assumptions.assume_align_word:witness1" was covered in 1 cycles in 0.02 s.
INFO (IPF047): 2.0.Hp: The cover property "ahb3liten.u_assumptions.assume_align_word:precondition1" was covered in 1 cycles in 0.02 s.
2.0.Ht: Proofgrid shell started at 24166@pc9(local) jg_27470_pc9_12
2: ProofGrid is temporarily paused because there are too many pending traces.
2: ProofGrid is resuming to work after pausing for 0.02s. The amount of pending traces decreased.
2.0.Hp: A trace with 1 cycles was found. [0.01 s]
INFO (IPF047): 2.0.Hp: The cover property "ahb3liten.u_assumptions.assume_1kb_boundary:witness1" was covered in 1 cycles in 0.02 s.
INFO (IPF047): 2.0.Hp: The cover property "ahb3liten.u_assumptions.assume_1kb_boundary:precondition1" was covered in 1 cycles in 0.02 s.
INFO (IPF047): 2.0.Hp: The cover property "ahb3liten.u_assumptions.assume_no_seq_after_idle:witness1" was covered in 1 cycles in 0.02 s.
INFO (IPF047): 2.0.Hp: The cover property "ahb3liten.u_assumptions.assume_no_seq_after_idle:precondition1" was covered in 1 cycles in 0.02 s.
INFO (IPF047): 2.0.Hp: The cover property "ahb3liten.u_assumptions.assume_const_hsize_burst:witness1" was covered in 1 cycles in 0.02 s.
INFO (IPF047): 2.0.Hp: The cover property "ahb3liten.u_assumptions.assume_const_hburst_burst:witness1" was covered in 1 cycles in 0.02 s.
INFO (IPF047): 2.0.Hp: The cover property "ahb3liten.u_assumptions.assume_const_hsize_burst:precondition1" was covered in 1 cycles in 0.02 s.
INFO (IPF047): 2.0.Hp: The cover property "ahb3liten.u_assumptions.assume_const_hwrite_burst:witness1" was covered in 1 cycles in 0.02 s.
INFO (IPF047): 2.0.Hp: The cover property "ahb3liten.u_assumptions.assume_const_hwrite_burst:precondition1" was covered in 1 cycles in 0.02 s.
INFO (IPF047): 2.0.Hp: The cover property "ahb3liten.u_assumptions.assume_const_hburst_burst:precondition1" was covered in 1 cycles in 0.02 s.
INFO (IPF047): 2.0.Hp: The cover property "ahb3liten.u_assumptions.assume_valid_seq_pred:witness1" was covered in 1 cycles in 0.02 s.
INFO (IPF047): 2.0.Hp: The cover property "ahb3liten.u_assumptions.assume_valid_seq_pred:precondition1" was covered in 1 cycles in 0.02 s.
2.0.Bm: pc9: Support for "CentOS Linux release 7.9.2009 (Core)" will be removed with the 2025.09 release.
2.0.Mpcustom2: pc9: Support for "CentOS Linux release 7.9.2009 (Core)" will be removed with the 2025.09 release.
2.0.Hp: A trace with 1 cycles was found. [0.01 s]
INFO (IPF047): 2.0.Hp: The cover property "ahb3liten.u_assumptions.assume_stable_haddr_wait:witness1" was covered in 1 cycles in 0.03 s.
INFO (IPF047): 2.0.Hp: The cover property "ahb3liten.u_assumptions.assume_stable_haddr_wait:precondition1" was covered in 1 cycles in 0.03 s.
INFO (IPF047): 2.0.Hp: The cover property "ahb3liten.u_assumptions.assume_stable_htrans_wait:witness1" was covered in 1 cycles in 0.03 s.
INFO (IPF047): 2.0.Hp: The cover property "ahb3liten.u_assumptions.assume_stable_hsize_wait:witness1" was covered in 1 cycles in 0.03 s.
INFO (IPF047): 2.0.Hp: The cover property "ahb3liten.u_assumptions.assume_stable_hburst_wait:witness1" was covered in 1 cycles in 0.03 s.
INFO (IPF047): 2.0.Hp: The cover property "ahb3liten.u_assumptions.assume_stable_hwrite_wait:witness1" was covered in 1 cycles in 0.03 s.
INFO (IPF047): 2.0.Hp: The cover property "ahb3liten.u_assumptions.assume_stable_hsel_wait:witness1" was covered in 1 cycles in 0.03 s.
INFO (IPF047): 2.0.Hp: The cover property "ahb3liten.u_assumptions.assume_stable_htrans_wait:precondition1" was covered in 1 cycles in 0.03 s.
INFO (IPF047): 2.0.Hp: The cover property "ahb3liten.u_assumptions.assume_stable_hsize_wait:precondition1" was covered in 1 cycles in 0.03 s.
INFO (IPF047): 2.0.Hp: The cover property "ahb3liten.u_assumptions.assume_stable_hburst_wait:precondition1" was covered in 1 cycles in 0.03 s.
INFO (IPF047): 2.0.Hp: The cover property "ahb3liten.u_assumptions.assume_stable_hwrite_wait:precondition1" was covered in 1 cycles in 0.03 s.
INFO (IPF047): 2.0.Hp: The cover property "ahb3liten.u_assumptions.assume_stable_hsel_wait:precondition1" was covered in 1 cycles in 0.03 s.
2.0.Hp: A trace with 1 cycles was found. [0.01 s]
INFO (IPF047): 2.0.Hp: The cover property "ahb3liten.u_assumptions.assume_valid_busy_pred:witness1" was covered in 1 cycles in 0.03 s.
INFO (IPF047): 2.0.Hp: The cover property "ahb3liten.u_assumptions.assume_valid_busy_pred:precondition1" was covered in 1 cycles in 0.03 s.
INFO (IPF047): 2.0.Hp: The cover property "ahb3liten.u_assumptions.assume_busy_addr_stable:witness1" was covered in 1 cycles in 0.03 s.
INFO (IPF047): 2.0.Hp: The cover property "ahb3liten.u_assumptions.assume_busy_addr_stable:precondition1" was covered in 1 cycles in 0.03 s.
2.0.Hp: A trace with 1 cycles was found. [0.01 s]
INFO (IPF047): 2.0.Hp: The cover property "ahb3liten.u_assumptions.assume_single_no_seq:witness1" was covered in 1 cycles in 0.03 s.
INFO (IPF047): 2.0.Hp: The cover property "ahb3liten.u_assumptions.assume_single_no_seq:precondition1" was covered in 1 cycles in 0.03 s.
INFO (IPF047): 2.0.Hp: The cover property "ahb3liten.u_assumptions.assume_single_no_busy:witness1" was covered in 1 cycles in 0.03 s.
INFO (IPF047): 2.0.Hp: The cover property "ahb3liten.u_assumptions.assume_single_no_busy:precondition1" was covered in 1 cycles in 0.03 s.
2.0.Hp: A trace with 1 cycles was found. [0.02 s]
INFO (IPF047): 2.0.Hp: The cover property "ahb3liten.u_assumptions.assume_burst_len_incr4:precondition1" was covered in 1 cycles in 0.04 s.
2: ProofGrid is temporarily paused because there are too many pending traces.
2: ProofGrid is resuming to work after pausing for 0.01s. The amount of pending traces decreased.
2.0.Hp: A trace with 1 cycles was found. [0.02 s]
INFO (IPF047): 2.0.Hp: The cover property "ahb3liten.u_assumptions.assume_burst_len_wrap4:precondition1" was covered in 1 cycles in 0.04 s.
2: ProofGrid is temporarily paused because there are too many pending traces.
2: ProofGrid is resuming to work after pausing for 0.01s. The amount of pending traces decreased.
2.0.Hp: A trace with 1 cycles was found. [0.02 s]
INFO (IPF047): 2.0.Hp: The cover property "ahb3liten.u_assumptions.assume_burst_len_incr8:precondition1" was covered in 1 cycles in 0.05 s.
2.0.Hp: A trace with 1 cycles was found. [0.02 s]
INFO (IPF047): 2.0.Hp: The cover property "ahb3liten.u_assumptions.assume_burst_len_incr16:precondition1" was covered in 1 cycles in 0.06 s.
2.0.Hp: A trace with 1 cycles was found. [0.02 s]
INFO (IPF047): 2.0.Hp: The cover property "ahb3liten.u_assumptions.assume_burst_len_wrap16:precondition1" was covered in 1 cycles in 0.06 s.
2.0.Hp: A trace with 1 cycles was found. [0.02 s]
INFO (IPF047): 2.0.Hp: The cover property "ahb3liten.u_assumptions.assume_incr_addr_math:witness1" was covered in 1 cycles in 0.06 s.
INFO (IPF047): 2.0.Hp: The cover property "ahb3liten.u_assumptions.assume_incr_addr_math:precondition1" was covered in 1 cycles in 0.06 s.
2.0.Hp: A trace with 1 cycles was found. [0.02 s]
INFO (IPF047): 2.0.Hp: The cover property "ahb3liten.u_assumptions.assume_wrap4_word_bound:witness1" was covered in 1 cycles in 0.06 s.
INFO (IPF047): 2.0.Hp: The cover property "ahb3liten.u_assumptions.assume_wrap4_word_bound:precondition1" was covered in 1 cycles in 0.06 s.
2: ProofGrid is temporarily paused because there are too many pending traces.
2: ProofGrid is resuming to work after pausing for 0.01s. The amount of pending traces decreased.
2.0.Hp: A trace with 1 cycles was found. [0.02 s]
INFO (IPF047): 2.0.Hp: The cover property "ahb3liten.u_assumptions.assume_wrap8_word_bound:witness1" was covered in 1 cycles in 0.07 s.
INFO (IPF047): 2.0.Hp: The cover property "ahb3liten.u_assumptions.assume_wrap8_word_bound:precondition1" was covered in 1 cycles in 0.07 s.
2: ProofGrid is temporarily paused because there are too many pending traces.
2: ProofGrid is resuming to work after pausing for 0.01s. The amount of pending traces decreased.
2.0.Hp: A trace with 1 cycles was found. [0.02 s]
INFO (IPF047): 2.0.Hp: The cover property "ahb3liten.u_assumptions.assume_wrap16_word_bound:witness1" was covered in 1 cycles in 0.08 s.
INFO (IPF047): 2.0.Hp: The cover property "ahb3liten.u_assumptions.assume_wrap16_word_bound:precondition1" was covered in 1 cycles in 0.08 s.
2.0.Hp: A trace with 1 cycles was found. [0.02 s]
INFO (IPF047): 2.0.Hp: The cover property "ahb3liten.u_assumptions.assume_wrap4_hw_bound:witness1" was covered in 1 cycles in 0.09 s.
INFO (IPF047): 2.0.Hp: The cover property "ahb3liten.u_assumptions.assume_wrap4_hw_bound:precondition1" was covered in 1 cycles in 0.09 s.
2.0.Bm: Proofgrid shell started at 24187@pc9(local) jg_27470_pc9_12
2.0.Mpcustom2: Proofgrid shell started at 24189@pc9(local) jg_27470_pc9_12
2.0.L: pc9: Support for "CentOS Linux release 7.9.2009 (Core)" will be removed with the 2025.09 release.
2.0.Hp: A proof was found: No trace exists. [0.05 s]
INFO (IPF057): 2.0.Hp: The property "ahb3liten.u_checker._assert_2" was proven in 0.09 s.
2.0.Hp: Trace Attempt  2	[0.05 s]
2.0.Hp: A trace with 2 cycles was found. [0.05 s]
INFO (IPF055): 2.0.Hp: A counterexample (cex) with 2 cycles was found for the property "ahb3liten.u_checker._assert_4" in 0.09 s.
INFO (IPF047): 2.0.Hp: The cover property "ahb3liten.u_checker._assert_4:precondition1" was covered in 2 cycles in 0.09 s.
2.0.Hp: A trace with 2 cycles was found. [0.05 s]
INFO (IPF047): 2.0.Hp: The cover property "ahb3liten.u_checker._assert_4:witness1" was covered in 2 cycles in 0.10 s.
2.0.Ht: clocks: 1, declared: 1, looping: 0, posedge: 1, negedge: 0, noedge: 0, bothedge: 0
2.0.Bm: clocks: 1, declared: 1, looping: 0, posedge: 1, negedge: 0, noedge: 0, bothedge: 0
2.0.Mpcustom2: clocks: 1, declared: 1, looping: 0, posedge: 1, negedge: 0, noedge: 0, bothedge: 0
2.0.Bm: Trace Attempt  1	[0.00 s]
2.0.Mpcustom2: Trace Attempt  1	[0.00 s]
2.0.Ht: Trace Attempt  1	[0.05 s]
2.0.Ht: Trace Attempt  2	[0.05 s]
2.0.Mpcustom2: Trace Attempt  2	[0.01 s]
2.0.Bm: Trace Attempt  2	[0.01 s]
2.0.Bm: Trace Attempt  3	[0.01 s]
2.0.Bm: A trace with 3 cycles was found. [0.01 s]
INFO (IPF055): 2.0.Bm: A counterexample (cex) with 3 cycles was found for the property "ahb3liten.u_checker._assert_5" in 0.01 s.
2: ProofGrid is temporarily paused because there are too many pending traces.
2: ProofGrid is resuming to work after pausing for 0.01s. The amount of pending traces decreased.
2.0.Bm: A trace with 3 cycles was found. [0.01 s]
INFO (IPF047): 2.0.Bm: The cover property "ahb3liten.u_checker._assert_5:witness1" was covered in 3 cycles in 0.02 s.
2.0.L: Proofgrid shell started at 24191@pc9(local) jg_27470_pc9_12
2.0.Hp: Trace Attempt  3	[0.10 s]
2: ProofGrid is temporarily paused because there are too many pending traces.
2: ProofGrid is resuming to work after pausing for 0.02s. The amount of pending traces decreased.
2.0.Hp: A trace with 3 cycles was found. [0.10 s]
INFO (IPF055): 2.0.Hp: A counterexample (cex) with 3 cycles was found for the property "ahb3liten.u_checker._assert_7" in 0.12 s.
2.0.Hp: A trace with 3 cycles was found. [0.10 s]
INFO (IPF047): 2.0.Hp: The cover property "ahb3liten.u_checker._assert_7:witness1" was covered in 3 cycles in 0.12 s.
2.0.Ht: Trace Attempt  3	[0.07 s]
2.0.Bm: Trace Attempt  4	[0.01 s]
2.0.Bm: A trace with 4 cycles was found. [0.02 s]
INFO (IPF047): 2.0.Bm: The cover property "ahb3liten.u_assumptions.assume_burst_len_incr4:witness1" was covered in 4 cycles in 0.02 s.
2.0.Bm: A trace with 4 cycles was found. [0.02 s]
INFO (IPF047): 2.0.Bm: The cover property "ahb3liten.u_assumptions.assume_burst_len_wrap4:witness1" was covered in 4 cycles in 0.02 s.
2.0.Bm: Trace Attempt  5	[0.02 s]
2.0.Bm: Trace Attempt  8	[0.02 s]
2.0.Bm: A trace with 8 cycles was found. [0.02 s]
INFO (IPF047): 2.0.Bm: The cover property "ahb3liten.u_assumptions.assume_burst_len_incr8:witness1" was covered in 8 cycles in 0.03 s.
2.0.Bm: Outbound connection closed
2.0.Mpcustom2: Trace Attempt  3	[0.04 s]
2.0.Mpcustom2: Trace Attempt  3	[0.05 s]
2.0.Oh: pc9: Support for "CentOS Linux release 7.9.2009 (Core)" will be removed with the 2025.09 release.
2.0.N: pc9: Support for "CentOS Linux release 7.9.2009 (Core)" will be removed with the 2025.09 release.
2.0.B: pc9: Support for "CentOS Linux release 7.9.2009 (Core)" will be removed with the 2025.09 release.
2.0.AM: pc9: Support for "CentOS Linux release 7.9.2009 (Core)" will be removed with the 2025.09 release.
2.0.Hp: Trace Attempt  4	[0.12 s]
2.0.Ht: Trace Attempt  4	[0.09 s]
2.0.Ht: Trace Attempt  5	[0.09 s]
2.0.Ht: Trace Attempt  8	[0.09 s]
2.0.Ht: A trace with 8 cycles was found. [0.09 s]
INFO (IPF047): 2.0.Ht: The cover property "ahb3liten.u_assumptions.assume_burst_len_wrap8:witness1" was covered in 8 cycles in 0.04 s.
2.0.Ht: Trace Attempt  9	[0.09 s]
2.0.Bm: Trace Attempt  9	[0.03 s]
2: ProofGrid is temporarily paused because there are too many pending traces.
2: ProofGrid is resuming to work after pausing for 0.01s. The amount of pending traces decreased.
2.0.Bm: Trace Attempt 16	[0.04 s]
2.0.Bm: A trace with 16 cycles was found. [0.04 s]
INFO (IPF047): 2.0.Bm: The cover property "ahb3liten.u_assumptions.assume_burst_len_incr16:witness1" was covered in 16 cycles in 0.05 s.
2.0.Bm: A trace with 16 cycles was found. [0.04 s]
INFO (IPF047): 2.0.Bm: The cover property "ahb3liten.u_assumptions.assume_burst_len_wrap16:witness1" was covered in 16 cycles in 0.05 s.
2.0.Bm: All properties determined. [0.05 s]
INFO (IPF144): 2: Initiating shutdown of proof [0.15 s]
2.0.Hp: Requesting engine job to terminate
2.0.Mpcustom2: Requesting engine job to terminate
2.0.Oh: Requesting engine job to terminate
2.0.B: Requesting engine job to terminate
2.0.N: Requesting engine job to terminate
2.0.AM: Requesting engine job to terminate
2.0.Bm: Requesting engine job to terminate
2.0.L: Requesting engine job to terminate
2.0.Ht: Requesting engine job to terminate
2.0.Ht: Outbound connection closed
2.0.Bm: Outbound connection closed
2.0.Ht: Outbound connection closed
2.0.Bm: Outbound connection closed
2.0.Ht: Outbound connection closed
2.0.Mpcustom2: Trace Attempt  3	[0.05 s]
2.0.Mpcustom2: Trace Attempt  4	[0.06 s]
2.0.Mpcustom2: Trace Attempt  5	[0.06 s]
2.0.L: clocks: 1, declared: 1, looping: 0, posedge: 1, negedge: 0, noedge: 0, bothedge: 0
2.0.L: Using trace diversification with seed 1 (0.05)
2.0.L: Using LRU state removal heuristic
2.0.L: Using states from traces to { (reset) }
2.0.L: Trace Attempt  3	[0.03 s]
2.0.Ht: Trace Attempt 16	[0.10 s]
2.0.Ht: All properties determined. [0.10 s]
2.0.Bm: Exited with Success (@ 0.15 s)
2: ProofGrid usable level: 0
2.0.Ht: Exited with Success (@ 0.15 s)
2.0.Hp: Interrupted (multi)
2.0.Hp: All properties determined. [0.00 s]
2.0.Mpcustom2: All properties determined. [0.00 s]
2.0.Hp: Exited with Success (@ 0.15 s)
2.0.Oh: Proofgrid shell started at 24190@pc9(local) jg_27470_pc9_12
2.0.Mpcustom2: Exited with Success (@ 0.16 s)
2.0.Oh: Preventing job from starting because proof is shutting down.
2.0.Oh: Interrupted. [0.00 s]
2.0.N: Proofgrid shell started at 24194@pc9(local) jg_27470_pc9_12
2.0.N: Preventing job from starting because proof is shutting down.
2.0.Oh: Exited with Success (@ 0.16 s)
2.0.N: Interrupted. [0.00 s]
2.0.N: Exited with Success (@ 0.17 s)
2.0.L: Interrupted. [0.00 s]
2.0.B: Proofgrid shell started at 24220@pc9(local) jg_27470_pc9_12
2.0.L: Exited with Success (@ 0.17 s)
2.0.B: Preventing job from starting because proof is shutting down.
2.0.B: Interrupted. [0.00 s]
2.0.B: Exited with Success (@ 0.17 s)
2.0.AM: Proofgrid shell started at 24223@pc9(local) jg_27470_pc9_12
2.0.AM: Preventing job from starting because proof is shutting down.
2.0.AM: Interrupted. [0.00 s]
2.0.AM: Exited with Success (@ 0.18 s)
2: --------------------------------------------------------------
ProofGrid Summary (utilization 27.93 %)
--------------------------------------------------------------
     engines started                               :     9
     engine jobs started                           :     9

    Time in state (seconds)
    --------------------------------------------
               Pending     Running        Dead
    --------------------------------------------
    min           0.00        0.00        0.00
    mean          0.10        0.04        0.00
    median        0.11        0.02        0.00
    max           0.15        0.15        0.00
    sum           0.94        0.36        0.00

    Data read    : 225.87 kiB
    Data written : 4.57 kiB

INFO (IPF180): 2: ProofGrid utilization: 27.93% slot-seconds: 0.36
2: ProofGrid usable level: 0
2: All pending notifications were processed.
2: ProofGrid was paused 8 times for a total of 0.108 seconds
INFO (IPF059): 2: Completed proof on task: "<embedded>"

==============================================================
SUMMARY
==============================================================
           Properties Considered              : 91
                 assertions                   : 8
                  - proven                    : 5 (62.5%)
                  - bounded_proven (user)     : 0 (0%)
                  - bounded_proven (auto)     : 0 (0%)
                  - marked_proven             : 0 (0%)
                  - cex                       : 3 (37.5%)
                  - ar_cex                    : 0 (0%)
                  - undetermined              : 0 (0%)
                  - unknown                   : 0 (0%)
                  - error                     : 0 (0%)
                 covers                       : 83
                  - unreachable               : 6 (7.22892%)
                  - bounded_unreachable (user): 0 (0%)
                  - covered                   : 77 (92.7711%)
                  - ar_covered                : 0 (0%)
                  - undetermined              : 0 (0%)
                  - unknown                   : 0 (0%)
                  - error                     : 0 (0%)
determined
determined
[<embedded>] % visualize -violation -property <embedded>::ahb3liten.u_checker._assert_4 -new_window
INFO (IVS015): Setting Visualize task to "<embedded>".
INFO (IVS008): Expanding analysis region to enable visualization of "<embedded>::ahb3liten.u_checker._assert_4".
cex
[<embedded>] % visualize -violation -property <embedded>::ahb3liten.u_checker._assert_5 -new_window
INFO (IVS015): Setting Visualize task to "<embedded>".
INFO (IVS008): Expanding analysis region to enable visualization of "<embedded>::ahb3liten.u_checker._assert_5".
cex
[<embedded>] % include scripts/fpv_setup.tcl
%% # =========================================================
%% # AHB-Lite SRAM Formal Verification Setup
%% # Role B - EE5214
%% # =========================================================
%% 
%% clear -all
INFO (IPF121): Cleared environment completely for new design analysis.
%% 
%% set ROOT [pwd]
/home/Abid.Hussain/verification/3.AHB-Lite-project
%% 
%% set top ahb3liten
ahb3liten
%% 
%% # -----------------------------
%% # STEP 1: PACKAGE FIRST (VERY IMPORTANT)
%% # -----------------------------
%% analyze -sv09 $ROOT/packages/ahb3lite_pkg.sv
[-- (VERI-1482)] Analyzing Verilog file '/mnt/cadence_tools/installs/JASPER25/lib/verilog/packages/std/std.sv' into library 'std'
[-- (VERI-1482)] Analyzing Verilog file '/home/Abid.Hussain/verification/3.AHB-Lite-project/packages/ahb3lite_pkg.sv'
%% 
%% # -----------------------------
%% # STEP 2: RTL
%% # -----------------------------
%% analyze -sv09 $ROOT/rtl/mem.sv
[-- (VERI-1482)] Analyzing Verilog file '/home/Abid.Hussain/verification/3.AHB-Lite-project/rtl/mem.sv'
%% analyze -sv09 $ROOT/rtl/design.sv
[-- (VERI-1482)] Analyzing Verilog file '/home/Abid.Hussain/verification/3.AHB-Lite-project/rtl/design.sv'
%% 
%% # -----------------------------
%% # STEP 3: SVA
%% # -----------------------------
%% analyze -sv09 $ROOT/sva/ahb_checker.sv
[-- (VERI-1482)] Analyzing Verilog file '/home/Abid.Hussain/verification/3.AHB-Lite-project/sva/ahb_checker.sv'
%% analyze -sv09 $ROOT/sva/ahb_assumptions.sv
[-- (VERI-1482)] Analyzing Verilog file '/home/Abid.Hussain/verification/3.AHB-Lite-project/sva/ahb_assumptions.sv'
%% #analyze -sv09 $ROOT/sva/ahb_cover.sv
%% 
%% # -----------------------------
%% # STEP 4: BIND
%% # -----------------------------
%% analyze -sv09 $ROOT/bind/bind_ahb.sv
[-- (VERI-1482)] Analyzing Verilog file '/home/Abid.Hussain/verification/3.AHB-Lite-project/bind/bind_ahb.sv'
%% 
%% # -----------------------------
%% # ELABORATE
%% # -----------------------------
%% elaborate -top $top -create_related_covers {precondition witness}
INFO (ISW003): Top module name is "ahb3liten".
[INFO (HIER-8002)] /home/Abid.Hussain/verification/3.AHB-Lite-project/rtl/design.sv(297): Disabling old hierarchical reference handler
[INFO (VERI-1018)] /home/Abid.Hussain/verification/3.AHB-Lite-project/rtl/mem.sv(1): compiling module 'mem:(ABITS=8)'
[INFO (VERI-2571)] /home/Abid.Hussain/verification/3.AHB-Lite-project/rtl/mem.sv(25): extracting RAM for identifier 'mem_array'
[WARN (VERI-9033)] /home/Abid.Hussain/verification/3.AHB-Lite-project/rtl/mem.sv(25): array mem_array (size 8192) automatically BLACK-BOXED. Use the "elaborate -bbox_a" command to prevent automatic black-boxing.
[INFO (VERI-1018)] /home/Abid.Hussain/verification/3.AHB-Lite-project/sva/ahb_checker.sv(6): compiling module 'ahb_checker'
[WARN (VERI-1796)] /home/Abid.Hussain/verification/3.AHB-Lite-project/sva/ahb_checker.sv(55): system function call isunknown with non-constant argument is not supported for synthesis
[WARN (VERI-1796)] /home/Abid.Hussain/verification/3.AHB-Lite-project/sva/ahb_checker.sv(55): system function call isunknown with non-constant argument is not supported for synthesis
[INFO (VERI-1018)] /home/Abid.Hussain/verification/3.AHB-Lite-project/sva/ahb_assumptions.sv(7): compiling module 'ahb_assumptions'
[WARN (VERI-1796)] /home/Abid.Hussain/verification/3.AHB-Lite-project/sva/ahb_assumptions.sv(65): system function call isunknown with non-constant argument is not supported for synthesis
[WARN (VERI-1796)] /home/Abid.Hussain/verification/3.AHB-Lite-project/sva/ahb_assumptions.sv(74): system function call isunknown with non-constant argument is not supported for synthesis
[WARN (VERI-1796)] /home/Abid.Hussain/verification/3.AHB-Lite-project/sva/ahb_assumptions.sv(83): system function call isunknown with non-constant argument is not supported for synthesis
[WARN (VERI-1796)] /home/Abid.Hussain/verification/3.AHB-Lite-project/sva/ahb_assumptions.sv(92): system function call isunknown with non-constant argument is not supported for synthesis
[INFO (VERI-1018)] /home/Abid.Hussain/verification/3.AHB-Lite-project/rtl/design.sv(1): compiling module 'ahb3liten'
[WARN (VERI-1209)] /home/Abid.Hussain/verification/3.AHB-Lite-project/rtl/design.sv(113): expression size 16 truncated to fit in target size 7
[WARN (VERI-1959)] /home/Abid.Hussain/verification/3.AHB-Lite-project/rtl/design.sv(155): left shift count >= width of value
[WARN (VERI-1959)] /home/Abid.Hussain/verification/3.AHB-Lite-project/rtl/design.sv(156): left shift count >= width of value
[WARN (VERI-1959)] /home/Abid.Hussain/verification/3.AHB-Lite-project/rtl/design.sv(157): left shift count >= width of value
[WARN (VERI-1209)] /home/Abid.Hussain/verification/3.AHB-Lite-project/rtl/design.sv(126): expression size 32 truncated to fit in target size 16
[WARN (VERI-1209)] /home/Abid.Hussain/verification/3.AHB-Lite-project/rtl/design.sv(127): expression size 32 truncated to fit in target size 16
[WARN (VERI-1209)] /home/Abid.Hussain/verification/3.AHB-Lite-project/rtl/design.sv(128): expression size 32 truncated to fit in target size 16
[WARN (VERI-1209)] /home/Abid.Hussain/verification/3.AHB-Lite-project/rtl/design.sv(129): expression size 32 truncated to fit in target size 16
[WARN (VERI-1209)] /home/Abid.Hussain/verification/3.AHB-Lite-project/rtl/design.sv(130): expression size 32 truncated to fit in target size 16
[WARN (VERI-1209)] /home/Abid.Hussain/verification/3.AHB-Lite-project/rtl/design.sv(131): expression size 32 truncated to fit in target size 16
[WARN (VERI-1209)] /home/Abid.Hussain/verification/3.AHB-Lite-project/rtl/design.sv(132): expression size 32 truncated to fit in target size 16
[WARN (VERI-1209)] /home/Abid.Hussain/verification/3.AHB-Lite-project/rtl/design.sv(133): expression size 32 truncated to fit in target size 16
INFO (INL208): Elaboration synthesis summary:
  Number of synthesized netlists          5 (1 packages)
  Single run mode                         On
  Pipeline                                On (4 pipelined netlists)
  Late hierarchical reference connection  On
  Number of analyzed Verilog modules      6 (5 synthesized)
  Number of analyzed VHDL entities        0 (0 synthesized)
  Advanced Incremental run mode           Off
INFO (INL003): Clearing all state information (assumes, stopats, and so forth).
ahb3liten
%% 
%% # -----------------------------
%% # CLOCK / RESET
%% # -----------------------------
%% clock HCLK
%% reset !HRESETn
INFO (IPM031): Clearing proof results of all properties.
INFO (IRS006): Current reset condition is "HRESETn".
%% 
%% # -----------------------------
%% # PROVE
%% # -----------------------------
%% prove -all
INFO (IPF036): Starting proof on task: "<embedded>", 91 properties to prove with 0 already proven/unreachable
INFO (IRS029): Starting reset analysis: phase 1 of 4.
INFO (IRS030): Running reset analysis: phase 2 of 4.
INFO (IRS031): Running reset analysis: phase 3 of 4.
INFO (IRS020): Starting the reset analysis simulation with a limit of 100 iterations (phase 4 of 4).
INFO (ISIM006): Running simulation: {mode = single, probe = all}.
INFO (IRS024): Reset iterations 0 to 4 analyzed.
INFO (ISIM008): Simulation is processing trace data. Total number of nets in analysis 5295.
INFO (IRS018): Reset analysis simulation executed for 3 iterations. Assigned values for 2 of 113 design flops, 0 of 0 design latches, 366 of 670 internal elements.
INFO (IRS039): Reset analysis complete.
INFO (IPF031): Settings used for proof thread 2:
    orchestration                      = on
    time_limit                         = 86400s
    per_property_time_limit            = 1s * 10 ^ scan
    engine_mode                        = auto
    proofgrid_per_engine_max_jobs      = 1
    max engine jobs                    = auto
    proofgrid_mode                     = local
    proofgrid_restarts                 = 10
2.0.PRE: A proof was found: No trace exists. [0.00 s]
INFO (IPF057): 2.0.PRE: The property "ahb3liten.u_checker._assert_1" was proven in 0.00 s.
2.0.PRE: A proof was found: No trace exists. [0.00 s]
INFO (IPF051): 2.0.PRE: The cover property "ahb3liten.u_checker._assert_1:witness1" was proven unreachable in 0.00 s.
2.0.PRE: A proof was found: No trace exists. [0.00 s]
INFO (IPF051): 2.0.PRE: The cover property "ahb3liten.u_checker._assert_1:precondition1" was proven unreachable in 0.00 s.
2.0.PRE: A proof was found: No trace exists. [0.00 s]
INFO (IPF057): 2.0.PRE: The property "ahb3liten.u_checker._assert_3" was proven in 0.00 s.
2.0.PRE: A proof was found: No trace exists. [0.00 s]
INFO (IPF057): 2.0.PRE: The property "ahb3liten.u_checker._assert_8" was proven in 0.00 s.
2.0.PRE: A proof was found: No trace exists. [0.00 s]
INFO (IPF051): 2.0.PRE: The cover property "ahb3liten.u_checker._assert_8:witness1" was proven unreachable in 0.00 s.
2.0.PRE: A proof was found: No trace exists. [0.00 s]
INFO (IPF051): 2.0.PRE: The cover property "ahb3liten.u_checker._assert_8:precondition1" was proven unreachable in 0.00 s.
2.0.PRE: A proof was found: No trace exists. [0.00 s]
INFO (IPF051): 2.0.PRE: The cover property "ahb3liten.u_assumptions.assume_reset_htrans:witness1" was proven unreachable in 0.00 s.
2.0.PRE: A proof was found: No trace exists. [0.00 s]
INFO (IPF051): 2.0.PRE: The cover property "ahb3liten.u_assumptions.assume_reset_htrans:precondition1" was proven unreachable in 0.00 s.
2: Found proofs for 9 properties in preprocessing
2: Using multistage preprocessing
2: Starting reduce
2: Finished reduce in 0.006s
2.0.PRE: Performing Proof Simplification...
2.0.Hp: clocks: 1, declared: 1, looping: 0, posedge: 1, negedge: 0, noedge: 0, bothedge: 0
2.0.Hp: Proof Simplification Iteration 1	[0.00 s]
2.0.Hp: A max_length bound was found. The shortest trace is no longer than 1 cycles. [0.00 s]
INFO (IPF008): 2.0.Hp: A max_length bound of 1 was found for the property "ahb3liten.u_checker._assert_3:witness1" in 0.00 s.
2.0.Hp: A max_length bound was found. The shortest trace is no longer than 1 cycles. [0.00 s]
INFO (IPF008): 2.0.Hp: A max_length bound of 1 was found for the property "ahb3liten.u_checker._assert_6:witness1" in 0.00 s.
2.0.Hp: A max_length bound was found. The shortest trace is no longer than 1 cycles. [0.00 s]
INFO (IPF008): 2.0.Hp: A max_length bound of 1 was found for the property "ahb3liten.u_checker._assert_6:precondition1" in 0.00 s.
2.0.Hp: A max_length bound was found. The shortest trace is no longer than 1 cycles. [0.00 s]
INFO (IPF008): 2.0.Hp: A max_length bound of 1 was found for the property "ahb3liten.u_assumptions.assume_valid_htrans:witness1" in 0.00 s.
2.0.Hp: A max_length bound was found. The shortest trace is no longer than 1 cycles. [0.00 s]
INFO (IPF008): 2.0.Hp: A max_length bound of 1 was found for the property "ahb3liten.u_assumptions.assume_valid_hburst:witness1" in 0.00 s.
2.0.Hp: A max_length bound was found. The shortest trace is no longer than 1 cycles. [0.00 s]
INFO (IPF008): 2.0.Hp: A max_length bound of 1 was found for the property "ahb3liten.u_assumptions.assume_valid_hsize:witness1" in 0.00 s.
2.0.Hp: A max_length bound was found. The shortest trace is no longer than 1 cycles. [0.00 s]
INFO (IPF008): 2.0.Hp: A max_length bound of 1 was found for the property "ahb3liten.u_assumptions.assume_valid_hwrite:witness1" in 0.00 s.
2.0.Hp: A max_length bound was found. The shortest trace is no longer than 1 cycles. [0.00 s]
INFO (IPF008): 2.0.Hp: A max_length bound of 1 was found for the property "ahb3liten.u_assumptions.assume_valid_hsel:witness1" in 0.00 s.
2.0.Hp: A max_length bound was found. The shortest trace is no longer than 1 cycles. [0.00 s]
INFO (IPF008): 2.0.Hp: A max_length bound of 1 was found for the property "ahb3liten.u_assumptions.assume_valid_hready:witness1" in 0.00 s.
2.0.Hp: Proof Simplification Iteration 2	[0.00 s]
2.0.Hp: Proof Simplification Iteration 3	[0.00 s]
2.0.Hp: Proof Simplification Iteration 4	[0.01 s]
2.0.Hp: Proof Simplification Iteration 5	[0.01 s]
2.0.Hp: Proof Simplification Iteration 6	[0.01 s]
2.0.Hp: Proof Simplification Iteration 7	[0.01 s]
2.0.Hp: Proof Simplification Iteration 8	[0.01 s]
2.0.Hp: Proof Simplification Iteration 9	[0.01 s]
2.0.PRE: A proof was found: No trace exists. [0.00 s]
INFO (IPF057): 2.0.PRE: The property "ahb3liten.u_checker._assert_6" was proven in 0.00 s.
2.0.Hp: Proof Simplification Iteration 10	[0.01 s]
2.0.Hp: Proof Simplification Iteration 11	[0.01 s]
2.0.PRE: Proof Simplification completed in 0.02 s
2.0.Hp: Identified and disabled 21 duplicated targets.
2: About to start ProofGrid in its own thread with a limit of 10000 pending notifications and a limit of 10 traces.
2: ============================= ProofGrid (v3) start =============================
2: ProofGrid usable level: 60
2: Initial ProofGrid level: 1
2: ProofGrid is starting event handling
2: Computed task hash in 0.00ss
2.0.Hp: pc9: Support for "CentOS Linux release 7.9.2009 (Core)" will be removed with the 2025.09 release.
2.0.Ht: pc9: Support for "CentOS Linux release 7.9.2009 (Core)" will be removed with the 2025.09 release.
2: ProofGrid usable level: 60
2.0.Hp: Proofgrid shell started at 25519@pc9(local) jg_27470_pc9_13
2: ProofGrid usable level: 60
2: ProofGrid usable level: 60
2.0.Hp: clocks: 1, declared: 1, looping: 0, posedge: 1, negedge: 0, noedge: 0, bothedge: 0
2: ProofGrid usable level: 60
2: ProofGrid usable level: 60
2.0.Hp: Trace Attempt  1	[0.01 s]
2.0.Hp: A trace with 1 cycles was found. [0.01 s]
INFO (IPF047): 2.0.Hp: The cover property "ahb3liten.u_checker._assert_2:witness1" was covered in 1 cycles in 0.02 s.
INFO (IPF047): 2.0.Hp: The cover property "ahb3liten.u_checker._assert_2:precondition1" was covered in 1 cycles in 0.02 s.
INFO (IPF047): 2.0.Hp: The cover property "ahb3liten.u_checker._assert_3:witness1" was covered in 1 cycles in 0.02 s.
INFO (IPF047): 2.0.Hp: The cover property "ahb3liten.u_checker._assert_6:witness1" was covered in 1 cycles in 0.02 s.
INFO (IPF047): 2.0.Hp: The cover property "ahb3liten.u_checker._assert_6:precondition1" was covered in 1 cycles in 0.02 s.
INFO (IPF047): 2.0.Hp: The cover property "ahb3liten.u_assumptions.assume_valid_htrans:witness1" was covered in 1 cycles in 0.02 s.
INFO (IPF047): 2.0.Hp: The cover property "ahb3liten.u_assumptions.assume_valid_hburst:witness1" was covered in 1 cycles in 0.02 s.
INFO (IPF047): 2.0.Hp: The cover property "ahb3liten.u_assumptions.assume_valid_hsize:witness1" was covered in 1 cycles in 0.02 s.
INFO (IPF047): 2.0.Hp: The cover property "ahb3liten.u_assumptions.assume_valid_hwrite:witness1" was covered in 1 cycles in 0.02 s.
INFO (IPF047): 2.0.Hp: The cover property "ahb3liten.u_assumptions.assume_valid_hsel:witness1" was covered in 1 cycles in 0.02 s.
INFO (IPF047): 2.0.Hp: The cover property "ahb3liten.u_assumptions.assume_valid_hready:witness1" was covered in 1 cycles in 0.02 s.
2.0.Hp: A trace with 1 cycles was found. [0.01 s]
INFO (IPF047): 2.0.Hp: The cover property "ahb3liten.u_checker._assert_5:precondition1" was covered in 1 cycles in 0.02 s.
2.0.Hp: A trace with 1 cycles was found. [0.01 s]
INFO (IPF047): 2.0.Hp: The cover property "ahb3liten.u_checker._assert_7:precondition1" was covered in 1 cycles in 0.03 s.
2.0.Hp: A trace with 1 cycles was found. [0.01 s]
INFO (IPF047): 2.0.Hp: The cover property "ahb3liten.u_assumptions.assume_valid_haddr:witness1" was covered in 1 cycles in 0.03 s.
INFO (IPF047): 2.0.Hp: The cover property "ahb3liten.u_assumptions.assume_align_halfword:witness1" was covered in 1 cycles in 0.03 s.
INFO (IPF047): 2.0.Hp: The cover property "ahb3liten.u_assumptions.assume_valid_haddr:precondition1" was covered in 1 cycles in 0.03 s.
INFO (IPF047): 2.0.Hp: The cover property "ahb3liten.u_assumptions.assume_align_halfword:precondition1" was covered in 1 cycles in 0.03 s.
2.0.Hp: A trace with 1 cycles was found. [0.01 s]
INFO (IPF047): 2.0.Hp: The cover property "ahb3liten.u_assumptions.assume_align_word:witness1" was covered in 1 cycles in 0.03 s.
INFO (IPF047): 2.0.Hp: The cover property "ahb3liten.u_assumptions.assume_align_word:precondition1" was covered in 1 cycles in 0.03 s.
2: ProofGrid is temporarily paused because there are too many pending traces.
2: ProofGrid is resuming to work after pausing for 0.03s. The amount of pending traces decreased.
2.0.Hp: A trace with 1 cycles was found. [0.01 s]
INFO (IPF047): 2.0.Hp: The cover property "ahb3liten.u_assumptions.assume_1kb_boundary:witness1" was covered in 1 cycles in 0.04 s.
INFO (IPF047): 2.0.Hp: The cover property "ahb3liten.u_assumptions.assume_1kb_boundary:precondition1" was covered in 1 cycles in 0.04 s.
INFO (IPF047): 2.0.Hp: The cover property "ahb3liten.u_assumptions.assume_no_seq_after_idle:witness1" was covered in 1 cycles in 0.04 s.
INFO (IPF047): 2.0.Hp: The cover property "ahb3liten.u_assumptions.assume_no_seq_after_idle:precondition1" was covered in 1 cycles in 0.04 s.
INFO (IPF047): 2.0.Hp: The cover property "ahb3liten.u_assumptions.assume_const_hsize_burst:witness1" was covered in 1 cycles in 0.04 s.
INFO (IPF047): 2.0.Hp: The cover property "ahb3liten.u_assumptions.assume_const_hburst_burst:witness1" was covered in 1 cycles in 0.04 s.
INFO (IPF047): 2.0.Hp: The cover property "ahb3liten.u_assumptions.assume_const_hsize_burst:precondition1" was covered in 1 cycles in 0.04 s.
INFO (IPF047): 2.0.Hp: The cover property "ahb3liten.u_assumptions.assume_const_hwrite_burst:witness1" was covered in 1 cycles in 0.04 s.
INFO (IPF047): 2.0.Hp: The cover property "ahb3liten.u_assumptions.assume_const_hwrite_burst:precondition1" was covered in 1 cycles in 0.04 s.
INFO (IPF047): 2.0.Hp: The cover property "ahb3liten.u_assumptions.assume_const_hburst_burst:precondition1" was covered in 1 cycles in 0.04 s.
INFO (IPF047): 2.0.Hp: The cover property "ahb3liten.u_assumptions.assume_valid_seq_pred:witness1" was covered in 1 cycles in 0.04 s.
INFO (IPF047): 2.0.Hp: The cover property "ahb3liten.u_assumptions.assume_valid_seq_pred:precondition1" was covered in 1 cycles in 0.04 s.
2.0.Ht: Proofgrid shell started at 25539@pc9(local) jg_27470_pc9_13
2.0.Oh: pc9: Support for "CentOS Linux release 7.9.2009 (Core)" will be removed with the 2025.09 release.
2.0.Hp: A trace with 1 cycles was found. [0.01 s]
INFO (IPF047): 2.0.Hp: The cover property "ahb3liten.u_assumptions.assume_stable_haddr_wait:witness1" was covered in 1 cycles in 0.04 s.
INFO (IPF047): 2.0.Hp: The cover property "ahb3liten.u_assumptions.assume_stable_haddr_wait:precondition1" was covered in 1 cycles in 0.04 s.
INFO (IPF047): 2.0.Hp: The cover property "ahb3liten.u_assumptions.assume_stable_htrans_wait:witness1" was covered in 1 cycles in 0.04 s.
INFO (IPF047): 2.0.Hp: The cover property "ahb3liten.u_assumptions.assume_stable_hsize_wait:witness1" was covered in 1 cycles in 0.04 s.
INFO (IPF047): 2.0.Hp: The cover property "ahb3liten.u_assumptions.assume_stable_hburst_wait:witness1" was covered in 1 cycles in 0.04 s.
INFO (IPF047): 2.0.Hp: The cover property "ahb3liten.u_assumptions.assume_stable_hwrite_wait:witness1" was covered in 1 cycles in 0.04 s.
INFO (IPF047): 2.0.Hp: The cover property "ahb3liten.u_assumptions.assume_stable_hsel_wait:witness1" was covered in 1 cycles in 0.04 s.
INFO (IPF047): 2.0.Hp: The cover property "ahb3liten.u_assumptions.assume_stable_htrans_wait:precondition1" was covered in 1 cycles in 0.04 s.
INFO (IPF047): 2.0.Hp: The cover property "ahb3liten.u_assumptions.assume_stable_hsize_wait:precondition1" was covered in 1 cycles in 0.04 s.
INFO (IPF047): 2.0.Hp: The cover property "ahb3liten.u_assumptions.assume_stable_hburst_wait:precondition1" was covered in 1 cycles in 0.04 s.
INFO (IPF047): 2.0.Hp: The cover property "ahb3liten.u_assumptions.assume_stable_hwrite_wait:precondition1" was covered in 1 cycles in 0.04 s.
INFO (IPF047): 2.0.Hp: The cover property "ahb3liten.u_assumptions.assume_stable_hsel_wait:precondition1" was covered in 1 cycles in 0.04 s.
2.0.Hp: A trace with 1 cycles was found. [0.01 s]
INFO (IPF047): 2.0.Hp: The cover property "ahb3liten.u_assumptions.assume_valid_busy_pred:witness1" was covered in 1 cycles in 0.05 s.
INFO (IPF047): 2.0.Hp: The cover property "ahb3liten.u_assumptions.assume_valid_busy_pred:precondition1" was covered in 1 cycles in 0.05 s.
INFO (IPF047): 2.0.Hp: The cover property "ahb3liten.u_assumptions.assume_busy_addr_stable:witness1" was covered in 1 cycles in 0.05 s.
INFO (IPF047): 2.0.Hp: The cover property "ahb3liten.u_assumptions.assume_busy_addr_stable:precondition1" was covered in 1 cycles in 0.05 s.
2.0.Hp: A trace with 1 cycles was found. [0.01 s]
INFO (IPF047): 2.0.Hp: The cover property "ahb3liten.u_assumptions.assume_single_no_seq:witness1" was covered in 1 cycles in 0.05 s.
INFO (IPF047): 2.0.Hp: The cover property "ahb3liten.u_assumptions.assume_single_no_seq:precondition1" was covered in 1 cycles in 0.05 s.
INFO (IPF047): 2.0.Hp: The cover property "ahb3liten.u_assumptions.assume_single_no_busy:witness1" was covered in 1 cycles in 0.05 s.
INFO (IPF047): 2.0.Hp: The cover property "ahb3liten.u_assumptions.assume_single_no_busy:precondition1" was covered in 1 cycles in 0.05 s.
2.0.Hp: A trace with 1 cycles was found. [0.01 s]
INFO (IPF047): 2.0.Hp: The cover property "ahb3liten.u_assumptions.assume_burst_len_incr4:precondition1" was covered in 1 cycles in 0.05 s.
2: ProofGrid is temporarily paused because there are too many pending traces.
2: ProofGrid is resuming to work after pausing for 0.01s. The amount of pending traces decreased.
2.0.Hp: A trace with 1 cycles was found. [0.01 s]
INFO (IPF047): 2.0.Hp: The cover property "ahb3liten.u_assumptions.assume_burst_len_wrap4:precondition1" was covered in 1 cycles in 0.06 s.
2: ProofGrid is temporarily paused because there are too many pending traces.
2: ProofGrid is resuming to work after pausing for 0.01s. The amount of pending traces decreased.
2.0.Hp: A trace with 1 cycles was found. [0.01 s]
INFO (IPF047): 2.0.Hp: The cover property "ahb3liten.u_assumptions.assume_burst_len_incr8:precondition1" was covered in 1 cycles in 0.06 s.
2.0.Hp: A trace with 1 cycles was found. [0.01 s]
INFO (IPF047): 2.0.Hp: The cover property "ahb3liten.u_assumptions.assume_burst_len_wrap8:precondition1" was covered in 1 cycles in 0.06 s.
2.0.Hp: A trace with 1 cycles was found. [0.01 s]
INFO (IPF047): 2.0.Hp: The cover property "ahb3liten.u_assumptions.assume_burst_len_incr16:precondition1" was covered in 1 cycles in 0.06 s.
2.0.Hp: A trace with 1 cycles was found. [0.01 s]
INFO (IPF047): 2.0.Hp: The cover property "ahb3liten.u_assumptions.assume_burst_len_wrap16:precondition1" was covered in 1 cycles in 0.07 s.
2.0.Hp: A trace with 1 cycles was found. [0.01 s]
INFO (IPF047): 2.0.Hp: The cover property "ahb3liten.u_assumptions.assume_incr_addr_math:witness1" was covered in 1 cycles in 0.07 s.
INFO (IPF047): 2.0.Hp: The cover property "ahb3liten.u_assumptions.assume_incr_addr_math:precondition1" was covered in 1 cycles in 0.07 s.
2: ProofGrid is temporarily paused because there are too many pending traces.
2: ProofGrid is resuming to work after pausing for 0.01s. The amount of pending traces decreased.
2.0.Hp: A trace with 1 cycles was found. [0.01 s]
INFO (IPF047): 2.0.Hp: The cover property "ahb3liten.u_assumptions.assume_wrap4_word_bound:witness1" was covered in 1 cycles in 0.07 s.
INFO (IPF047): 2.0.Hp: The cover property "ahb3liten.u_assumptions.assume_wrap4_word_bound:precondition1" was covered in 1 cycles in 0.07 s.
2.0.Hp: A trace with 1 cycles was found. [0.01 s]
INFO (IPF047): 2.0.Hp: The cover property "ahb3liten.u_assumptions.assume_wrap8_word_bound:witness1" was covered in 1 cycles in 0.07 s.
INFO (IPF047): 2.0.Hp: The cover property "ahb3liten.u_assumptions.assume_wrap8_word_bound:precondition1" was covered in 1 cycles in 0.07 s.
2.0.Hp: A trace with 1 cycles was found. [0.01 s]
INFO (IPF047): 2.0.Hp: The cover property "ahb3liten.u_assumptions.assume_wrap16_word_bound:witness1" was covered in 1 cycles in 0.07 s.
INFO (IPF047): 2.0.Hp: The cover property "ahb3liten.u_assumptions.assume_wrap16_word_bound:precondition1" was covered in 1 cycles in 0.07 s.
2.0.Hp: A trace with 1 cycles was found. [0.01 s]
INFO (IPF047): 2.0.Hp: The cover property "ahb3liten.u_assumptions.assume_wrap4_hw_bound:witness1" was covered in 1 cycles in 0.07 s.
INFO (IPF047): 2.0.Hp: The cover property "ahb3liten.u_assumptions.assume_wrap4_hw_bound:precondition1" was covered in 1 cycles in 0.07 s.
2.0.Bm: pc9: Support for "CentOS Linux release 7.9.2009 (Core)" will be removed with the 2025.09 release.
2.0.L: pc9: Support for "CentOS Linux release 7.9.2009 (Core)" will be removed with the 2025.09 release.
2.0.N: pc9: Support for "CentOS Linux release 7.9.2009 (Core)" will be removed with the 2025.09 release.
2.0.AM: pc9: Support for "CentOS Linux release 7.9.2009 (Core)" will be removed with the 2025.09 release.
2.0.Hp: A proof was found: No trace exists. [0.04 s]
INFO (IPF057): 2.0.Hp: The property "ahb3liten.u_checker._assert_2" was proven in 0.07 s.
2.0.Hp: A proof was found: No trace exists. [0.04 s]
INFO (IPF057): 2.0.Hp: The property "ahb3liten.u_checker._assert_4" was proven in 0.07 s.
2.0.Hp: Trace Attempt  2	[0.04 s]
2.0.Hp: A trace with 2 cycles was found. [0.04 s]
INFO (IPF047): 2.0.Hp: The cover property "ahb3liten.u_checker._assert_4:witness1" was covered in 2 cycles in 0.07 s.
INFO (IPF047): 2.0.Hp: The cover property "ahb3liten.u_checker._assert_4:precondition1" was covered in 2 cycles in 0.07 s.
2: ProofGrid is temporarily paused because there are too many pending traces.
2: ProofGrid is resuming to work after pausing for 0.01s. The amount of pending traces decreased.
2.0.Ht: clocks: 1, declared: 1, looping: 0, posedge: 1, negedge: 0, noedge: 0, bothedge: 0
2.0.Ht: Trace Attempt  1	[0.04 s]
2.0.Ht: Trace Attempt  2	[0.04 s]
2.0.Ht: Trace Attempt  3	[0.04 s]
2.0.Ht: A trace with 3 cycles was found. [0.04 s]
INFO (IPF055): 2.0.Ht: A counterexample (cex) with 3 cycles was found for the property "ahb3liten.u_checker._assert_5" in 0.00 s.
2.0.Bm: Proofgrid shell started at 25560@pc9(local) jg_27470_pc9_13
2.0.B: pc9: Support for "CentOS Linux release 7.9.2009 (Core)" will be removed with the 2025.09 release.
2.0.Ht: A trace with 3 cycles was found. [0.04 s]
INFO (IPF047): 2.0.Ht: The cover property "ahb3liten.u_checker._assert_5:witness1" was covered in 3 cycles in 0.00 s.
2.0.Ht: A trace with 3 cycles was found. [0.04 s]
INFO (IPF055): 2.0.Ht: A counterexample (cex) with 3 cycles was found for the property "ahb3liten.u_checker._assert_7" in 0.01 s.
2.0.Ht: A trace with 3 cycles was found. [0.04 s]
INFO (IPF047): 2.0.Ht: The cover property "ahb3liten.u_checker._assert_7:witness1" was covered in 3 cycles in 0.01 s.
2.0.Bm: clocks: 1, declared: 1, looping: 0, posedge: 1, negedge: 0, noedge: 0, bothedge: 0
2.0.Ht: Trace Attempt  4	[0.04 s]
2.0.Bm: Trace Attempt  1	[0.00 s]
2.0.Bm: Trace Attempt  2	[0.01 s]
2.0.Bm: Trace Attempt  3	[0.01 s]
2.0.Bm: Trace Attempt  4	[0.01 s]
2.0.Ht: A trace with 4 cycles was found. [0.04 s]
INFO (IPF047): 2.0.Ht: The cover property "ahb3liten.u_assumptions.assume_burst_len_incr4:witness1" was covered in 4 cycles in 0.02 s.
2.0.L: Proofgrid shell started at 25564@pc9(local) jg_27470_pc9_13
2.0.Ht: A trace with 4 cycles was found. [0.06 s]
INFO (IPF047): 2.0.Ht: The cover property "ahb3liten.u_assumptions.assume_burst_len_wrap4:witness1" was covered in 4 cycles in 0.03 s.
2.0.Ht: Trace Attempt  5	[0.06 s]
2.0.Bm: Trace Attempt  5	[0.02 s]
2.0.Ht: Trace Attempt  8	[0.06 s]
2.0.Ht: A trace with 8 cycles was found. [0.06 s]
INFO (IPF047): 2.0.Ht: The cover property "ahb3liten.u_assumptions.assume_burst_len_incr8:witness1" was covered in 8 cycles in 0.05 s.
2.0.AM: Proofgrid shell started at 25572@pc9(local) jg_27470_pc9_13
2.0.N: Proofgrid shell started at 25569@pc9(local) jg_27470_pc9_13
2.0.AM: clocks: 1, declared: 1, looping: 0, posedge: 1, negedge: 0, noedge: 0, bothedge: 0
2.0.L: clocks: 1, declared: 1, looping: 0, posedge: 1, negedge: 0, noedge: 0, bothedge: 0
2.0.Bm: Trace Attempt  8	[0.02 s]
2.0.Bm: A trace with 8 cycles was found. [0.03 s]
INFO (IPF047): 2.0.Bm: The cover property "ahb3liten.u_assumptions.assume_burst_len_wrap8:witness1" was covered in 8 cycles in 0.05 s.
2.0.Bm: Trace Attempt  9	[0.03 s]
2.0.L: Using trace diversification with seed 1 (0.05)
2.0.L: Using LRU state removal heuristic
2.0.L: Using states from traces to { (reset) }
2.0.L: Trace Attempt  3	[0.01 s]
2.0.Ht: Trace Attempt  9	[0.07 s]
2.0.Oh: Proofgrid shell started at 25563@pc9(local) jg_27470_pc9_13
2.0.N: clocks: 1, declared: 1, looping: 0, posedge: 1, negedge: 0, noedge: 0, bothedge: 0
2: Running jobs with 7 threads on "pc9" with 6 cores (limit exceeded with 0.Oh).
2: Running jobs with 7 threads on "pc9" with 6 cores (limit exceeded with 0.Oh).
2.0.Oh: clocks: 1, declared: 1, looping: 0, posedge: 1, negedge: 0, noedge: 0, bothedge: 0
2.0.Ht: Trace Attempt 16	[0.08 s]
2.0.Ht: A trace with 16 cycles was found. [0.08 s]
INFO (IPF047): 2.0.Ht: The cover property "ahb3liten.u_assumptions.assume_burst_len_incr16:witness1" was covered in 16 cycles in 0.06 s.
2.0.Oh: bwd trail(1): 1 0.00191911s
2.0.L: Using states from traces to { ahb3liten.u_checker._assert_4:witness1 (2) }
2.0.Oh: All properties either determined or skipped. [0.01 s]
2.0.L: Trace Attempt  3	[0.02 s]
2.0.Ht: A trace with 16 cycles was found. [0.08 s]
INFO (IPF047): 2.0.Ht: The cover property "ahb3liten.u_assumptions.assume_burst_len_wrap16:witness1" was covered in 16 cycles in 0.06 s.
2.0.Ht: All properties determined. [0.09 s]
INFO (IPF144): 2: Initiating shutdown of proof [0.13 s]
2.0.N: Requesting engine job to terminate
2.0.B: Requesting engine job to terminate
2.0.Hp: Requesting engine job to terminate
2.0.Oh: Requesting engine job to terminate
2.0.Mpcustom2: Requesting engine job to terminate
2.0.AM: Requesting engine job to terminate
2.0.L: Requesting engine job to terminate
2.0.Ht: Requesting engine job to terminate
2.0.Bm: Requesting engine job to terminate
2.0.Oh: Outbound connection closed
2.0.Oh: Exited with Success (@ 0.13 s)
2: ProofGrid usable level: 0
2.0.N: All properties determined. [0.01 s]
2.0.AM: All properties determined. [0.02 s]
2.0.Hp: Interrupted (multi)
2.0.Hp: All properties determined. [0.00 s]
2.0.N: Exited with Success (@ 0.13 s)
2.0.AM: Exited with Success (@ 0.13 s)
2.0.Hp: Exited with Success (@ 0.14 s)
2.0.L: All properties determined. [0.00 s]
2.0.Ht: Exited with Success (@ 0.14 s)
2.0.L: Exited with Success (@ 0.14 s)
2.0.Bm: Trace Attempt 16	[0.04 s]
2.0.Bm: All properties determined. [0.00 s]
2.0.Mpcustom2: pc9: Support for "CentOS Linux release 7.9.2009 (Core)" will be removed with the 2025.09 release.
2.0.B: Proofgrid shell started at 25571@pc9(local) jg_27470_pc9_13
2.0.Bm: Exited with Success (@ 0.14 s)
2.0.B: Preventing job from starting because proof is shutting down.
2.0.B: Interrupted. [0.00 s]
2.0.Mpcustom2: Proofgrid shell started at 25562@pc9(local) jg_27470_pc9_13
2.0.B: Exited with Success (@ 0.17 s)
2.0.Mpcustom2: Preventing job from starting because proof is shutting down.
2.0.Mpcustom2: Interrupted. [0.00 s]
2.0.Mpcustom2: Exited with Success (@ 0.17 s)
2: --------------------------------------------------------------
ProofGrid Summary (utilization 25.86 %)
--------------------------------------------------------------
     engines started                               :     9
     engine jobs started                           :     9

    Time in state (seconds)
    --------------------------------------------
               Pending     Running        Dead
    --------------------------------------------
    min           0.00        0.00        0.00
    mean          0.10        0.03        0.00
    median        0.10        0.02        0.00
    max           0.13        0.13        0.00
    sum           0.86        0.30        0.00

    Data read    : 156.83 kiB
    Data written : 6.11 kiB

INFO (IPF180): 2: ProofGrid utilization: 25.86% slot-seconds: 0.30
2: ProofGrid usable level: 0
2: All pending notifications were processed.
2: ProofGrid was paused 5 times for a total of 0.07 seconds
INFO (IPF059): 2: Completed proof on task: "<embedded>"

==============================================================
SUMMARY
==============================================================
           Properties Considered              : 91
                 assertions                   : 8
                  - proven                    : 6 (75%)
                  - bounded_proven (user)     : 0 (0%)
                  - bounded_proven (auto)     : 0 (0%)
                  - marked_proven             : 0 (0%)
                  - cex                       : 2 (25%)
                  - ar_cex                    : 0 (0%)
                  - undetermined              : 0 (0%)
                  - unknown                   : 0 (0%)
                  - error                     : 0 (0%)
                 covers                       : 83
                  - unreachable               : 6 (7.22892%)
                  - bounded_unreachable (user): 0 (0%)
                  - covered                   : 77 (92.7711%)
                  - ar_covered                : 0 (0%)
                  - undetermined              : 0 (0%)
                  - unknown                   : 0 (0%)
                  - error                     : 0 (0%)
determined
determined
[<embedded>] % visualize -violation -property <embedded>::ahb3liten.u_checker._assert_5 -new_window
INFO (IVS015): Setting Visualize task to "<embedded>".
INFO (IVS008): Expanding analysis region to enable visualization of "<embedded>::ahb3liten.u_checker._assert_5".
cex
[<embedded>] % visualize -violation -property <embedded>::ahb3liten.u_checker._assert_5 -new_window
INFO (IVS015): Setting Visualize task to "<embedded>".
INFO (IVS008): Expanding analysis region to enable visualization of "<embedded>::ahb3liten.u_checker._assert_5".
cex
[<embedded>] % include scripts/fpv_setup.tcl
%% # =========================================================
%% # AHB-Lite SRAM Formal Verification Setup
%% # Role B - EE5214
%% # =========================================================
%% 
%% clear -all
INFO (IPF121): Cleared environment completely for new design analysis.
%% 
%% set ROOT [pwd]
/home/Abid.Hussain/verification/3.AHB-Lite-project
%% 
%% set top ahb3liten
ahb3liten
%% 
%% # -----------------------------
%% # STEP 1: PACKAGE FIRST (VERY IMPORTANT)
%% # -----------------------------
%% analyze -sv09 $ROOT/packages/ahb3lite_pkg.sv
[-- (VERI-1482)] Analyzing Verilog file '/mnt/cadence_tools/installs/JASPER25/lib/verilog/packages/std/std.sv' into library 'std'
[-- (VERI-1482)] Analyzing Verilog file '/home/Abid.Hussain/verification/3.AHB-Lite-project/packages/ahb3lite_pkg.sv'
%% 
%% # -----------------------------
%% # STEP 2: RTL
%% # -----------------------------
%% analyze -sv09 $ROOT/rtl/mem.sv
[-- (VERI-1482)] Analyzing Verilog file '/home/Abid.Hussain/verification/3.AHB-Lite-project/rtl/mem.sv'
%% analyze -sv09 $ROOT/rtl/design.sv
[-- (VERI-1482)] Analyzing Verilog file '/home/Abid.Hussain/verification/3.AHB-Lite-project/rtl/design.sv'
%% 
%% # -----------------------------
%% # STEP 3: SVA
%% # -----------------------------
%% analyze -sv09 $ROOT/sva/ahb_checker.sv
[-- (VERI-1482)] Analyzing Verilog file '/home/Abid.Hussain/verification/3.AHB-Lite-project/sva/ahb_checker.sv'
%% analyze -sv09 $ROOT/sva/ahb_assumptions.sv
[-- (VERI-1482)] Analyzing Verilog file '/home/Abid.Hussain/verification/3.AHB-Lite-project/sva/ahb_assumptions.sv'
%% #analyze -sv09 $ROOT/sva/ahb_cover.sv
%% 
%% # -----------------------------
%% # STEP 4: BIND
%% # -----------------------------
%% analyze -sv09 $ROOT/bind/bind_ahb.sv
[-- (VERI-1482)] Analyzing Verilog file '/home/Abid.Hussain/verification/3.AHB-Lite-project/bind/bind_ahb.sv'
%% 
%% # -----------------------------
%% # ELABORATE
%% # -----------------------------
%% elaborate -top $top -create_related_covers {precondition witness}
INFO (ISW003): Top module name is "ahb3liten".
[INFO (HIER-8002)] /home/Abid.Hussain/verification/3.AHB-Lite-project/rtl/design.sv(297): Disabling old hierarchical reference handler
[INFO (VERI-1018)] /home/Abid.Hussain/verification/3.AHB-Lite-project/rtl/mem.sv(1): compiling module 'mem:(ABITS=8)'
[INFO (VERI-2571)] /home/Abid.Hussain/verification/3.AHB-Lite-project/rtl/mem.sv(25): extracting RAM for identifier 'mem_array'
[WARN (VERI-9033)] /home/Abid.Hussain/verification/3.AHB-Lite-project/rtl/mem.sv(25): array mem_array (size 8192) automatically BLACK-BOXED. Use the "elaborate -bbox_a" command to prevent automatic black-boxing.
[INFO (VERI-1018)] /home/Abid.Hussain/verification/3.AHB-Lite-project/sva/ahb_checker.sv(6): compiling module 'ahb_checker'
[WARN (VERI-1796)] /home/Abid.Hussain/verification/3.AHB-Lite-project/sva/ahb_checker.sv(55): system function call isunknown with non-constant argument is not supported for synthesis
[WARN (VERI-1796)] /home/Abid.Hussain/verification/3.AHB-Lite-project/sva/ahb_checker.sv(55): system function call isunknown with non-constant argument is not supported for synthesis
[INFO (VERI-1018)] /home/Abid.Hussain/verification/3.AHB-Lite-project/sva/ahb_assumptions.sv(7): compiling module 'ahb_assumptions'
[WARN (VERI-1796)] /home/Abid.Hussain/verification/3.AHB-Lite-project/sva/ahb_assumptions.sv(65): system function call isunknown with non-constant argument is not supported for synthesis
[WARN (VERI-1796)] /home/Abid.Hussain/verification/3.AHB-Lite-project/sva/ahb_assumptions.sv(74): system function call isunknown with non-constant argument is not supported for synthesis
[WARN (VERI-1796)] /home/Abid.Hussain/verification/3.AHB-Lite-project/sva/ahb_assumptions.sv(83): system function call isunknown with non-constant argument is not supported for synthesis
[WARN (VERI-1796)] /home/Abid.Hussain/verification/3.AHB-Lite-project/sva/ahb_assumptions.sv(92): system function call isunknown with non-constant argument is not supported for synthesis
[INFO (VERI-1018)] /home/Abid.Hussain/verification/3.AHB-Lite-project/rtl/design.sv(1): compiling module 'ahb3liten'
[WARN (VERI-1209)] /home/Abid.Hussain/verification/3.AHB-Lite-project/rtl/design.sv(113): expression size 16 truncated to fit in target size 7
[WARN (VERI-1959)] /home/Abid.Hussain/verification/3.AHB-Lite-project/rtl/design.sv(155): left shift count >= width of value
[WARN (VERI-1959)] /home/Abid.Hussain/verification/3.AHB-Lite-project/rtl/design.sv(156): left shift count >= width of value
[WARN (VERI-1959)] /home/Abid.Hussain/verification/3.AHB-Lite-project/rtl/design.sv(157): left shift count >= width of value
[WARN (VERI-1209)] /home/Abid.Hussain/verification/3.AHB-Lite-project/rtl/design.sv(126): expression size 32 truncated to fit in target size 16
[WARN (VERI-1209)] /home/Abid.Hussain/verification/3.AHB-Lite-project/rtl/design.sv(127): expression size 32 truncated to fit in target size 16
[WARN (VERI-1209)] /home/Abid.Hussain/verification/3.AHB-Lite-project/rtl/design.sv(128): expression size 32 truncated to fit in target size 16
[WARN (VERI-1209)] /home/Abid.Hussain/verification/3.AHB-Lite-project/rtl/design.sv(129): expression size 32 truncated to fit in target size 16
[WARN (VERI-1209)] /home/Abid.Hussain/verification/3.AHB-Lite-project/rtl/design.sv(130): expression size 32 truncated to fit in target size 16
[WARN (VERI-1209)] /home/Abid.Hussain/verification/3.AHB-Lite-project/rtl/design.sv(131): expression size 32 truncated to fit in target size 16
[WARN (VERI-1209)] /home/Abid.Hussain/verification/3.AHB-Lite-project/rtl/design.sv(132): expression size 32 truncated to fit in target size 16
[WARN (VERI-1209)] /home/Abid.Hussain/verification/3.AHB-Lite-project/rtl/design.sv(133): expression size 32 truncated to fit in target size 16
INFO (INL208): Elaboration synthesis summary:
  Number of synthesized netlists          5 (1 packages)
  Single run mode                         On
  Pipeline                                On (4 pipelined netlists)
  Late hierarchical reference connection  On
  Number of analyzed Verilog modules      6 (5 synthesized)
  Number of analyzed VHDL entities        0 (0 synthesized)
  Advanced Incremental run mode           Off
INFO (INL003): Clearing all state information (assumes, stopats, and so forth).
ahb3liten
%% 
%% # -----------------------------
%% # CLOCK / RESET
%% # -----------------------------
%% clock HCLK
%% reset !HRESETn
INFO (IPM031): Clearing proof results of all properties.
INFO (IRS006): Current reset condition is "HRESETn".
%% 
%% # -----------------------------
%% # PROVE
%% # -----------------------------
%% prove -all
INFO (IPF036): Starting proof on task: "<embedded>", 88 properties to prove with 0 already proven/unreachable
INFO (IRS029): Starting reset analysis: phase 1 of 4.
INFO (IRS030): Running reset analysis: phase 2 of 4.
INFO (IRS031): Running reset analysis: phase 3 of 4.
INFO (IRS020): Starting the reset analysis simulation with a limit of 100 iterations (phase 4 of 4).
INFO (ISIM006): Running simulation: {mode = single, probe = all}.
INFO (IRS024): Reset iterations 0 to 4 analyzed.
INFO (ISIM008): Simulation is processing trace data. Total number of nets in analysis 3839.
INFO (IRS018): Reset analysis simulation executed for 3 iterations. Assigned values for 2 of 113 design flops, 0 of 0 design latches, 294 of 516 internal elements.
INFO (IRS039): Reset analysis complete.
INFO (IPF031): Settings used for proof thread 2:
    orchestration                      = on
    time_limit                         = 86400s
    per_property_time_limit            = 1s * 10 ^ scan
    engine_mode                        = auto
    proofgrid_per_engine_max_jobs      = 1
    max engine jobs                    = auto
    proofgrid_mode                     = local
    proofgrid_restarts                 = 10
2.0.PRE: A proof was found: No trace exists. [0.00 s]
INFO (IPF057): 2.0.PRE: The property "ahb3liten.u_checker._assert_1" was proven in 0.00 s.
2.0.PRE: A proof was found: No trace exists. [0.00 s]
INFO (IPF051): 2.0.PRE: The cover property "ahb3liten.u_checker._assert_1:witness1" was proven unreachable in 0.00 s.
2.0.PRE: A proof was found: No trace exists. [0.00 s]
INFO (IPF051): 2.0.PRE: The cover property "ahb3liten.u_checker._assert_1:precondition1" was proven unreachable in 0.00 s.
2.0.PRE: A proof was found: No trace exists. [0.00 s]
INFO (IPF057): 2.0.PRE: The property "ahb3liten.u_checker._assert_3" was proven in 0.00 s.
2.0.PRE: A proof was found: No trace exists. [0.00 s]
INFO (IPF057): 2.0.PRE: The property "ahb3liten.u_checker._assert_7" was proven in 0.00 s.
2.0.PRE: A proof was found: No trace exists. [0.00 s]
INFO (IPF051): 2.0.PRE: The cover property "ahb3liten.u_checker._assert_7:witness1" was proven unreachable in 0.00 s.
2.0.PRE: A proof was found: No trace exists. [0.00 s]
INFO (IPF051): 2.0.PRE: The cover property "ahb3liten.u_checker._assert_7:precondition1" was proven unreachable in 0.00 s.
2.0.PRE: A proof was found: No trace exists. [0.00 s]
INFO (IPF051): 2.0.PRE: The cover property "ahb3liten.u_assumptions.assume_reset_htrans:witness1" was proven unreachable in 0.00 s.
2.0.PRE: A proof was found: No trace exists. [0.00 s]
INFO (IPF051): 2.0.PRE: The cover property "ahb3liten.u_assumptions.assume_reset_htrans:precondition1" was proven unreachable in 0.00 s.
2: Found proofs for 9 properties in preprocessing
2: Using multistage preprocessing
2: Starting reduce
2: Finished reduce in 0.004s
2.0.PRE: Performing Proof Simplification...
2.0.Hp: clocks: 1, declared: 1, looping: 0, posedge: 1, negedge: 0, noedge: 0, bothedge: 0
2.0.Hp: Proof Simplification Iteration 1	[0.00 s]
2.0.Hp: A max_length bound was found. The shortest trace is no longer than 1 cycles. [0.00 s]
INFO (IPF008): 2.0.Hp: A max_length bound of 1 was found for the property "ahb3liten.u_checker._assert_3:witness1" in 0.00 s.
2.0.Hp: A max_length bound was found. The shortest trace is no longer than 1 cycles. [0.00 s]
INFO (IPF008): 2.0.Hp: A max_length bound of 1 was found for the property "ahb3liten.u_checker._assert_5:witness1" in 0.00 s.
2.0.Hp: A max_length bound was found. The shortest trace is no longer than 1 cycles. [0.00 s]
INFO (IPF008): 2.0.Hp: A max_length bound of 1 was found for the property "ahb3liten.u_checker._assert_5:precondition1" in 0.00 s.
2.0.Hp: A max_length bound was found. The shortest trace is no longer than 1 cycles. [0.00 s]
INFO (IPF008): 2.0.Hp: A max_length bound of 1 was found for the property "ahb3liten.u_assumptions.assume_valid_htrans:witness1" in 0.00 s.
2.0.Hp: A max_length bound was found. The shortest trace is no longer than 1 cycles. [0.00 s]
INFO (IPF008): 2.0.Hp: A max_length bound of 1 was found for the property "ahb3liten.u_assumptions.assume_valid_hburst:witness1" in 0.00 s.
2.0.Hp: A max_length bound was found. The shortest trace is no longer than 1 cycles. [0.00 s]
INFO (IPF008): 2.0.Hp: A max_length bound of 1 was found for the property "ahb3liten.u_assumptions.assume_valid_hsize:witness1" in 0.00 s.
2.0.Hp: A max_length bound was found. The shortest trace is no longer than 1 cycles. [0.00 s]
INFO (IPF008): 2.0.Hp: A max_length bound of 1 was found for the property "ahb3liten.u_assumptions.assume_valid_hwrite:witness1" in 0.00 s.
2.0.Hp: A max_length bound was found. The shortest trace is no longer than 1 cycles. [0.00 s]
INFO (IPF008): 2.0.Hp: A max_length bound of 1 was found for the property "ahb3liten.u_assumptions.assume_valid_hsel:witness1" in 0.00 s.
2.0.Hp: A max_length bound was found. The shortest trace is no longer than 1 cycles. [0.00 s]
INFO (IPF008): 2.0.Hp: A max_length bound of 1 was found for the property "ahb3liten.u_assumptions.assume_valid_hready:witness1" in 0.00 s.
2.0.Hp: Proof Simplification Iteration 2	[0.00 s]
2.0.Hp: Proof Simplification Iteration 3	[0.00 s]
2.0.Hp: Proof Simplification Iteration 4	[0.00 s]
2.0.Hp: Proof Simplification Iteration 5	[0.00 s]
2.0.Hp: Proof Simplification Iteration 6	[0.00 s]
2.0.Hp: Proof Simplification Iteration 7	[0.01 s]
2.0.Hp: Proof Simplification Iteration 8	[0.01 s]
2.0.Hp: Proof Simplification Iteration 9	[0.01 s]
2.0.PRE: A proof was found: No trace exists. [0.00 s]
INFO (IPF057): 2.0.PRE: The property "ahb3liten.u_checker._assert_5" was proven in 0.00 s.
2.0.Hp: Proof Simplification Iteration 10	[0.01 s]
2.0.Hp: Proof Simplification Iteration 11	[0.01 s]
2.0.PRE: Proof Simplification completed in 0.01 s
2.0.Hp: Identified and disabled 21 duplicated targets.
2: About to start ProofGrid in its own thread with a limit of 10000 pending notifications and a limit of 10 traces.
2: ============================= ProofGrid (v3) start =============================
2: ProofGrid usable level: 57
2: Initial ProofGrid level: 1
2: ProofGrid is starting event handling
2: Computed task hash in 0.00ss
2.0.Hp: pc9: Support for "CentOS Linux release 7.9.2009 (Core)" will be removed with the 2025.09 release.
2.0.Ht: pc9: Support for "CentOS Linux release 7.9.2009 (Core)" will be removed with the 2025.09 release.
2: ProofGrid usable level: 57
2.0.Hp: Proofgrid shell started at 27533@pc9(local) jg_27470_pc9_14
2: ProofGrid usable level: 57
2: ProofGrid usable level: 57
2.0.Hp: clocks: 1, declared: 1, looping: 0, posedge: 1, negedge: 0, noedge: 0, bothedge: 0
2: ProofGrid usable level: 57
2.0.Hp: Trace Attempt  1	[0.01 s]
2.0.Hp: A trace with 1 cycles was found. [0.01 s]
INFO (IPF047): 2.0.Hp: The cover property "ahb3liten.u_checker._assert_2:witness1" was covered in 1 cycles in 0.02 s.
INFO (IPF047): 2.0.Hp: The cover property "ahb3liten.u_checker._assert_2:precondition1" was covered in 1 cycles in 0.02 s.
INFO (IPF047): 2.0.Hp: The cover property "ahb3liten.u_checker._assert_3:witness1" was covered in 1 cycles in 0.02 s.
INFO (IPF047): 2.0.Hp: The cover property "ahb3liten.u_checker._assert_5:witness1" was covered in 1 cycles in 0.02 s.
INFO (IPF047): 2.0.Hp: The cover property "ahb3liten.u_checker._assert_5:precondition1" was covered in 1 cycles in 0.02 s.
INFO (IPF047): 2.0.Hp: The cover property "ahb3liten.u_assumptions.assume_valid_htrans:witness1" was covered in 1 cycles in 0.02 s.
INFO (IPF047): 2.0.Hp: The cover property "ahb3liten.u_assumptions.assume_valid_hburst:witness1" was covered in 1 cycles in 0.02 s.
INFO (IPF047): 2.0.Hp: The cover property "ahb3liten.u_assumptions.assume_valid_hsize:witness1" was covered in 1 cycles in 0.02 s.
INFO (IPF047): 2.0.Hp: The cover property "ahb3liten.u_assumptions.assume_valid_hwrite:witness1" was covered in 1 cycles in 0.02 s.
INFO (IPF047): 2.0.Hp: The cover property "ahb3liten.u_assumptions.assume_valid_hsel:witness1" was covered in 1 cycles in 0.02 s.
INFO (IPF047): 2.0.Hp: The cover property "ahb3liten.u_assumptions.assume_valid_hready:witness1" was covered in 1 cycles in 0.02 s.
2.0.Hp: A trace with 1 cycles was found. [0.01 s]
INFO (IPF047): 2.0.Hp: The cover property "ahb3liten.u_checker._assert_6:precondition1" was covered in 1 cycles in 0.02 s.
2.0.Hp: A trace with 1 cycles was found. [0.01 s]
INFO (IPF047): 2.0.Hp: The cover property "ahb3liten.u_assumptions.assume_valid_haddr:witness1" was covered in 1 cycles in 0.02 s.
INFO (IPF047): 2.0.Hp: The cover property "ahb3liten.u_assumptions.assume_align_word:witness1" was covered in 1 cycles in 0.02 s.
INFO (IPF047): 2.0.Hp: The cover property "ahb3liten.u_assumptions.assume_align_word:precondition1" was covered in 1 cycles in 0.02 s.
INFO (IPF047): 2.0.Hp: The cover property "ahb3liten.u_assumptions.assume_valid_haddr:precondition1" was covered in 1 cycles in 0.02 s.
2.0.Hp: A trace with 1 cycles was found. [0.01 s]
INFO (IPF047): 2.0.Hp: The cover property "ahb3liten.u_assumptions.assume_align_halfword:witness1" was covered in 1 cycles in 0.03 s.
INFO (IPF047): 2.0.Hp: The cover property "ahb3liten.u_assumptions.assume_align_halfword:precondition1" was covered in 1 cycles in 0.03 s.
2.0.Hp: A trace with 1 cycles was found. [0.01 s]
INFO (IPF047): 2.0.Hp: The cover property "ahb3liten.u_assumptions.assume_1kb_boundary:witness1" was covered in 1 cycles in 0.03 s.
INFO (IPF047): 2.0.Hp: The cover property "ahb3liten.u_assumptions.assume_1kb_boundary:precondition1" was covered in 1 cycles in 0.03 s.
INFO (IPF047): 2.0.Hp: The cover property "ahb3liten.u_assumptions.assume_no_seq_after_idle:witness1" was covered in 1 cycles in 0.03 s.
INFO (IPF047): 2.0.Hp: The cover property "ahb3liten.u_assumptions.assume_no_seq_after_idle:precondition1" was covered in 1 cycles in 0.03 s.
INFO (IPF047): 2.0.Hp: The cover property "ahb3liten.u_assumptions.assume_const_hsize_burst:witness1" was covered in 1 cycles in 0.03 s.
INFO (IPF047): 2.0.Hp: The cover property "ahb3liten.u_assumptions.assume_const_hburst_burst:witness1" was covered in 1 cycles in 0.03 s.
INFO (IPF047): 2.0.Hp: The cover property "ahb3liten.u_assumptions.assume_const_hsize_burst:precondition1" was covered in 1 cycles in 0.03 s.
INFO (IPF047): 2.0.Hp: The cover property "ahb3liten.u_assumptions.assume_const_hwrite_burst:witness1" was covered in 1 cycles in 0.03 s.
INFO (IPF047): 2.0.Hp: The cover property "ahb3liten.u_assumptions.assume_const_hwrite_burst:precondition1" was covered in 1 cycles in 0.03 s.
INFO (IPF047): 2.0.Hp: The cover property "ahb3liten.u_assumptions.assume_const_hburst_burst:precondition1" was covered in 1 cycles in 0.03 s.
INFO (IPF047): 2.0.Hp: The cover property "ahb3liten.u_assumptions.assume_valid_seq_pred:witness1" was covered in 1 cycles in 0.03 s.
INFO (IPF047): 2.0.Hp: The cover property "ahb3liten.u_assumptions.assume_valid_seq_pred:precondition1" was covered in 1 cycles in 0.03 s.
2: ProofGrid is temporarily paused because there are too many pending traces.
2: ProofGrid is resuming to work after pausing for 0.02s. The amount of pending traces decreased.
2.0.Hp: A trace with 1 cycles was found. [0.01 s]
INFO (IPF047): 2.0.Hp: The cover property "ahb3liten.u_assumptions.assume_stable_haddr_wait:witness1" was covered in 1 cycles in 0.03 s.
INFO (IPF047): 2.0.Hp: The cover property "ahb3liten.u_assumptions.assume_stable_haddr_wait:precondition1" was covered in 1 cycles in 0.03 s.
INFO (IPF047): 2.0.Hp: The cover property "ahb3liten.u_assumptions.assume_stable_htrans_wait:witness1" was covered in 1 cycles in 0.03 s.
INFO (IPF047): 2.0.Hp: The cover property "ahb3liten.u_assumptions.assume_stable_hsize_wait:witness1" was covered in 1 cycles in 0.03 s.
INFO (IPF047): 2.0.Hp: The cover property "ahb3liten.u_assumptions.assume_stable_hburst_wait:witness1" was covered in 1 cycles in 0.03 s.
INFO (IPF047): 2.0.Hp: The cover property "ahb3liten.u_assumptions.assume_stable_hwrite_wait:witness1" was covered in 1 cycles in 0.03 s.
INFO (IPF047): 2.0.Hp: The cover property "ahb3liten.u_assumptions.assume_stable_hsel_wait:witness1" was covered in 1 cycles in 0.03 s.
INFO (IPF047): 2.0.Hp: The cover property "ahb3liten.u_assumptions.assume_stable_htrans_wait:precondition1" was covered in 1 cycles in 0.03 s.
INFO (IPF047): 2.0.Hp: The cover property "ahb3liten.u_assumptions.assume_stable_hsize_wait:precondition1" was covered in 1 cycles in 0.03 s.
INFO (IPF047): 2.0.Hp: The cover property "ahb3liten.u_assumptions.assume_stable_hburst_wait:precondition1" was covered in 1 cycles in 0.03 s.
INFO (IPF047): 2.0.Hp: The cover property "ahb3liten.u_assumptions.assume_stable_hwrite_wait:precondition1" was covered in 1 cycles in 0.03 s.
INFO (IPF047): 2.0.Hp: The cover property "ahb3liten.u_assumptions.assume_stable_hsel_wait:precondition1" was covered in 1 cycles in 0.03 s.
2: ProofGrid is temporarily paused because there are too many pending traces.
2: ProofGrid is resuming to work after pausing for 0.01s. The amount of pending traces decreased.
2: ProofGrid usable level: 34
2.0.Hp: A trace with 1 cycles was found. [0.01 s]
INFO (IPF047): 2.0.Hp: The cover property "ahb3liten.u_assumptions.assume_valid_busy_pred:witness1" was covered in 1 cycles in 0.06 s.
INFO (IPF047): 2.0.Hp: The cover property "ahb3liten.u_assumptions.assume_valid_busy_pred:precondition1" was covered in 1 cycles in 0.06 s.
INFO (IPF047): 2.0.Hp: The cover property "ahb3liten.u_assumptions.assume_busy_addr_stable:witness1" was covered in 1 cycles in 0.06 s.
INFO (IPF047): 2.0.Hp: The cover property "ahb3liten.u_assumptions.assume_busy_addr_stable:precondition1" was covered in 1 cycles in 0.06 s.
2.0.Hp: A trace with 1 cycles was found. [0.01 s]
INFO (IPF047): 2.0.Hp: The cover property "ahb3liten.u_assumptions.assume_single_no_seq:witness1" was covered in 1 cycles in 0.06 s.
INFO (IPF047): 2.0.Hp: The cover property "ahb3liten.u_assumptions.assume_single_no_seq:precondition1" was covered in 1 cycles in 0.06 s.
INFO (IPF047): 2.0.Hp: The cover property "ahb3liten.u_assumptions.assume_single_no_busy:witness1" was covered in 1 cycles in 0.06 s.
INFO (IPF047): 2.0.Hp: The cover property "ahb3liten.u_assumptions.assume_single_no_busy:precondition1" was covered in 1 cycles in 0.06 s.
2.0.Hp: A trace with 1 cycles was found. [0.01 s]
INFO (IPF047): 2.0.Hp: The cover property "ahb3liten.u_assumptions.assume_burst_len_incr4:precondition1" was covered in 1 cycles in 0.06 s.
2.0.Hp: A trace with 1 cycles was found. [0.01 s]
INFO (IPF047): 2.0.Hp: The cover property "ahb3liten.u_assumptions.assume_burst_len_wrap4:precondition1" was covered in 1 cycles in 0.07 s.
2.0.Hp: A trace with 1 cycles was found. [0.01 s]
INFO (IPF047): 2.0.Hp: The cover property "ahb3liten.u_assumptions.assume_burst_len_incr8:precondition1" was covered in 1 cycles in 0.07 s.
2: ProofGrid is temporarily paused because there are too many pending traces.
2: ProofGrid is resuming to work after pausing for 0.01s. The amount of pending traces decreased.
2.0.Hp: A trace with 1 cycles was found. [0.01 s]
INFO (IPF047): 2.0.Hp: The cover property "ahb3liten.u_assumptions.assume_burst_len_wrap8:precondition1" was covered in 1 cycles in 0.08 s.
2: ProofGrid is temporarily paused because there are too many pending traces.
2: ProofGrid is resuming to work after pausing for 0.01s. The amount of pending traces decreased.
2.0.Hp: A trace with 1 cycles was found. [0.01 s]
INFO (IPF047): 2.0.Hp: The cover property "ahb3liten.u_assumptions.assume_burst_len_incr16:precondition1" was covered in 1 cycles in 0.08 s.
2.0.Hp: A trace with 1 cycles was found. [0.01 s]
INFO (IPF047): 2.0.Hp: The cover property "ahb3liten.u_assumptions.assume_burst_len_wrap16:precondition1" was covered in 1 cycles in 0.08 s.
2.0.Hp: A trace with 1 cycles was found. [0.01 s]
INFO (IPF047): 2.0.Hp: The cover property "ahb3liten.u_assumptions.assume_incr_addr_math:witness1" was covered in 1 cycles in 0.09 s.
INFO (IPF047): 2.0.Hp: The cover property "ahb3liten.u_assumptions.assume_incr_addr_math:precondition1" was covered in 1 cycles in 0.09 s.
2.0.Hp: A trace with 1 cycles was found. [0.01 s]
INFO (IPF047): 2.0.Hp: The cover property "ahb3liten.u_assumptions.assume_wrap4_word_bound:witness1" was covered in 1 cycles in 0.09 s.
INFO (IPF047): 2.0.Hp: The cover property "ahb3liten.u_assumptions.assume_wrap4_word_bound:precondition1" was covered in 1 cycles in 0.09 s.
2: ProofGrid is temporarily paused because there are too many pending traces.
2: ProofGrid is resuming to work after pausing for 0.01s. The amount of pending traces decreased.
2.0.Hp: A trace with 1 cycles was found. [0.01 s]
INFO (IPF047): 2.0.Hp: The cover property "ahb3liten.u_assumptions.assume_wrap8_word_bound:witness1" was covered in 1 cycles in 0.09 s.
INFO (IPF047): 2.0.Hp: The cover property "ahb3liten.u_assumptions.assume_wrap8_word_bound:precondition1" was covered in 1 cycles in 0.09 s.
2.0.Ht: Proofgrid shell started at 27553@pc9(local) jg_27470_pc9_14
2.0.Bm: pc9: Support for "CentOS Linux release 7.9.2009 (Core)" will be removed with the 2025.09 release.
2.0.Mpcustom2: pc9: Support for "CentOS Linux release 7.9.2009 (Core)" will be removed with the 2025.09 release.
2.0.Oh: pc9: Support for "CentOS Linux release 7.9.2009 (Core)" will be removed with the 2025.09 release.
2.0.L: pc9: Support for "CentOS Linux release 7.9.2009 (Core)" will be removed with the 2025.09 release.
2: ProofGrid is temporarily paused because there are too many pending traces.
2: ProofGrid is resuming to work after pausing for 0.01s. The amount of pending traces decreased.
2.0.Hp: A trace with 1 cycles was found. [0.01 s]
INFO (IPF047): 2.0.Hp: The cover property "ahb3liten.u_assumptions.assume_wrap16_word_bound:witness1" was covered in 1 cycles in 0.10 s.
INFO (IPF047): 2.0.Hp: The cover property "ahb3liten.u_assumptions.assume_wrap16_word_bound:precondition1" was covered in 1 cycles in 0.10 s.
2.0.Hp: A trace with 1 cycles was found. [0.01 s]
INFO (IPF047): 2.0.Hp: The cover property "ahb3liten.u_assumptions.assume_wrap4_hw_bound:witness1" was covered in 1 cycles in 0.10 s.
INFO (IPF047): 2.0.Hp: The cover property "ahb3liten.u_assumptions.assume_wrap4_hw_bound:precondition1" was covered in 1 cycles in 0.10 s.
2.0.Hp: A proof was found: No trace exists. [0.03 s]
INFO (IPF057): 2.0.Hp: The property "ahb3liten.u_checker._assert_2" was proven in 0.10 s.
2.0.Hp: Trace Attempt  2	[0.03 s]
2.0.Hp: A trace with 2 cycles was found. [0.03 s]
INFO (IPF055): 2.0.Hp: A counterexample (cex) with 2 cycles was found for the property "ahb3liten.u_checker._assert_4" in 0.10 s.
INFO (IPF047): 2.0.Hp: The cover property "ahb3liten.u_checker._assert_4:precondition1" was covered in 2 cycles in 0.10 s.
2.0.Hp: A trace with 2 cycles was found. [0.03 s]
INFO (IPF047): 2.0.Hp: The cover property "ahb3liten.u_checker._assert_4:witness1" was covered in 2 cycles in 0.10 s.
2.0.Hp: Trace Attempt  3	[0.06 s]
2: ProofGrid is temporarily paused because there are too many pending traces.
2: ProofGrid is resuming to work after pausing for 0.01s. The amount of pending traces decreased.
2.0.Hp: A trace with 3 cycles was found. [0.06 s]
INFO (IPF055): 2.0.Hp: A counterexample (cex) with 3 cycles was found for the property "ahb3liten.u_checker._assert_6" in 0.14 s.
2: ProofGrid is temporarily paused because there are too many pending traces.
2: ProofGrid is resuming to work after pausing for 0.02s. The amount of pending traces decreased.
2.0.Hp: A trace with 3 cycles was found. [0.06 s]
INFO (IPF047): 2.0.Hp: The cover property "ahb3liten.u_checker._assert_6:witness1" was covered in 3 cycles in 0.16 s.
2.0.Hp: Trace Attempt  4	[0.08 s]
2: ProofGrid is temporarily paused because there are too many pending traces.
2: ProofGrid is resuming to work after pausing for 0.01s. The amount of pending traces decreased.
2.0.Hp: A trace with 4 cycles was found. [0.08 s]
INFO (IPF047): 2.0.Hp: The cover property "ahb3liten.u_assumptions.assume_burst_len_incr4:witness1" was covered in 4 cycles in 0.18 s.
2.0.Hp: A trace with 4 cycles was found. [0.08 s]
INFO (IPF047): 2.0.Hp: The cover property "ahb3liten.u_assumptions.assume_burst_len_wrap4:witness1" was covered in 4 cycles in 0.18 s.
2.0.Bm: Proofgrid shell started at 27575@pc9(local) jg_27470_pc9_14
2.0.Mpcustom2: Proofgrid shell started at 27577@pc9(local) jg_27470_pc9_14
2.0.Oh: Proofgrid shell started at 27578@pc9(local) jg_27470_pc9_14
2.0.L: Proofgrid shell started at 27580@pc9(local) jg_27470_pc9_14
2.0.Hp: Trace Attempt  5	[0.10 s]
2.0.Bm: clocks: 1, declared: 1, looping: 0, posedge: 1, negedge: 0, noedge: 0, bothedge: 0
2.0.Ht: clocks: 1, declared: 1, looping: 0, posedge: 1, negedge: 0, noedge: 0, bothedge: 0
2.0.Mpcustom2: clocks: 1, declared: 1, looping: 0, posedge: 1, negedge: 0, noedge: 0, bothedge: 0
2.0.Oh: clocks: 1, declared: 1, looping: 0, posedge: 1, negedge: 0, noedge: 0, bothedge: 0
2.0.Ht: Trace Attempt  1	[0.05 s]
2.0.Ht: Trace Attempt  2	[0.05 s]
2.0.Ht: Trace Attempt  3	[0.05 s]
2.0.Ht: Trace Attempt  4	[0.05 s]
2.0.Ht: Trace Attempt  5	[0.05 s]
2.0.Mpcustom2: Trace Attempt  1	[0.00 s]
2.0.Mpcustom2: Trace Attempt  2	[0.00 s]
2.0.Oh: bwd trail(1): 1 0.00184407s
2.0.Oh: All properties either determined or skipped. [0.00 s]
2.0.L: clocks: 1, declared: 1, looping: 0, posedge: 1, negedge: 0, noedge: 0, bothedge: 0
2.0.Ht: Trace Attempt  8	[0.06 s]
2.0.Ht: A trace with 8 cycles was found. [0.06 s]
INFO (IPF047): 2.0.Ht: The cover property "ahb3liten.u_assumptions.assume_burst_len_incr8:witness1" was covered in 8 cycles in 0.00 s.
2: ProofGrid is temporarily paused because there are too many pending traces.
2: ProofGrid is resuming to work after pausing for 0.02s. The amount of pending traces decreased.
2.0.Ht: A trace with 8 cycles was found. [0.06 s]
INFO (IPF047): 2.0.Ht: The cover property "ahb3liten.u_assumptions.assume_burst_len_wrap8:witness1" was covered in 8 cycles in 0.00 s.
2.0.Bm: Trace Attempt  1	[0.01 s]
2.0.Bm: Trace Attempt  2	[0.01 s]
2.0.Bm: Trace Attempt  3	[0.01 s]
2.0.Bm: Trace Attempt  4	[0.01 s]
2.0.Bm: Trace Attempt  5	[0.01 s]
2.0.Mpcustom2: Trace Attempt  3	[0.01 s]
2.0.Mpcustom2: Trace Attempt  3	[0.01 s]
2.0.Mpcustom2: Trace Attempt  3	[0.02 s]
2.0.Mpcustom2: Trace Attempt  4	[0.02 s]
2.0.Mpcustom2: Trace Attempt  5	[0.02 s]
2.0.Mpcustom2: Trace Attempt  5	[0.02 s]
2.0.Mpcustom2: Trace Attempt 11	[0.03 s]
2.0.Mpcustom2: A trace with 17 cycles was found. [0.03 s]
INFO (IPF047): 2.0.Mpcustom2: The cover property "ahb3liten.u_assumptions.assume_burst_len_incr16:witness1" was covered in 17 cycles in 0.01 s.
2.0.Oh: Exited with Success (@ 0.17 s)
2.0.L: Using trace diversification with seed 1 (0.05)
2.0.L: Using LRU state removal heuristic
2.0.L: Using states from traces to { (reset) }
2.0.L: Trace Attempt  3	[0.02 s]
2.0.L: Using states from traces to { ahb3liten.u_checker._assert_4:witness1 (2) }
2.0.Ht: Trace Attempt  9	[0.06 s]
2: ProofGrid is temporarily paused because there are too many pending traces.
2: ProofGrid is resuming to work after pausing for 0.02s. The amount of pending traces decreased.
2.0.Ht: Trace Attempt 16	[0.07 s]
2.0.Ht: A trace with 16 cycles was found. [0.07 s]
INFO (IPF047): 2.0.Ht: The cover property "ahb3liten.u_assumptions.assume_burst_len_incr16:witness1" was covered in 16 cycles in 0.01 s.
2.0.Ht: A trace with 16 cycles was found. [0.07 s]
INFO (IPF047): 2.0.Ht: The cover property "ahb3liten.u_assumptions.assume_burst_len_wrap16:witness1" was covered in 16 cycles in 0.02 s.
2.0.Ht: All properties determined. [0.08 s]
INFO (IPF144): 2: Initiating shutdown of proof [0.19 s]
2.0.Ht: Requesting engine job to terminate
2.0.Bm: Requesting engine job to terminate
2.0.L: Requesting engine job to terminate
2.0.Mpcustom2: Requesting engine job to terminate
2.0.Hp: Requesting engine job to terminate
2.0.AM: Requesting engine job to terminate
2.0.N: Requesting engine job to terminate
2.0.B: Requesting engine job to terminate
2.0.Ht: Outbound connection closed
2.0.Bm: Outbound connection closed
2.0.Mpcustom2: Outbound connection closed
2.0.Ht: Outbound connection closed
2.0.Bm: Outbound connection closed
2.0.Mpcustom2: Outbound connection closed
2.0.Ht: Outbound connection closed
2.0.Bm: Outbound connection closed
2.0.Mpcustom2: Outbound connection closed
2.0.Bm: Trace Attempt 16	[0.03 s]
2.0.Bm: All properties determined. [0.04 s]
2.0.Mpcustom2: All properties determined. [0.04 s]
2.0.L: Trace Attempt  3	[0.03 s]
2.0.L: Using states from traces to { ahb3liten.u_checker._assert_4 <3> }
2.0.L: Trace Attempt  3	[0.04 s]
2.0.L: Trace Attempt  4	[0.04 s]
2.0.L: Trace Attempt  5	[0.04 s]
2.0.L: Using states from traces to { ahb3liten.u_assumptions.assume_burst_len_wrap4:witness1 (7) }
2.0.L: Trace Attempt  3	[0.05 s]
2.0.L: Trace Attempt  4	[0.05 s]
2.0.AM: pc9: Support for "CentOS Linux release 7.9.2009 (Core)" will be removed with the 2025.09 release.
2.0.Ht: Exited with Success (@ 0.19 s)
2: ProofGrid usable level: 0
2.0.Bm: Exited with Success (@ 0.19 s)
2.0.Mpcustom2: Exited with Success (@ 0.19 s)
2.0.N: pc9: Support for "CentOS Linux release 7.9.2009 (Core)" will be removed with the 2025.09 release.
2.0.L: All properties determined. [0.00 s]
2.0.Hp: Interrupted (multi)
2.0.Hp: Trace Attempt  9	[0.16 s]
2.0.Hp: All properties determined. [0.00 s]
2.0.AM: Proofgrid shell started at 27651@pc9(local) jg_27470_pc9_14
2.0.L: Exited with Success (@ 0.21 s)
2.0.AM: Preventing job from starting because proof is shutting down.
2.0.AM: Interrupted. [0.00 s]
2.0.B: pc9: Support for "CentOS Linux release 7.9.2009 (Core)" will be removed with the 2025.09 release.
2.0.Hp: Exited with Success (@ 0.21 s)
2.0.AM: Exited with Success (@ 0.21 s)
2.0.N: Proofgrid shell started at 27641@pc9(local) jg_27470_pc9_14
2.0.N: Preventing job from starting because proof is shutting down.
2.0.N: Interrupted. [0.00 s]
2.0.N: Exited with Success (@ 0.23 s)
2.0.B: Proofgrid shell started at 27650@pc9(local) jg_27470_pc9_14
2.0.B: Preventing job from starting because proof is shutting down.
2.0.B: Interrupted. [0.00 s]
2.0.B: Exited with Success (@ 0.24 s)
2: --------------------------------------------------------------
ProofGrid Summary (utilization 26.21 %)
--------------------------------------------------------------
     engines started                               :     9
     engine jobs started                           :     9

    Time in state (seconds)
    --------------------------------------------
               Pending     Running        Dead
    --------------------------------------------
    min           0.00        0.00        0.00
    mean          0.13        0.05        0.00
    median        0.14        0.05        0.00
    max           0.15        0.19        0.00
    sum           1.15        0.41        0.00

    Data read    : 148.72 kiB
    Data written : 4.19 kiB

INFO (IPF180): 2: ProofGrid utilization: 26.21% slot-seconds: 0.41
2: ProofGrid usable level: 0
2: All pending notifications were processed.
2: ProofGrid was paused 11 times for a total of 0.151 seconds
INFO (IPF059): 2: Completed proof on task: "<embedded>"

==============================================================
SUMMARY
==============================================================
           Properties Considered              : 88
                 assertions                   : 7
                  - proven                    : 5 (71.4286%)
                  - bounded_proven (user)     : 0 (0%)
                  - bounded_proven (auto)     : 0 (0%)
                  - marked_proven             : 0 (0%)
                  - cex                       : 2 (28.5714%)
                  - ar_cex                    : 0 (0%)
                  - undetermined              : 0 (0%)
                  - unknown                   : 0 (0%)
                  - error                     : 0 (0%)
                 covers                       : 81
                  - unreachable               : 6 (7.40741%)
                  - bounded_unreachable (user): 0 (0%)
                  - covered                   : 75 (92.5926%)
                  - ar_covered                : 0 (0%)
                  - undetermined              : 0 (0%)
                  - unknown                   : 0 (0%)
                  - error                     : 0 (0%)
determined
determined
[<embedded>] % include scripts/fpv_setup.tcl
%% # =========================================================
%% # AHB-Lite SRAM Formal Verification Setup
%% # Role B - EE5214
%% # =========================================================
%% 
%% clear -all
INFO (IPF121): Cleared environment completely for new design analysis.
%% 
%% set ROOT [pwd]
/home/Abid.Hussain/verification/3.AHB-Lite-project
%% 
%% set top ahb3liten
ahb3liten
%% 
%% # -----------------------------
%% # STEP 1: PACKAGE FIRST (VERY IMPORTANT)
%% # -----------------------------
%% analyze -sv09 $ROOT/packages/ahb3lite_pkg.sv
[-- (VERI-1482)] Analyzing Verilog file '/mnt/cadence_tools/installs/JASPER25/lib/verilog/packages/std/std.sv' into library 'std'
[-- (VERI-1482)] Analyzing Verilog file '/home/Abid.Hussain/verification/3.AHB-Lite-project/packages/ahb3lite_pkg.sv'
%% 
%% # -----------------------------
%% # STEP 2: RTL
%% # -----------------------------
%% analyze -sv09 $ROOT/rtl/mem.sv
[-- (VERI-1482)] Analyzing Verilog file '/home/Abid.Hussain/verification/3.AHB-Lite-project/rtl/mem.sv'
%% analyze -sv09 $ROOT/rtl/design.sv
[-- (VERI-1482)] Analyzing Verilog file '/home/Abid.Hussain/verification/3.AHB-Lite-project/rtl/design.sv'
%% 
%% # -----------------------------
%% # STEP 3: SVA
%% # -----------------------------
%% analyze -sv09 $ROOT/sva/ahb_checker.sv
[-- (VERI-1482)] Analyzing Verilog file '/home/Abid.Hussain/verification/3.AHB-Lite-project/sva/ahb_checker.sv'
%% analyze -sv09 $ROOT/sva/ahb_assumptions.sv
[-- (VERI-1482)] Analyzing Verilog file '/home/Abid.Hussain/verification/3.AHB-Lite-project/sva/ahb_assumptions.sv'
%% #analyze -sv09 $ROOT/sva/ahb_cover.sv
%% 
%% # -----------------------------
%% # STEP 4: BIND
%% # -----------------------------
%% analyze -sv09 $ROOT/bind/bind_ahb.sv
[-- (VERI-1482)] Analyzing Verilog file '/home/Abid.Hussain/verification/3.AHB-Lite-project/bind/bind_ahb.sv'
%% 
%% # -----------------------------
%% # ELABORATE
%% # -----------------------------
%% elaborate -top $top -create_related_covers {precondition witness}
INFO (ISW003): Top module name is "ahb3liten".
[INFO (HIER-8002)] /home/Abid.Hussain/verification/3.AHB-Lite-project/rtl/design.sv(297): Disabling old hierarchical reference handler
[INFO (VERI-1018)] /home/Abid.Hussain/verification/3.AHB-Lite-project/rtl/mem.sv(1): compiling module 'mem:(ABITS=8)'
[INFO (VERI-2571)] /home/Abid.Hussain/verification/3.AHB-Lite-project/rtl/mem.sv(25): extracting RAM for identifier 'mem_array'
[WARN (VERI-9033)] /home/Abid.Hussain/verification/3.AHB-Lite-project/rtl/mem.sv(25): array mem_array (size 8192) automatically BLACK-BOXED. Use the "elaborate -bbox_a" command to prevent automatic black-boxing.
[INFO (VERI-1018)] /home/Abid.Hussain/verification/3.AHB-Lite-project/sva/ahb_checker.sv(6): compiling module 'ahb_checker'
[WARN (VERI-1796)] /home/Abid.Hussain/verification/3.AHB-Lite-project/sva/ahb_checker.sv(55): system function call isunknown with non-constant argument is not supported for synthesis
[WARN (VERI-1796)] /home/Abid.Hussain/verification/3.AHB-Lite-project/sva/ahb_checker.sv(55): system function call isunknown with non-constant argument is not supported for synthesis
[INFO (VERI-1018)] /home/Abid.Hussain/verification/3.AHB-Lite-project/sva/ahb_assumptions.sv(7): compiling module 'ahb_assumptions'
[WARN (VERI-1796)] /home/Abid.Hussain/verification/3.AHB-Lite-project/sva/ahb_assumptions.sv(65): system function call isunknown with non-constant argument is not supported for synthesis
[WARN (VERI-1796)] /home/Abid.Hussain/verification/3.AHB-Lite-project/sva/ahb_assumptions.sv(74): system function call isunknown with non-constant argument is not supported for synthesis
[WARN (VERI-1796)] /home/Abid.Hussain/verification/3.AHB-Lite-project/sva/ahb_assumptions.sv(83): system function call isunknown with non-constant argument is not supported for synthesis
[WARN (VERI-1796)] /home/Abid.Hussain/verification/3.AHB-Lite-project/sva/ahb_assumptions.sv(92): system function call isunknown with non-constant argument is not supported for synthesis
[INFO (VERI-1018)] /home/Abid.Hussain/verification/3.AHB-Lite-project/rtl/design.sv(1): compiling module 'ahb3liten'
[WARN (VERI-1209)] /home/Abid.Hussain/verification/3.AHB-Lite-project/rtl/design.sv(113): expression size 16 truncated to fit in target size 7
[WARN (VERI-1959)] /home/Abid.Hussain/verification/3.AHB-Lite-project/rtl/design.sv(155): left shift count >= width of value
[WARN (VERI-1959)] /home/Abid.Hussain/verification/3.AHB-Lite-project/rtl/design.sv(156): left shift count >= width of value
[WARN (VERI-1959)] /home/Abid.Hussain/verification/3.AHB-Lite-project/rtl/design.sv(157): left shift count >= width of value
[WARN (VERI-1209)] /home/Abid.Hussain/verification/3.AHB-Lite-project/rtl/design.sv(126): expression size 32 truncated to fit in target size 16
[WARN (VERI-1209)] /home/Abid.Hussain/verification/3.AHB-Lite-project/rtl/design.sv(127): expression size 32 truncated to fit in target size 16
[WARN (VERI-1209)] /home/Abid.Hussain/verification/3.AHB-Lite-project/rtl/design.sv(128): expression size 32 truncated to fit in target size 16
[WARN (VERI-1209)] /home/Abid.Hussain/verification/3.AHB-Lite-project/rtl/design.sv(129): expression size 32 truncated to fit in target size 16
[WARN (VERI-1209)] /home/Abid.Hussain/verification/3.AHB-Lite-project/rtl/design.sv(130): expression size 32 truncated to fit in target size 16
[WARN (VERI-1209)] /home/Abid.Hussain/verification/3.AHB-Lite-project/rtl/design.sv(131): expression size 32 truncated to fit in target size 16
[WARN (VERI-1209)] /home/Abid.Hussain/verification/3.AHB-Lite-project/rtl/design.sv(132): expression size 32 truncated to fit in target size 16
[WARN (VERI-1209)] /home/Abid.Hussain/verification/3.AHB-Lite-project/rtl/design.sv(133): expression size 32 truncated to fit in target size 16
INFO (INL208): Elaboration synthesis summary:
  Number of synthesized netlists          5 (1 packages)
  Single run mode                         On
  Pipeline                                On (4 pipelined netlists)
  Late hierarchical reference connection  On
  Number of analyzed Verilog modules      6 (5 synthesized)
  Number of analyzed VHDL entities        0 (0 synthesized)
  Advanced Incremental run mode           Off
INFO (INL003): Clearing all state information (assumes, stopats, and so forth).
ahb3liten
%% 
%% # -----------------------------
%% # CLOCK / RESET
%% # -----------------------------
%% clock HCLK
%% reset !HRESETn
INFO (IPM031): Clearing proof results of all properties.
INFO (IRS006): Current reset condition is "HRESETn".
%% 
%% # -----------------------------
%% # PROVE
%% # -----------------------------
%% prove -all
INFO (IPF036): Starting proof on task: "<embedded>", 88 properties to prove with 0 already proven/unreachable
INFO (IRS029): Starting reset analysis: phase 1 of 4.
INFO (IRS030): Running reset analysis: phase 2 of 4.
INFO (IRS031): Running reset analysis: phase 3 of 4.
INFO (IRS020): Starting the reset analysis simulation with a limit of 100 iterations (phase 4 of 4).
INFO (ISIM006): Running simulation: {mode = single, probe = all}.
INFO (IRS024): Reset iterations 0 to 4 analyzed.
INFO (ISIM008): Simulation is processing trace data. Total number of nets in analysis 3839.
INFO (IRS018): Reset analysis simulation executed for 3 iterations. Assigned values for 2 of 113 design flops, 0 of 0 design latches, 294 of 516 internal elements.
INFO (IRS039): Reset analysis complete.
INFO (IPF031): Settings used for proof thread 2:
    orchestration                      = on
    time_limit                         = 86400s
    per_property_time_limit            = 1s * 10 ^ scan
    engine_mode                        = auto
    proofgrid_per_engine_max_jobs      = 1
    max engine jobs                    = auto
    proofgrid_mode                     = local
    proofgrid_restarts                 = 10
2.0.PRE: A proof was found: No trace exists. [0.00 s]
INFO (IPF057): 2.0.PRE: The property "ahb3liten.u_checker._assert_1" was proven in 0.00 s.
2.0.PRE: A proof was found: No trace exists. [0.00 s]
INFO (IPF051): 2.0.PRE: The cover property "ahb3liten.u_checker._assert_1:witness1" was proven unreachable in 0.00 s.
2.0.PRE: A proof was found: No trace exists. [0.00 s]
INFO (IPF051): 2.0.PRE: The cover property "ahb3liten.u_checker._assert_1:precondition1" was proven unreachable in 0.00 s.
2.0.PRE: A proof was found: No trace exists. [0.00 s]
INFO (IPF057): 2.0.PRE: The property "ahb3liten.u_checker._assert_3" was proven in 0.00 s.
2.0.PRE: A proof was found: No trace exists. [0.00 s]
INFO (IPF057): 2.0.PRE: The property "ahb3liten.u_checker._assert_5" was proven in 0.00 s.
2.0.PRE: A proof was found: No trace exists. [0.00 s]
INFO (IPF051): 2.0.PRE: The cover property "ahb3liten.u_checker._assert_5:witness1" was proven unreachable in 0.00 s.
2.0.PRE: A proof was found: No trace exists. [0.00 s]
INFO (IPF051): 2.0.PRE: The cover property "ahb3liten.u_checker._assert_5:precondition1" was proven unreachable in 0.00 s.
2.0.PRE: A proof was found: No trace exists. [0.00 s]
INFO (IPF051): 2.0.PRE: The cover property "ahb3liten.u_assumptions.assume_reset_htrans:witness1" was proven unreachable in 0.00 s.
2.0.PRE: A proof was found: No trace exists. [0.00 s]
INFO (IPF051): 2.0.PRE: The cover property "ahb3liten.u_assumptions.assume_reset_htrans:precondition1" was proven unreachable in 0.00 s.
2: Found proofs for 9 properties in preprocessing
2: Using multistage preprocessing
2: Starting reduce
2: Finished reduce in 0.004s
2.0.PRE: Performing Proof Simplification...
2.0.Hp: clocks: 1, declared: 1, looping: 0, posedge: 1, negedge: 0, noedge: 0, bothedge: 0
2.0.Hp: Proof Simplification Iteration 1	[0.00 s]
2.0.Hp: A max_length bound was found. The shortest trace is no longer than 1 cycles. [0.00 s]
INFO (IPF008): 2.0.Hp: A max_length bound of 1 was found for the property "ahb3liten.u_checker._assert_3:witness1" in 0.00 s.
2.0.Hp: A max_length bound was found. The shortest trace is no longer than 1 cycles. [0.00 s]
INFO (IPF008): 2.0.Hp: A max_length bound of 1 was found for the property "ahb3liten.u_checker._assert_6:witness1" in 0.00 s.
2.0.Hp: A max_length bound was found. The shortest trace is no longer than 1 cycles. [0.00 s]
INFO (IPF008): 2.0.Hp: A max_length bound of 1 was found for the property "ahb3liten.u_checker._assert_6:precondition1" in 0.00 s.
2.0.Hp: A max_length bound was found. The shortest trace is no longer than 1 cycles. [0.00 s]
INFO (IPF008): 2.0.Hp: A max_length bound of 1 was found for the property "ahb3liten.u_assumptions.assume_valid_htrans:witness1" in 0.00 s.
2.0.Hp: A max_length bound was found. The shortest trace is no longer than 1 cycles. [0.00 s]
INFO (IPF008): 2.0.Hp: A max_length bound of 1 was found for the property "ahb3liten.u_assumptions.assume_valid_hburst:witness1" in 0.00 s.
2.0.Hp: A max_length bound was found. The shortest trace is no longer than 1 cycles. [0.00 s]
INFO (IPF008): 2.0.Hp: A max_length bound of 1 was found for the property "ahb3liten.u_assumptions.assume_valid_hsize:witness1" in 0.00 s.
2.0.Hp: A max_length bound was found. The shortest trace is no longer than 1 cycles. [0.00 s]
INFO (IPF008): 2.0.Hp: A max_length bound of 1 was found for the property "ahb3liten.u_assumptions.assume_valid_hwrite:witness1" in 0.00 s.
2.0.Hp: A max_length bound was found. The shortest trace is no longer than 1 cycles. [0.00 s]
INFO (IPF008): 2.0.Hp: A max_length bound of 1 was found for the property "ahb3liten.u_assumptions.assume_valid_hsel:witness1" in 0.00 s.
2.0.Hp: A max_length bound was found. The shortest trace is no longer than 1 cycles. [0.00 s]
INFO (IPF008): 2.0.Hp: A max_length bound of 1 was found for the property "ahb3liten.u_assumptions.assume_valid_hready:witness1" in 0.00 s.
2.0.Hp: Proof Simplification Iteration 2	[0.00 s]
2.0.Hp: Proof Simplification Iteration 3	[0.00 s]
2.0.Hp: Proof Simplification Iteration 4	[0.00 s]
2.0.Hp: Proof Simplification Iteration 5	[0.01 s]
2.0.Hp: Proof Simplification Iteration 6	[0.01 s]
2.0.Hp: Proof Simplification Iteration 7	[0.01 s]
2.0.Hp: Proof Simplification Iteration 8	[0.01 s]
2.0.Hp: Proof Simplification Iteration 9	[0.01 s]
2.0.PRE: A proof was found: No trace exists. [0.00 s]
INFO (IPF057): 2.0.PRE: The property "ahb3liten.u_checker._assert_6" was proven in 0.00 s.
2.0.Hp: Proof Simplification Iteration 10	[0.01 s]
2.0.Hp: Proof Simplification Iteration 11	[0.01 s]
2.0.PRE: Proof Simplification completed in 0.01 s
2.0.Hp: Identified and disabled 21 duplicated targets.
2: About to start ProofGrid in its own thread with a limit of 10000 pending notifications and a limit of 10 traces.
2: ============================= ProofGrid (v3) start =============================
2: ProofGrid usable level: 57
2: Initial ProofGrid level: 1
2: ProofGrid is starting event handling
2: Computed task hash in 0.00ss
2.0.Hp: pc9: Support for "CentOS Linux release 7.9.2009 (Core)" will be removed with the 2025.09 release.
2.0.Ht: pc9: Support for "CentOS Linux release 7.9.2009 (Core)" will be removed with the 2025.09 release.
2: ProofGrid usable level: 57
2.0.Hp: Proofgrid shell started at 28405@pc9(local) jg_27470_pc9_15
2: ProofGrid usable level: 57
2: ProofGrid usable level: 57
2.0.Hp: clocks: 1, declared: 1, looping: 0, posedge: 1, negedge: 0, noedge: 0, bothedge: 0
2: ProofGrid usable level: 57
2: ProofGrid usable level: 57
2.0.Hp: Trace Attempt  1	[0.01 s]
2.0.Ht: Proofgrid shell started at 28427@pc9(local) jg_27470_pc9_15
2.0.Bm: pc9: Support for "CentOS Linux release 7.9.2009 (Core)" will be removed with the 2025.09 release.
2.0.Mpcustom2: pc9: Support for "CentOS Linux release 7.9.2009 (Core)" will be removed with the 2025.09 release.
2.0.Hp: A trace with 1 cycles was found. [0.01 s]
INFO (IPF047): 2.0.Hp: The cover property "ahb3liten.u_checker._assert_2:witness1" was covered in 1 cycles in 0.03 s.
INFO (IPF047): 2.0.Hp: The cover property "ahb3liten.u_checker._assert_2:precondition1" was covered in 1 cycles in 0.03 s.
INFO (IPF047): 2.0.Hp: The cover property "ahb3liten.u_checker._assert_3:witness1" was covered in 1 cycles in 0.03 s.
INFO (IPF047): 2.0.Hp: The cover property "ahb3liten.u_checker._assert_6:witness1" was covered in 1 cycles in 0.03 s.
INFO (IPF047): 2.0.Hp: The cover property "ahb3liten.u_checker._assert_6:precondition1" was covered in 1 cycles in 0.03 s.
INFO (IPF047): 2.0.Hp: The cover property "ahb3liten.u_assumptions.assume_valid_htrans:witness1" was covered in 1 cycles in 0.03 s.
INFO (IPF047): 2.0.Hp: The cover property "ahb3liten.u_assumptions.assume_valid_hburst:witness1" was covered in 1 cycles in 0.03 s.
INFO (IPF047): 2.0.Hp: The cover property "ahb3liten.u_assumptions.assume_valid_hsize:witness1" was covered in 1 cycles in 0.03 s.
INFO (IPF047): 2.0.Hp: The cover property "ahb3liten.u_assumptions.assume_valid_hwrite:witness1" was covered in 1 cycles in 0.03 s.
INFO (IPF047): 2.0.Hp: The cover property "ahb3liten.u_assumptions.assume_valid_hsel:witness1" was covered in 1 cycles in 0.03 s.
INFO (IPF047): 2.0.Hp: The cover property "ahb3liten.u_assumptions.assume_valid_hready:witness1" was covered in 1 cycles in 0.03 s.
2.0.Hp: A trace with 1 cycles was found. [0.01 s]
INFO (IPF047): 2.0.Hp: The cover property "ahb3liten.u_checker._assert_7:precondition1" was covered in 1 cycles in 0.04 s.
2.0.Hp: A trace with 1 cycles was found. [0.03 s]
INFO (IPF047): 2.0.Hp: The cover property "ahb3liten.u_assumptions.assume_valid_haddr:witness1" was covered in 1 cycles in 0.04 s.
INFO (IPF047): 2.0.Hp: The cover property "ahb3liten.u_assumptions.assume_align_word:witness1" was covered in 1 cycles in 0.04 s.
INFO (IPF047): 2.0.Hp: The cover property "ahb3liten.u_assumptions.assume_align_word:precondition1" was covered in 1 cycles in 0.04 s.
INFO (IPF047): 2.0.Hp: The cover property "ahb3liten.u_assumptions.assume_valid_haddr:precondition1" was covered in 1 cycles in 0.04 s.
2.0.Hp: A trace with 1 cycles was found. [0.03 s]
INFO (IPF047): 2.0.Hp: The cover property "ahb3liten.u_assumptions.assume_align_halfword:witness1" was covered in 1 cycles in 0.04 s.
INFO (IPF047): 2.0.Hp: The cover property "ahb3liten.u_assumptions.assume_align_halfword:precondition1" was covered in 1 cycles in 0.04 s.
2.0.Hp: A trace with 1 cycles was found. [0.03 s]
INFO (IPF047): 2.0.Hp: The cover property "ahb3liten.u_assumptions.assume_1kb_boundary:witness1" was covered in 1 cycles in 0.04 s.
INFO (IPF047): 2.0.Hp: The cover property "ahb3liten.u_assumptions.assume_1kb_boundary:precondition1" was covered in 1 cycles in 0.04 s.
INFO (IPF047): 2.0.Hp: The cover property "ahb3liten.u_assumptions.assume_no_seq_after_idle:witness1" was covered in 1 cycles in 0.04 s.
INFO (IPF047): 2.0.Hp: The cover property "ahb3liten.u_assumptions.assume_no_seq_after_idle:precondition1" was covered in 1 cycles in 0.04 s.
INFO (IPF047): 2.0.Hp: The cover property "ahb3liten.u_assumptions.assume_const_hsize_burst:witness1" was covered in 1 cycles in 0.04 s.
INFO (IPF047): 2.0.Hp: The cover property "ahb3liten.u_assumptions.assume_const_hburst_burst:witness1" was covered in 1 cycles in 0.04 s.
INFO (IPF047): 2.0.Hp: The cover property "ahb3liten.u_assumptions.assume_const_hsize_burst:precondition1" was covered in 1 cycles in 0.04 s.
INFO (IPF047): 2.0.Hp: The cover property "ahb3liten.u_assumptions.assume_const_hwrite_burst:witness1" was covered in 1 cycles in 0.04 s.
INFO (IPF047): 2.0.Hp: The cover property "ahb3liten.u_assumptions.assume_const_hwrite_burst:precondition1" was covered in 1 cycles in 0.04 s.
INFO (IPF047): 2.0.Hp: The cover property "ahb3liten.u_assumptions.assume_const_hburst_burst:precondition1" was covered in 1 cycles in 0.04 s.
INFO (IPF047): 2.0.Hp: The cover property "ahb3liten.u_assumptions.assume_valid_seq_pred:witness1" was covered in 1 cycles in 0.04 s.
INFO (IPF047): 2.0.Hp: The cover property "ahb3liten.u_assumptions.assume_valid_seq_pred:precondition1" was covered in 1 cycles in 0.04 s.
2: ProofGrid is temporarily paused because there are too many pending traces.
2: ProofGrid is resuming to work after pausing for 0.01s. The amount of pending traces decreased.
2.0.Hp: A trace with 1 cycles was found. [0.03 s]
INFO (IPF047): 2.0.Hp: The cover property "ahb3liten.u_assumptions.assume_stable_haddr_wait:witness1" was covered in 1 cycles in 0.06 s.
INFO (IPF047): 2.0.Hp: The cover property "ahb3liten.u_assumptions.assume_stable_haddr_wait:precondition1" was covered in 1 cycles in 0.06 s.
INFO (IPF047): 2.0.Hp: The cover property "ahb3liten.u_assumptions.assume_stable_htrans_wait:witness1" was covered in 1 cycles in 0.06 s.
INFO (IPF047): 2.0.Hp: The cover property "ahb3liten.u_assumptions.assume_stable_hsize_wait:witness1" was covered in 1 cycles in 0.06 s.
INFO (IPF047): 2.0.Hp: The cover property "ahb3liten.u_assumptions.assume_stable_hburst_wait:witness1" was covered in 1 cycles in 0.06 s.
INFO (IPF047): 2.0.Hp: The cover property "ahb3liten.u_assumptions.assume_stable_hwrite_wait:witness1" was covered in 1 cycles in 0.06 s.
INFO (IPF047): 2.0.Hp: The cover property "ahb3liten.u_assumptions.assume_stable_hsel_wait:witness1" was covered in 1 cycles in 0.06 s.
INFO (IPF047): 2.0.Hp: The cover property "ahb3liten.u_assumptions.assume_stable_htrans_wait:precondition1" was covered in 1 cycles in 0.06 s.
INFO (IPF047): 2.0.Hp: The cover property "ahb3liten.u_assumptions.assume_stable_hsize_wait:precondition1" was covered in 1 cycles in 0.06 s.
INFO (IPF047): 2.0.Hp: The cover property "ahb3liten.u_assumptions.assume_stable_hburst_wait:precondition1" was covered in 1 cycles in 0.06 s.
INFO (IPF047): 2.0.Hp: The cover property "ahb3liten.u_assumptions.assume_stable_hwrite_wait:precondition1" was covered in 1 cycles in 0.06 s.
INFO (IPF047): 2.0.Hp: The cover property "ahb3liten.u_assumptions.assume_stable_hsel_wait:precondition1" was covered in 1 cycles in 0.06 s.
2: ProofGrid is temporarily paused because there are too many pending traces.
2: ProofGrid is resuming to work after pausing for 0.02s. The amount of pending traces decreased.
2.0.Hp: A trace with 1 cycles was found. [0.03 s]
INFO (IPF047): 2.0.Hp: The cover property "ahb3liten.u_assumptions.assume_valid_busy_pred:witness1" was covered in 1 cycles in 0.07 s.
INFO (IPF047): 2.0.Hp: The cover property "ahb3liten.u_assumptions.assume_valid_busy_pred:precondition1" was covered in 1 cycles in 0.07 s.
INFO (IPF047): 2.0.Hp: The cover property "ahb3liten.u_assumptions.assume_busy_addr_stable:witness1" was covered in 1 cycles in 0.07 s.
INFO (IPF047): 2.0.Hp: The cover property "ahb3liten.u_assumptions.assume_busy_addr_stable:precondition1" was covered in 1 cycles in 0.07 s.
2.0.Hp: A trace with 1 cycles was found. [0.03 s]
INFO (IPF047): 2.0.Hp: The cover property "ahb3liten.u_assumptions.assume_single_no_seq:witness1" was covered in 1 cycles in 0.07 s.
INFO (IPF047): 2.0.Hp: The cover property "ahb3liten.u_assumptions.assume_single_no_seq:precondition1" was covered in 1 cycles in 0.07 s.
INFO (IPF047): 2.0.Hp: The cover property "ahb3liten.u_assumptions.assume_single_no_busy:witness1" was covered in 1 cycles in 0.07 s.
INFO (IPF047): 2.0.Hp: The cover property "ahb3liten.u_assumptions.assume_single_no_busy:precondition1" was covered in 1 cycles in 0.07 s.
2.0.Hp: A trace with 1 cycles was found. [0.03 s]
INFO (IPF047): 2.0.Hp: The cover property "ahb3liten.u_assumptions.assume_burst_len_incr4:precondition1" was covered in 1 cycles in 0.07 s.
2.0.Hp: A trace with 1 cycles was found. [0.03 s]
INFO (IPF047): 2.0.Hp: The cover property "ahb3liten.u_assumptions.assume_burst_len_wrap4:precondition1" was covered in 1 cycles in 0.07 s.
2: ProofGrid is temporarily paused because there are too many pending traces.
2: ProofGrid is resuming to work after pausing for 0.01s. The amount of pending traces decreased.
2.0.Hp: A trace with 1 cycles was found. [0.03 s]
INFO (IPF047): 2.0.Hp: The cover property "ahb3liten.u_assumptions.assume_burst_len_incr8:precondition1" was covered in 1 cycles in 0.07 s.
2: ProofGrid is temporarily paused because there are too many pending traces.
2: ProofGrid is resuming to work after pausing for 0.01s. The amount of pending traces decreased.
2.0.Hp: A trace with 1 cycles was found. [0.03 s]
INFO (IPF047): 2.0.Hp: The cover property "ahb3liten.u_assumptions.assume_burst_len_wrap8:precondition1" was covered in 1 cycles in 0.08 s.
2.0.Hp: A trace with 1 cycles was found. [0.03 s]
INFO (IPF047): 2.0.Hp: The cover property "ahb3liten.u_assumptions.assume_burst_len_incr16:precondition1" was covered in 1 cycles in 0.08 s.
2.0.Hp: A trace with 1 cycles was found. [0.03 s]
INFO (IPF047): 2.0.Hp: The cover property "ahb3liten.u_assumptions.assume_burst_len_wrap16:precondition1" was covered in 1 cycles in 0.09 s.
2.0.Hp: A trace with 1 cycles was found. [0.03 s]
INFO (IPF047): 2.0.Hp: The cover property "ahb3liten.u_assumptions.assume_incr_addr_math:witness1" was covered in 1 cycles in 0.09 s.
INFO (IPF047): 2.0.Hp: The cover property "ahb3liten.u_assumptions.assume_incr_addr_math:precondition1" was covered in 1 cycles in 0.09 s.
2.0.Hp: A trace with 1 cycles was found. [0.03 s]
INFO (IPF047): 2.0.Hp: The cover property "ahb3liten.u_assumptions.assume_wrap4_word_bound:witness1" was covered in 1 cycles in 0.09 s.
INFO (IPF047): 2.0.Hp: The cover property "ahb3liten.u_assumptions.assume_wrap4_word_bound:precondition1" was covered in 1 cycles in 0.09 s.
2: ProofGrid is temporarily paused because there are too many pending traces.
2: ProofGrid is resuming to work after pausing for 0.02s. The amount of pending traces decreased.
2.0.Hp: A trace with 1 cycles was found. [0.03 s]
INFO (IPF047): 2.0.Hp: The cover property "ahb3liten.u_assumptions.assume_wrap8_word_bound:witness1" was covered in 1 cycles in 0.10 s.
INFO (IPF047): 2.0.Hp: The cover property "ahb3liten.u_assumptions.assume_wrap8_word_bound:precondition1" was covered in 1 cycles in 0.10 s.
2.0.Bm: Proofgrid shell started at 28448@pc9(local) jg_27470_pc9_15
2.0.Mpcustom2: Proofgrid shell started at 28450@pc9(local) jg_27470_pc9_15
2.0.Oh: pc9: Support for "CentOS Linux release 7.9.2009 (Core)" will be removed with the 2025.09 release.
2.0.Oh: Proofgrid shell started at 28451@pc9(local) jg_27470_pc9_15
2.0.L: pc9: Support for "CentOS Linux release 7.9.2009 (Core)" will be removed with the 2025.09 release.
2.0.L: Proofgrid shell started at 28454@pc9(local) jg_27470_pc9_15
2.0.Hp: A trace with 1 cycles was found. [0.03 s]
INFO (IPF047): 2.0.Hp: The cover property "ahb3liten.u_assumptions.assume_wrap16_word_bound:witness1" was covered in 1 cycles in 0.10 s.
INFO (IPF047): 2.0.Hp: The cover property "ahb3liten.u_assumptions.assume_wrap16_word_bound:precondition1" was covered in 1 cycles in 0.10 s.
2.0.Hp: A trace with 1 cycles was found. [0.03 s]
INFO (IPF047): 2.0.Hp: The cover property "ahb3liten.u_assumptions.assume_wrap4_hw_bound:witness1" was covered in 1 cycles in 0.10 s.
INFO (IPF047): 2.0.Hp: The cover property "ahb3liten.u_assumptions.assume_wrap4_hw_bound:precondition1" was covered in 1 cycles in 0.10 s.
2.0.Hp: A proof was found: No trace exists. [0.05 s]
INFO (IPF057): 2.0.Hp: The property "ahb3liten.u_checker._assert_2" was proven in 0.10 s.
2.0.Hp: Trace Attempt  2	[0.05 s]
2.0.Hp: A trace with 2 cycles was found. [0.05 s]
INFO (IPF055): 2.0.Hp: A counterexample (cex) with 2 cycles was found for the property "ahb3liten.u_checker._assert_4" in 0.11 s.
INFO (IPF047): 2.0.Hp: The cover property "ahb3liten.u_checker._assert_4:precondition1" was covered in 2 cycles in 0.11 s.
2.0.Hp: A trace with 2 cycles was found. [0.05 s]
INFO (IPF047): 2.0.Hp: The cover property "ahb3liten.u_checker._assert_4:witness1" was covered in 2 cycles in 0.11 s.
2: ProofGrid is temporarily paused because there are too many pending traces.
2: ProofGrid is resuming to work after pausing for 0.02s. The amount of pending traces decreased.
2.0.Hp: Trace Attempt  3	[0.07 s]
2.0.Hp: A trace with 3 cycles was found. [0.08 s]
INFO (IPF055): 2.0.Hp: A counterexample (cex) with 3 cycles was found for the property "ahb3liten.u_checker._assert_7" in 0.12 s.
2.0.Hp: A trace with 3 cycles was found. [0.08 s]
INFO (IPF047): 2.0.Hp: The cover property "ahb3liten.u_checker._assert_7:witness1" was covered in 3 cycles in 0.12 s.
2.0.Hp: Trace Attempt  4	[0.09 s]
2.0.Hp: A trace with 4 cycles was found. [0.09 s]
INFO (IPF047): 2.0.Hp: The cover property "ahb3liten.u_assumptions.assume_burst_len_incr4:witness1" was covered in 4 cycles in 0.12 s.
2.0.Hp: A trace with 4 cycles was found. [0.09 s]
INFO (IPF047): 2.0.Hp: The cover property "ahb3liten.u_assumptions.assume_burst_len_wrap4:witness1" was covered in 4 cycles in 0.12 s.
2.0.Hp: Trace Attempt  5	[0.10 s]
2.0.Ht: clocks: 1, declared: 1, looping: 0, posedge: 1, negedge: 0, noedge: 0, bothedge: 0
2.0.Ht: Trace Attempt  1	[0.08 s]
2.0.Ht: Trace Attempt  2	[0.08 s]
2.0.Ht: Trace Attempt  3	[0.08 s]
2.0.Ht: Trace Attempt  4	[0.08 s]
2.0.Ht: Trace Attempt  5	[0.08 s]
2.0.Ht: Trace Attempt  8	[0.08 s]
2.0.Ht: A trace with 8 cycles was found. [0.09 s]
INFO (IPF047): 2.0.Ht: The cover property "ahb3liten.u_assumptions.assume_burst_len_incr8:witness1" was covered in 8 cycles in 0.00 s.
2: ProofGrid is temporarily paused because there are too many pending traces.
2: ProofGrid is resuming to work after pausing for 0.01s. The amount of pending traces decreased.
2.0.Ht: A trace with 8 cycles was found. [0.09 s]
INFO (IPF047): 2.0.Ht: The cover property "ahb3liten.u_assumptions.assume_burst_len_wrap8:witness1" was covered in 8 cycles in 0.02 s.
2.0.Ht: Trace Attempt  9	[0.09 s]
2.0.Ht: Trace Attempt 16	[0.09 s]
2.0.Ht: A trace with 16 cycles was found. [0.09 s]
INFO (IPF047): 2.0.Ht: The cover property "ahb3liten.u_assumptions.assume_burst_len_incr16:witness1" was covered in 16 cycles in 0.02 s.
2.0.Ht: A trace with 16 cycles was found. [0.09 s]
INFO (IPF047): 2.0.Ht: The cover property "ahb3liten.u_assumptions.assume_burst_len_wrap16:witness1" was covered in 16 cycles in 0.02 s.
2.0.N: pc9: Support for "CentOS Linux release 7.9.2009 (Core)" will be removed with the 2025.09 release.
2.0.B: pc9: Support for "CentOS Linux release 7.9.2009 (Core)" will be removed with the 2025.09 release.
2.0.Ht: Outbound connection closed
2.0.Ht: All properties determined. [0.09 s]
INFO (IPF144): 2: Initiating shutdown of proof [0.14 s]
2.0.Oh: Requesting engine job to terminate
2.0.Bm: Requesting engine job to terminate
2.0.Ht: Requesting engine job to terminate
2.0.Hp: Requesting engine job to terminate
2.0.L: Requesting engine job to terminate
2.0.Mpcustom2: Requesting engine job to terminate
2.0.N: Requesting engine job to terminate
2.0.B: Requesting engine job to terminate
2.0.AM: Requesting engine job to terminate
2.0.Ht: Outbound connection closed
2.0.Ht: Exited with Success (@ 0.14 s)
2: ProofGrid usable level: 0
2.0.Bm: Interrupted. [0.04 s]
2.0.Mpcustom2: Interrupted. [0.04 s]
2.0.Oh: Interrupted. [0.02 s]
2.0.L: Interrupted. [0.03 s]
2.0.Hp: Interrupted (multi)
2.0.Hp: Trace Attempt  7	[0.13 s]
2.0.Hp: All properties determined. [0.00 s]
2.0.Bm: Exited with Success (@ 0.15 s)
2.0.Oh: Exited with Success (@ 0.15 s)
2.0.N: Proofgrid shell started at 28469@pc9(local) jg_27470_pc9_15
2.0.Hp: Exited with Success (@ 0.16 s)
2.0.Mpcustom2: Exited with Success (@ 0.16 s)
2.0.L: Exited with Success (@ 0.16 s)
2.0.N: Preventing job from starting because proof is shutting down.
2.0.N: Interrupted. [0.00 s]
2.0.AM: pc9: Support for "CentOS Linux release 7.9.2009 (Core)" will be removed with the 2025.09 release.
2.0.N: Exited with Success (@ 0.17 s)
2.0.B: Proofgrid shell started at 28494@pc9(local) jg_27470_pc9_15
2.0.B: Preventing job from starting because proof is shutting down.
2.0.B: Interrupted. [0.00 s]
2.0.B: Exited with Success (@ 0.17 s)
2.0.AM: Proofgrid shell started at 28510@pc9(local) jg_27470_pc9_15
2.0.AM: Preventing job from starting because proof is shutting down.
2.0.AM: Interrupted. [0.00 s]
2.0.AM: Exited with Success (@ 0.19 s)
2: --------------------------------------------------------------
ProofGrid Summary (utilization 26.06 %)
--------------------------------------------------------------
     engines started                               :     9
     engine jobs started                           :     9

    Time in state (seconds)
    --------------------------------------------
               Pending     Running        Dead
    --------------------------------------------
    min           0.00        0.00        0.00
    mean          0.10        0.04        0.00
    median        0.11        0.04        0.00
    max           0.13        0.14        0.00
    sum           0.91        0.32        0.00

    Data read    : 132.47 kiB
    Data written : 3.38 kiB

INFO (IPF180): 2: ProofGrid utilization: 26.06% slot-seconds: 0.32
2: ProofGrid usable level: 0
2: All pending notifications were processed.
2: ProofGrid was paused 7 times for a total of 0.102 seconds
INFO (IPF059): 2: Completed proof on task: "<embedded>"

==============================================================
SUMMARY
==============================================================
           Properties Considered              : 88
                 assertions                   : 7
                  - proven                    : 5 (71.4286%)
                  - bounded_proven (user)     : 0 (0%)
                  - bounded_proven (auto)     : 0 (0%)
                  - marked_proven             : 0 (0%)
                  - cex                       : 2 (28.5714%)
                  - ar_cex                    : 0 (0%)
                  - undetermined              : 0 (0%)
                  - unknown                   : 0 (0%)
                  - error                     : 0 (0%)
                 covers                       : 81
                  - unreachable               : 6 (7.40741%)
                  - bounded_unreachable (user): 0 (0%)
                  - covered                   : 75 (92.5926%)
                  - ar_covered                : 0 (0%)
                  - undetermined              : 0 (0%)
                  - unknown                   : 0 (0%)
                  - error                     : 0 (0%)
determined
determined
[<embedded>] % visualize -violation -property <embedded>::ahb3liten.u_checker._assert_7 -new_window
INFO (IVS015): Setting Visualize task to "<embedded>".
INFO (IVS008): Expanding analysis region to enable visualization of "<embedded>::ahb3liten.u_checker._assert_7".
cex
[<embedded>] % visualize -violation -property <embedded>::ahb3liten.u_checker._assert_4 -new_window
INFO (IVS015): Setting Visualize task to "<embedded>".
INFO (IVS008): Expanding analysis region to enable visualization of "<embedded>::ahb3liten.u_checker._assert_4".
cex
[<embedded>] % include scripts/fpv_setup.tcl
%% # =========================================================
%% # AHB-Lite SRAM Formal Verification Setup
%% # Role B - EE5214
%% # =========================================================
%% 
%% clear -all
INFO (IPF121): Cleared environment completely for new design analysis.
%% 
%% set ROOT [pwd]
/home/Abid.Hussain/verification/3.AHB-Lite-project
%% 
%% set top ahb3liten
ahb3liten
%% 
%% # -----------------------------
%% # STEP 1: PACKAGE FIRST (VERY IMPORTANT)
%% # -----------------------------
%% analyze -sv09 $ROOT/packages/ahb3lite_pkg.sv
[-- (VERI-1482)] Analyzing Verilog file '/mnt/cadence_tools/installs/JASPER25/lib/verilog/packages/std/std.sv' into library 'std'
[-- (VERI-1482)] Analyzing Verilog file '/home/Abid.Hussain/verification/3.AHB-Lite-project/packages/ahb3lite_pkg.sv'
%% 
%% # -----------------------------
%% # STEP 2: RTL
%% # -----------------------------
%% analyze -sv09 $ROOT/rtl/mem.sv
[-- (VERI-1482)] Analyzing Verilog file '/home/Abid.Hussain/verification/3.AHB-Lite-project/rtl/mem.sv'
%% analyze -sv09 $ROOT/rtl/design.sv
[-- (VERI-1482)] Analyzing Verilog file '/home/Abid.Hussain/verification/3.AHB-Lite-project/rtl/design.sv'
%% 
%% # -----------------------------
%% # STEP 3: SVA
%% # -----------------------------
%% analyze -sv09 $ROOT/sva/ahb_checker.sv
[-- (VERI-1482)] Analyzing Verilog file '/home/Abid.Hussain/verification/3.AHB-Lite-project/sva/ahb_checker.sv'
%% analyze -sv09 $ROOT/sva/ahb_assumptions.sv
[-- (VERI-1482)] Analyzing Verilog file '/home/Abid.Hussain/verification/3.AHB-Lite-project/sva/ahb_assumptions.sv'
%% #analyze -sv09 $ROOT/sva/ahb_cover.sv
%% 
%% # -----------------------------
%% # STEP 4: BIND
%% # -----------------------------
%% analyze -sv09 $ROOT/bind/bind_ahb.sv
[-- (VERI-1482)] Analyzing Verilog file '/home/Abid.Hussain/verification/3.AHB-Lite-project/bind/bind_ahb.sv'
%% 
%% # -----------------------------
%% # ELABORATE
%% # -----------------------------
%% elaborate -top $top -create_related_covers {precondition witness}
INFO (ISW003): Top module name is "ahb3liten".
[INFO (HIER-8002)] /home/Abid.Hussain/verification/3.AHB-Lite-project/rtl/design.sv(297): Disabling old hierarchical reference handler
[INFO (VERI-1018)] /home/Abid.Hussain/verification/3.AHB-Lite-project/rtl/mem.sv(1): compiling module 'mem:(ABITS=8)'
[INFO (VERI-2571)] /home/Abid.Hussain/verification/3.AHB-Lite-project/rtl/mem.sv(25): extracting RAM for identifier 'mem_array'
[WARN (VERI-9033)] /home/Abid.Hussain/verification/3.AHB-Lite-project/rtl/mem.sv(25): array mem_array (size 8192) automatically BLACK-BOXED. Use the "elaborate -bbox_a" command to prevent automatic black-boxing.
[INFO (VERI-1018)] /home/Abid.Hussain/verification/3.AHB-Lite-project/sva/ahb_checker.sv(6): compiling module 'ahb_checker'
[WARN (VERI-1796)] /home/Abid.Hussain/verification/3.AHB-Lite-project/sva/ahb_checker.sv(55): system function call isunknown with non-constant argument is not supported for synthesis
[WARN (VERI-1796)] /home/Abid.Hussain/verification/3.AHB-Lite-project/sva/ahb_checker.sv(55): system function call isunknown with non-constant argument is not supported for synthesis
[INFO (VERI-1018)] /home/Abid.Hussain/verification/3.AHB-Lite-project/sva/ahb_assumptions.sv(7): compiling module 'ahb_assumptions'
[WARN (VERI-1796)] /home/Abid.Hussain/verification/3.AHB-Lite-project/sva/ahb_assumptions.sv(65): system function call isunknown with non-constant argument is not supported for synthesis
[WARN (VERI-1796)] /home/Abid.Hussain/verification/3.AHB-Lite-project/sva/ahb_assumptions.sv(74): system function call isunknown with non-constant argument is not supported for synthesis
[WARN (VERI-1796)] /home/Abid.Hussain/verification/3.AHB-Lite-project/sva/ahb_assumptions.sv(83): system function call isunknown with non-constant argument is not supported for synthesis
[WARN (VERI-1796)] /home/Abid.Hussain/verification/3.AHB-Lite-project/sva/ahb_assumptions.sv(92): system function call isunknown with non-constant argument is not supported for synthesis
[INFO (VERI-1018)] /home/Abid.Hussain/verification/3.AHB-Lite-project/rtl/design.sv(1): compiling module 'ahb3liten'
[WARN (VERI-1209)] /home/Abid.Hussain/verification/3.AHB-Lite-project/rtl/design.sv(113): expression size 16 truncated to fit in target size 7
[WARN (VERI-1959)] /home/Abid.Hussain/verification/3.AHB-Lite-project/rtl/design.sv(155): left shift count >= width of value
[WARN (VERI-1959)] /home/Abid.Hussain/verification/3.AHB-Lite-project/rtl/design.sv(156): left shift count >= width of value
[WARN (VERI-1959)] /home/Abid.Hussain/verification/3.AHB-Lite-project/rtl/design.sv(157): left shift count >= width of value
[WARN (VERI-1209)] /home/Abid.Hussain/verification/3.AHB-Lite-project/rtl/design.sv(126): expression size 32 truncated to fit in target size 16
[WARN (VERI-1209)] /home/Abid.Hussain/verification/3.AHB-Lite-project/rtl/design.sv(127): expression size 32 truncated to fit in target size 16
[WARN (VERI-1209)] /home/Abid.Hussain/verification/3.AHB-Lite-project/rtl/design.sv(128): expression size 32 truncated to fit in target size 16
[WARN (VERI-1209)] /home/Abid.Hussain/verification/3.AHB-Lite-project/rtl/design.sv(129): expression size 32 truncated to fit in target size 16
[WARN (VERI-1209)] /home/Abid.Hussain/verification/3.AHB-Lite-project/rtl/design.sv(130): expression size 32 truncated to fit in target size 16
[WARN (VERI-1209)] /home/Abid.Hussain/verification/3.AHB-Lite-project/rtl/design.sv(131): expression size 32 truncated to fit in target size 16
[WARN (VERI-1209)] /home/Abid.Hussain/verification/3.AHB-Lite-project/rtl/design.sv(132): expression size 32 truncated to fit in target size 16
[WARN (VERI-1209)] /home/Abid.Hussain/verification/3.AHB-Lite-project/rtl/design.sv(133): expression size 32 truncated to fit in target size 16
INFO (INL208): Elaboration synthesis summary:
  Number of synthesized netlists          5 (1 packages)
  Single run mode                         On
  Pipeline                                On (4 pipelined netlists)
  Late hierarchical reference connection  On
  Number of analyzed Verilog modules      6 (5 synthesized)
  Number of analyzed VHDL entities        0 (0 synthesized)
  Advanced Incremental run mode           Off
INFO (INL003): Clearing all state information (assumes, stopats, and so forth).
ahb3liten
%% 
%% # -----------------------------
%% # CLOCK / RESET
%% # -----------------------------
%% clock HCLK
%% reset !HRESETn
INFO (IPM031): Clearing proof results of all properties.
INFO (IRS006): Current reset condition is "HRESETn".
%% 
%% # -----------------------------
%% # PROVE
%% # -----------------------------
%% prove -all
INFO (IPF036): Starting proof on task: "<embedded>", 82 properties to prove with 0 already proven/unreachable
INFO (IRS029): Starting reset analysis: phase 1 of 4.
INFO (IRS030): Running reset analysis: phase 2 of 4.
INFO (IRS031): Running reset analysis: phase 3 of 4.
INFO (IRS020): Starting the reset analysis simulation with a limit of 100 iterations (phase 4 of 4).
INFO (ISIM006): Running simulation: {mode = single, probe = all}.
INFO (IRS024): Reset iterations 0 to 4 analyzed.
INFO (ISIM008): Simulation is processing trace data. Total number of nets in analysis 2131.
INFO (IRS018): Reset analysis simulation executed for 3 iterations. Assigned values for 2 of 113 design flops, 0 of 0 design latches, 188 of 328 internal elements.
INFO (IRS039): Reset analysis complete.
INFO (IPF031): Settings used for proof thread 2:
    orchestration                      = on
    time_limit                         = 86400s
    per_property_time_limit            = 1s * 10 ^ scan
    engine_mode                        = auto
    proofgrid_per_engine_max_jobs      = 1
    max engine jobs                    = auto
    proofgrid_mode                     = local
    proofgrid_restarts                 = 10
2.0.PRE: A proof was found: No trace exists. [0.00 s]
INFO (IPF057): 2.0.PRE: The property "ahb3liten.u_checker._assert_1" was proven in 0.00 s.
2.0.PRE: A proof was found: No trace exists. [0.00 s]
INFO (IPF051): 2.0.PRE: The cover property "ahb3liten.u_checker._assert_1:witness1" was proven unreachable in 0.00 s.
2.0.PRE: A proof was found: No trace exists. [0.00 s]
INFO (IPF051): 2.0.PRE: The cover property "ahb3liten.u_checker._assert_1:precondition1" was proven unreachable in 0.00 s.
2.0.PRE: A proof was found: No trace exists. [0.00 s]
INFO (IPF057): 2.0.PRE: The property "ahb3liten.u_checker._assert_3" was proven in 0.00 s.
2.0.PRE: A proof was found: No trace exists. [0.00 s]
INFO (IPF051): 2.0.PRE: The cover property "ahb3liten.u_assumptions.assume_reset_htrans:witness1" was proven unreachable in 0.00 s.
2.0.PRE: A proof was found: No trace exists. [0.00 s]
INFO (IPF051): 2.0.PRE: The cover property "ahb3liten.u_assumptions.assume_reset_htrans:precondition1" was proven unreachable in 0.00 s.
2: Found proofs for 6 properties in preprocessing
2: Using multistage preprocessing
2: Starting reduce
2: Finished reduce in 0s
2.0.PRE: Performing Proof Simplification...
2.0.Hp: clocks: 1, declared: 1, looping: 0, posedge: 1, negedge: 0, noedge: 0, bothedge: 0
2.0.Hp: Proof Simplification Iteration 1	[0.00 s]
2.0.Hp: A max_length bound was found. The shortest trace is no longer than 1 cycles. [0.00 s]
INFO (IPF008): 2.0.Hp: A max_length bound of 1 was found for the property "ahb3liten.u_checker._assert_3:witness1" in 0.00 s.
2.0.Hp: A max_length bound was found. The shortest trace is no longer than 1 cycles. [0.00 s]
INFO (IPF008): 2.0.Hp: A max_length bound of 1 was found for the property "ahb3liten.u_assumptions.assume_valid_htrans:witness1" in 0.00 s.
2.0.Hp: A max_length bound was found. The shortest trace is no longer than 1 cycles. [0.00 s]
INFO (IPF008): 2.0.Hp: A max_length bound of 1 was found for the property "ahb3liten.u_assumptions.assume_valid_hburst:witness1" in 0.00 s.
2.0.Hp: A max_length bound was found. The shortest trace is no longer than 1 cycles. [0.00 s]
INFO (IPF008): 2.0.Hp: A max_length bound of 1 was found for the property "ahb3liten.u_assumptions.assume_valid_hsize:witness1" in 0.00 s.
2.0.Hp: A max_length bound was found. The shortest trace is no longer than 1 cycles. [0.00 s]
INFO (IPF008): 2.0.Hp: A max_length bound of 1 was found for the property "ahb3liten.u_assumptions.assume_valid_hwrite:witness1" in 0.00 s.
2.0.Hp: A max_length bound was found. The shortest trace is no longer than 1 cycles. [0.00 s]
INFO (IPF008): 2.0.Hp: A max_length bound of 1 was found for the property "ahb3liten.u_assumptions.assume_valid_hsel:witness1" in 0.00 s.
2.0.Hp: A max_length bound was found. The shortest trace is no longer than 1 cycles. [0.00 s]
INFO (IPF008): 2.0.Hp: A max_length bound of 1 was found for the property "ahb3liten.u_assumptions.assume_valid_hready:witness1" in 0.00 s.
2.0.Hp: Proof Simplification Iteration 2	[0.00 s]
2.0.Hp: Proof Simplification Iteration 3	[0.00 s]
2.0.PRE: Proof Simplification completed in 0.01 s
2.0.Hp: Identified and disabled 22 duplicated targets.
2: About to start ProofGrid in its own thread with a limit of 10000 pending notifications and a limit of 10 traces.
2: ============================= ProofGrid (v3) start =============================
2: ProofGrid usable level: 54
2: Initial ProofGrid level: 1
2: ProofGrid is starting event handling
2: Computed task hash in 0.00ss
2.0.Hp: pc9: Support for "CentOS Linux release 7.9.2009 (Core)" will be removed with the 2025.09 release.
2.0.Ht: pc9: Support for "CentOS Linux release 7.9.2009 (Core)" will be removed with the 2025.09 release.
2: ProofGrid usable level: 54
2.0.Hp: Proofgrid shell started at 1218@pc9(local) jg_27470_pc9_16
2: ProofGrid usable level: 54
2: ProofGrid usable level: 54
2: ProofGrid usable level: 54
2.0.Hp: clocks: 1, declared: 1, looping: 0, posedge: 1, negedge: 0, noedge: 0, bothedge: 0
2: ProofGrid usable level: 54
2.0.Hp: Trace Attempt  1	[0.01 s]
2.0.Hp: A trace with 1 cycles was found. [0.01 s]
INFO (IPF047): 2.0.Hp: The cover property "ahb3liten.u_checker._assert_2:witness1" was covered in 1 cycles in 0.01 s.
INFO (IPF047): 2.0.Hp: The cover property "ahb3liten.u_checker._assert_2:precondition1" was covered in 1 cycles in 0.01 s.
INFO (IPF047): 2.0.Hp: The cover property "ahb3liten.u_checker._assert_3:witness1" was covered in 1 cycles in 0.01 s.
INFO (IPF047): 2.0.Hp: The cover property "ahb3liten.u_assumptions.assume_valid_htrans:witness1" was covered in 1 cycles in 0.01 s.
INFO (IPF047): 2.0.Hp: The cover property "ahb3liten.u_assumptions.assume_valid_hburst:witness1" was covered in 1 cycles in 0.01 s.
INFO (IPF047): 2.0.Hp: The cover property "ahb3liten.u_assumptions.assume_valid_hsize:witness1" was covered in 1 cycles in 0.01 s.
INFO (IPF047): 2.0.Hp: The cover property "ahb3liten.u_assumptions.assume_valid_hwrite:witness1" was covered in 1 cycles in 0.01 s.
INFO (IPF047): 2.0.Hp: The cover property "ahb3liten.u_assumptions.assume_valid_hsel:witness1" was covered in 1 cycles in 0.01 s.
INFO (IPF047): 2.0.Hp: The cover property "ahb3liten.u_assumptions.assume_valid_hready:witness1" was covered in 1 cycles in 0.01 s.
2.0.Hp: A trace with 1 cycles was found. [0.01 s]
INFO (IPF055): 2.0.Hp: A counterexample (cex) with 1 cycles was found for the property "ahb3liten.u_checker._assert_5" in 0.01 s.
INFO (IPF047): 2.0.Hp: The cover property "ahb3liten.u_checker._assert_5:precondition1" was covered in 1 cycles in 0.01 s.
INFO (IPF047): 2.0.Hp: The cover property "ahb3liten.u_assumptions.assume_valid_haddr:witness1" was covered in 1 cycles in 0.01 s.
INFO (IPF047): 2.0.Hp: The cover property "ahb3liten.u_assumptions.assume_valid_haddr:precondition1" was covered in 1 cycles in 0.01 s.
2.0.Hp: A trace with 1 cycles was found. [0.01 s]
INFO (IPF047): 2.0.Hp: The cover property "ahb3liten.u_checker._assert_5:witness1" was covered in 1 cycles in 0.02 s.
2.0.Hp: A trace with 1 cycles was found. [0.01 s]
INFO (IPF047): 2.0.Hp: The cover property "ahb3liten.u_assumptions.assume_align_halfword:witness1" was covered in 1 cycles in 0.02 s.
INFO (IPF047): 2.0.Hp: The cover property "ahb3liten.u_assumptions.assume_align_halfword:precondition1" was covered in 1 cycles in 0.02 s.
2.0.Hp: A trace with 1 cycles was found. [0.01 s]
INFO (IPF047): 2.0.Hp: The cover property "ahb3liten.u_assumptions.assume_align_word:witness1" was covered in 1 cycles in 0.02 s.
INFO (IPF047): 2.0.Hp: The cover property "ahb3liten.u_assumptions.assume_align_word:precondition1" was covered in 1 cycles in 0.02 s.
2: ProofGrid is temporarily paused because there are too many pending traces.
2: ProofGrid is resuming to work after pausing for 0.02s. The amount of pending traces decreased.
2.0.Hp: A trace with 1 cycles was found. [0.01 s]
INFO (IPF047): 2.0.Hp: The cover property "ahb3liten.u_assumptions.assume_1kb_boundary:witness1" was covered in 1 cycles in 0.02 s.
INFO (IPF047): 2.0.Hp: The cover property "ahb3liten.u_assumptions.assume_1kb_boundary:precondition1" was covered in 1 cycles in 0.02 s.
INFO (IPF047): 2.0.Hp: The cover property "ahb3liten.u_assumptions.assume_no_seq_after_idle:witness1" was covered in 1 cycles in 0.02 s.
INFO (IPF047): 2.0.Hp: The cover property "ahb3liten.u_assumptions.assume_no_seq_after_idle:precondition1" was covered in 1 cycles in 0.02 s.
INFO (IPF047): 2.0.Hp: The cover property "ahb3liten.u_assumptions.assume_const_hsize_burst:witness1" was covered in 1 cycles in 0.02 s.
INFO (IPF047): 2.0.Hp: The cover property "ahb3liten.u_assumptions.assume_const_hburst_burst:witness1" was covered in 1 cycles in 0.02 s.
INFO (IPF047): 2.0.Hp: The cover property "ahb3liten.u_assumptions.assume_wrap8_word_bound:witness1" was covered in 1 cycles in 0.02 s.
INFO (IPF047): 2.0.Hp: The cover property "ahb3liten.u_assumptions.assume_wrap8_word_bound:precondition1" was covered in 1 cycles in 0.02 s.
INFO (IPF047): 2.0.Hp: The cover property "ahb3liten.u_assumptions.assume_const_hsize_burst:precondition1" was covered in 1 cycles in 0.02 s.
INFO (IPF047): 2.0.Hp: The cover property "ahb3liten.u_assumptions.assume_const_hwrite_burst:witness1" was covered in 1 cycles in 0.02 s.
INFO (IPF047): 2.0.Hp: The cover property "ahb3liten.u_assumptions.assume_const_hwrite_burst:precondition1" was covered in 1 cycles in 0.02 s.
INFO (IPF047): 2.0.Hp: The cover property "ahb3liten.u_assumptions.assume_const_hburst_burst:precondition1" was covered in 1 cycles in 0.02 s.
INFO (IPF047): 2.0.Hp: The cover property "ahb3liten.u_assumptions.assume_valid_seq_pred:witness1" was covered in 1 cycles in 0.02 s.
INFO (IPF047): 2.0.Hp: The cover property "ahb3liten.u_assumptions.assume_valid_seq_pred:precondition1" was covered in 1 cycles in 0.02 s.
2.0.Hp: A trace with 1 cycles was found. [0.01 s]
INFO (IPF047): 2.0.Hp: The cover property "ahb3liten.u_assumptions.assume_stable_haddr_wait:witness1" was covered in 1 cycles in 0.02 s.
INFO (IPF047): 2.0.Hp: The cover property "ahb3liten.u_assumptions.assume_stable_haddr_wait:precondition1" was covered in 1 cycles in 0.02 s.
INFO (IPF047): 2.0.Hp: The cover property "ahb3liten.u_assumptions.assume_stable_htrans_wait:witness1" was covered in 1 cycles in 0.02 s.
INFO (IPF047): 2.0.Hp: The cover property "ahb3liten.u_assumptions.assume_stable_hsize_wait:witness1" was covered in 1 cycles in 0.02 s.
INFO (IPF047): 2.0.Hp: The cover property "ahb3liten.u_assumptions.assume_stable_hburst_wait:witness1" was covered in 1 cycles in 0.02 s.
INFO (IPF047): 2.0.Hp: The cover property "ahb3liten.u_assumptions.assume_stable_hwrite_wait:witness1" was covered in 1 cycles in 0.02 s.
INFO (IPF047): 2.0.Hp: The cover property "ahb3liten.u_assumptions.assume_stable_hsel_wait:witness1" was covered in 1 cycles in 0.02 s.
INFO (IPF047): 2.0.Hp: The cover property "ahb3liten.u_assumptions.assume_stable_htrans_wait:precondition1" was covered in 1 cycles in 0.02 s.
INFO (IPF047): 2.0.Hp: The cover property "ahb3liten.u_assumptions.assume_stable_hsize_wait:precondition1" was covered in 1 cycles in 0.02 s.
INFO (IPF047): 2.0.Hp: The cover property "ahb3liten.u_assumptions.assume_stable_hburst_wait:precondition1" was covered in 1 cycles in 0.02 s.
INFO (IPF047): 2.0.Hp: The cover property "ahb3liten.u_assumptions.assume_stable_hwrite_wait:precondition1" was covered in 1 cycles in 0.02 s.
INFO (IPF047): 2.0.Hp: The cover property "ahb3liten.u_assumptions.assume_stable_hsel_wait:precondition1" was covered in 1 cycles in 0.02 s.
2.0.Hp: A trace with 1 cycles was found. [0.01 s]
INFO (IPF047): 2.0.Hp: The cover property "ahb3liten.u_assumptions.assume_valid_busy_pred:witness1" was covered in 1 cycles in 0.02 s.
INFO (IPF047): 2.0.Hp: The cover property "ahb3liten.u_assumptions.assume_valid_busy_pred:precondition1" was covered in 1 cycles in 0.02 s.
INFO (IPF047): 2.0.Hp: The cover property "ahb3liten.u_assumptions.assume_busy_addr_stable:witness1" was covered in 1 cycles in 0.02 s.
INFO (IPF047): 2.0.Hp: The cover property "ahb3liten.u_assumptions.assume_busy_addr_stable:precondition1" was covered in 1 cycles in 0.02 s.
2.0.Hp: A trace with 1 cycles was found. [0.01 s]
INFO (IPF047): 2.0.Hp: The cover property "ahb3liten.u_assumptions.assume_single_no_seq:witness1" was covered in 1 cycles in 0.02 s.
INFO (IPF047): 2.0.Hp: The cover property "ahb3liten.u_assumptions.assume_single_no_seq:precondition1" was covered in 1 cycles in 0.02 s.
INFO (IPF047): 2.0.Hp: The cover property "ahb3liten.u_assumptions.assume_single_no_busy:witness1" was covered in 1 cycles in 0.02 s.
INFO (IPF047): 2.0.Hp: The cover property "ahb3liten.u_assumptions.assume_single_no_busy:precondition1" was covered in 1 cycles in 0.02 s.
2.0.Hp: A trace with 1 cycles was found. [0.01 s]
INFO (IPF047): 2.0.Hp: The cover property "ahb3liten.u_assumptions.assume_burst_len_incr4:precondition1" was covered in 1 cycles in 0.02 s.
2: ProofGrid is temporarily paused because there are too many pending traces.
2: ProofGrid is resuming to work after pausing for 0.01s. The amount of pending traces decreased.
2.0.Hp: A trace with 1 cycles was found. [0.01 s]
INFO (IPF047): 2.0.Hp: The cover property "ahb3liten.u_assumptions.assume_burst_len_wrap4:precondition1" was covered in 1 cycles in 0.03 s.
2.0.Hp: A trace with 1 cycles was found. [0.01 s]
INFO (IPF047): 2.0.Hp: The cover property "ahb3liten.u_assumptions.assume_burst_len_incr8:precondition1" was covered in 1 cycles in 0.04 s.
2.0.Hp: A trace with 1 cycles was found. [0.01 s]
INFO (IPF047): 2.0.Hp: The cover property "ahb3liten.u_assumptions.assume_burst_len_wrap8:precondition1" was covered in 1 cycles in 0.04 s.
2.0.Hp: A trace with 1 cycles was found. [0.01 s]
INFO (IPF047): 2.0.Hp: The cover property "ahb3liten.u_assumptions.assume_burst_len_incr16:precondition1" was covered in 1 cycles in 0.04 s.
2.0.Hp: A trace with 1 cycles was found. [0.01 s]
INFO (IPF047): 2.0.Hp: The cover property "ahb3liten.u_assumptions.assume_burst_len_wrap16:precondition1" was covered in 1 cycles in 0.04 s.
2: ProofGrid is temporarily paused because there are too many pending traces.
2: ProofGrid is resuming to work after pausing for 0.01s. The amount of pending traces decreased.
2.0.Hp: A trace with 1 cycles was found. [0.01 s]
INFO (IPF047): 2.0.Hp: The cover property "ahb3liten.u_assumptions.assume_incr_addr_math:witness1" was covered in 1 cycles in 0.04 s.
INFO (IPF047): 2.0.Hp: The cover property "ahb3liten.u_assumptions.assume_incr_addr_math:precondition1" was covered in 1 cycles in 0.04 s.
2.0.Ht: Proofgrid shell started at 1237@pc9(local) jg_27470_pc9_16
2.0.Bm: pc9: Support for "CentOS Linux release 7.9.2009 (Core)" will be removed with the 2025.09 release.
2.0.Oh: pc9: Support for "CentOS Linux release 7.9.2009 (Core)" will be removed with the 2025.09 release.
2.0.Hp: A trace with 1 cycles was found. [0.01 s]
INFO (IPF047): 2.0.Hp: The cover property "ahb3liten.u_assumptions.assume_wrap4_word_bound:witness1" was covered in 1 cycles in 0.04 s.
INFO (IPF047): 2.0.Hp: The cover property "ahb3liten.u_assumptions.assume_wrap4_word_bound:precondition1" was covered in 1 cycles in 0.04 s.
2.0.Hp: A trace with 1 cycles was found. [0.01 s]
INFO (IPF047): 2.0.Hp: The cover property "ahb3liten.u_assumptions.assume_wrap16_word_bound:witness1" was covered in 1 cycles in 0.04 s.
INFO (IPF047): 2.0.Hp: The cover property "ahb3liten.u_assumptions.assume_wrap16_word_bound:precondition1" was covered in 1 cycles in 0.04 s.
2.0.Hp: A trace with 1 cycles was found. [0.01 s]
INFO (IPF047): 2.0.Hp: The cover property "ahb3liten.u_assumptions.assume_wrap4_hw_bound:witness1" was covered in 1 cycles in 0.04 s.
INFO (IPF047): 2.0.Hp: The cover property "ahb3liten.u_assumptions.assume_wrap4_hw_bound:precondition1" was covered in 1 cycles in 0.04 s.
2.0.Hp: A proof was found: No trace exists. [0.02 s]
INFO (IPF057): 2.0.Hp: The property "ahb3liten.u_checker._assert_2" was proven in 0.05 s.
2.0.Hp: Trace Attempt  2	[0.02 s]
2.0.Hp: A trace with 2 cycles was found. [0.02 s]
INFO (IPF055): 2.0.Hp: A counterexample (cex) with 2 cycles was found for the property "ahb3liten.u_checker._assert_4" in 0.05 s.
INFO (IPF047): 2.0.Hp: The cover property "ahb3liten.u_checker._assert_4:precondition1" was covered in 2 cycles in 0.05 s.
2: ProofGrid is temporarily paused because there are too many pending traces.
2: ProofGrid is resuming to work after pausing for 0.01s. The amount of pending traces decreased.
2.0.Hp: A trace with 2 cycles was found. [0.02 s]
INFO (IPF047): 2.0.Hp: The cover property "ahb3liten.u_checker._assert_4:witness1" was covered in 2 cycles in 0.05 s.
2.0.Hp: Trace Attempt  3	[0.03 s]
2.0.Hp: Trace Attempt  4	[0.04 s]
2.0.Hp: A trace with 4 cycles was found. [0.04 s]
INFO (IPF047): 2.0.Hp: The cover property "ahb3liten.u_assumptions.assume_burst_len_incr4:witness1" was covered in 4 cycles in 0.06 s.
2.0.Hp: A trace with 4 cycles was found. [0.04 s]
INFO (IPF047): 2.0.Hp: The cover property "ahb3liten.u_assumptions.assume_burst_len_wrap4:witness1" was covered in 4 cycles in 0.06 s.
2.0.Hp: Trace Attempt  5	[0.06 s]
2.0.N: pc9: Support for "CentOS Linux release 7.9.2009 (Core)" will be removed with the 2025.09 release.
2.0.Bm: Proofgrid shell started at 1259@pc9(local) jg_27470_pc9_16
2.0.Ht: clocks: 1, declared: 1, looping: 0, posedge: 1, negedge: 0, noedge: 0, bothedge: 0
2.0.Bm: clocks: 1, declared: 1, looping: 0, posedge: 1, negedge: 0, noedge: 0, bothedge: 0
2.0.Ht: Trace Attempt  1	[0.01 s]
2.0.Ht: Trace Attempt  2	[0.01 s]
2.0.Ht: Trace Attempt  3	[0.02 s]
2.0.Ht: Trace Attempt  4	[0.02 s]
2.0.Ht: Trace Attempt  5	[0.02 s]
2.0.Mpcustom2: pc9: Support for "CentOS Linux release 7.9.2009 (Core)" will be removed with the 2025.09 release.
2.0.Bm: Trace Attempt  1	[0.00 s]
2.0.Bm: Trace Attempt  2	[0.00 s]
2.0.Ht: Trace Attempt  8	[0.02 s]
2.0.Ht: A trace with 8 cycles was found. [0.02 s]
INFO (IPF047): 2.0.Ht: The cover property "ahb3liten.u_assumptions.assume_burst_len_incr8:witness1" was covered in 8 cycles in 0.00 s.
2.0.Ht: A trace with 8 cycles was found. [0.02 s]
INFO (IPF047): 2.0.Ht: The cover property "ahb3liten.u_assumptions.assume_burst_len_wrap8:witness1" was covered in 8 cycles in 0.00 s.
2.0.Ht: Trace Attempt  9	[0.02 s]
2.0.Ht: Trace Attempt 16	[0.03 s]
2.0.Ht: A trace with 16 cycles was found. [0.03 s]
INFO (IPF047): 2.0.Ht: The cover property "ahb3liten.u_assumptions.assume_burst_len_incr16:witness1" was covered in 16 cycles in 0.01 s.
2.0.Bm: Trace Attempt  3	[0.01 s]
2.0.Bm: Trace Attempt  4	[0.01 s]
2.0.Ht: A trace with 16 cycles was found. [0.03 s]
INFO (IPF047): 2.0.Ht: The cover property "ahb3liten.u_assumptions.assume_burst_len_wrap16:witness1" was covered in 16 cycles in 0.01 s.
2.0.Ht: All properties determined. [0.03 s]
INFO (IPF144): 2: Initiating shutdown of proof [0.09 s]
2.0.B: Requesting engine job to terminate
2.0.N: Requesting engine job to terminate
2.0.Ht: Requesting engine job to terminate
2.0.Bm: Requesting engine job to terminate
2.0.Oh: Requesting engine job to terminate
2.0.L: Requesting engine job to terminate
2.0.AM: Requesting engine job to terminate
2.0.Mpcustom2: Requesting engine job to terminate
2.0.Hp: Requesting engine job to terminate
2.0.Hp: Interrupted (multi)
2.0.Hp: Trace Attempt  6	[0.06 s]
2.0.Hp: All properties determined. [0.00 s]
2.0.AM: pc9: Support for "CentOS Linux release 7.9.2009 (Core)" will be removed with the 2025.09 release.
2.0.Hp: Exited with Success (@ 0.10 s)
2: ProofGrid usable level: 0
2.0.B: pc9: Support for "CentOS Linux release 7.9.2009 (Core)" will be removed with the 2025.09 release.
2.0.Bm: All properties determined. [0.00 s]
2.0.Ht: Exited with Success (@ 0.10 s)
2.0.L: pc9: Support for "CentOS Linux release 7.9.2009 (Core)" will be removed with the 2025.09 release.
2.0.N: Proofgrid shell started at 1271@pc9(local) jg_27470_pc9_16
2.0.Bm: Exited with Success (@ 0.10 s)
2.0.N: Preventing job from starting because proof is shutting down.
2.0.N: Interrupted. [0.00 s]
2.0.N: Exited with Success (@ 0.11 s)
2.0.Oh: Proofgrid shell started at 1265@pc9(local) jg_27470_pc9_16
2.0.Oh: Preventing job from starting because proof is shutting down.
2.0.Oh: Interrupted. [0.00 s]
2.0.Oh: Exited with Success (@ 0.11 s)
2.0.Mpcustom2: Proofgrid shell started at 1263@pc9(local) jg_27470_pc9_16
2.0.Mpcustom2: Preventing job from starting because proof is shutting down.
2.0.Mpcustom2: Interrupted. [0.00 s]
2.0.B: Proofgrid shell started at 1277@pc9(local) jg_27470_pc9_16
2.0.B: Preventing job from starting because proof is shutting down.
2.0.B: Interrupted. [0.00 s]
2.0.Mpcustom2: Exited with Success (@ 0.12 s)
2.0.B: Exited with Success (@ 0.12 s)
2.0.AM: Proofgrid shell started at 1278@pc9(local) jg_27470_pc9_16
2.0.AM: Preventing job from starting because proof is shutting down.
2.0.AM: Interrupted. [0.00 s]
2.0.AM: Exited with Success (@ 0.13 s)
2.0.L: Proofgrid shell started at 1267@pc9(local) jg_27470_pc9_16
2.0.L: Preventing job from starting because proof is shutting down.
2.0.L: Interrupted. [0.00 s]
2.0.L: Exited with Success (@ 0.14 s)
2: --------------------------------------------------------------
ProofGrid Summary (utilization 14.52 %)
--------------------------------------------------------------
     engines started                               :     9
     engine jobs started                           :     9

    Time in state (seconds)
    --------------------------------------------
               Pending     Running        Dead
    --------------------------------------------
    min           0.00        0.00        0.00
    mean          0.08        0.01        0.00
    median        0.08        0.00        0.00
    max           0.09        0.09        0.00
    sum           0.73        0.12        0.00

    Data read    : 33.19 kiB
    Data written : 2.74 kiB

INFO (IPF180): 2: ProofGrid utilization: 14.52% slot-seconds: 0.12
2: ProofGrid usable level: 0
2: All pending notifications were processed.
2: ProofGrid was paused 4 times for a total of 0.05 seconds
INFO (IPF059): 2: Completed proof on task: "<embedded>"

==============================================================
SUMMARY
==============================================================
           Properties Considered              : 82
                 assertions                   : 5
                  - proven                    : 3 (60%)
                  - bounded_proven (user)     : 0 (0%)
                  - bounded_proven (auto)     : 0 (0%)
                  - marked_proven             : 0 (0%)
                  - cex                       : 2 (40%)
                  - ar_cex                    : 0 (0%)
                  - undetermined              : 0 (0%)
                  - unknown                   : 0 (0%)
                  - error                     : 0 (0%)
                 covers                       : 77
                  - unreachable               : 4 (5.19481%)
                  - bounded_unreachable (user): 0 (0%)
                  - covered                   : 73 (94.8052%)
                  - ar_covered                : 0 (0%)
                  - undetermined              : 0 (0%)
                  - unknown                   : 0 (0%)
                  - error                     : 0 (0%)
determined
determined
[<embedded>] % visualize -violation -property <embedded>::ahb3liten.u_checker._assert_5 -new_window
INFO (IVS015): Setting Visualize task to "<embedded>".
INFO (IVS008): Expanding analysis region to enable visualization of "<embedded>::ahb3liten.u_checker._assert_5".
cex
[<embedded>] % visualize -violation -property <embedded>::ahb3liten.u_checker._assert_5 -new_window
INFO (IVS015): Setting Visualize task to "<embedded>".
INFO (IVS008): Expanding analysis region to enable visualization of "<embedded>::ahb3liten.u_checker._assert_5".
cex
[<embedded>] % include scripts/fpv_setup.tcl
%% # =========================================================
%% # AHB-Lite SRAM Formal Verification Setup
%% # Role B - EE5214
%% # =========================================================
%% 
%% clear -all
INFO (IPF121): Cleared environment completely for new design analysis.
%% 
%% set ROOT [pwd]
/home/Abid.Hussain/verification/3.AHB-Lite-project
%% 
%% set top ahb3liten
ahb3liten
%% 
%% # -----------------------------
%% # STEP 1: PACKAGE FIRST (VERY IMPORTANT)
%% # -----------------------------
%% analyze -sv09 $ROOT/packages/ahb3lite_pkg.sv
[-- (VERI-1482)] Analyzing Verilog file '/mnt/cadence_tools/installs/JASPER25/lib/verilog/packages/std/std.sv' into library 'std'
[-- (VERI-1482)] Analyzing Verilog file '/home/Abid.Hussain/verification/3.AHB-Lite-project/packages/ahb3lite_pkg.sv'
%% 
%% # -----------------------------
%% # STEP 2: RTL
%% # -----------------------------
%% analyze -sv09 $ROOT/rtl/mem.sv
[-- (VERI-1482)] Analyzing Verilog file '/home/Abid.Hussain/verification/3.AHB-Lite-project/rtl/mem.sv'
%% analyze -sv09 $ROOT/rtl/design.sv
[-- (VERI-1482)] Analyzing Verilog file '/home/Abid.Hussain/verification/3.AHB-Lite-project/rtl/design.sv'
%% 
%% # -----------------------------
%% # STEP 3: SVA
%% # -----------------------------
%% analyze -sv09 $ROOT/sva/ahb_checker.sv
[-- (VERI-1482)] Analyzing Verilog file '/home/Abid.Hussain/verification/3.AHB-Lite-project/sva/ahb_checker.sv'
%% analyze -sv09 $ROOT/sva/ahb_assumptions.sv
[-- (VERI-1482)] Analyzing Verilog file '/home/Abid.Hussain/verification/3.AHB-Lite-project/sva/ahb_assumptions.sv'
%% #analyze -sv09 $ROOT/sva/ahb_cover.sv
%% 
%% # -----------------------------
%% # STEP 4: BIND
%% # -----------------------------
%% analyze -sv09 $ROOT/bind/bind_ahb.sv
[-- (VERI-1482)] Analyzing Verilog file '/home/Abid.Hussain/verification/3.AHB-Lite-project/bind/bind_ahb.sv'
%% 
%% # -----------------------------
%% # ELABORATE
%% # -----------------------------
%% elaborate -top $top -create_related_covers {precondition witness}
INFO (ISW003): Top module name is "ahb3liten".
[INFO (HIER-8002)] /home/Abid.Hussain/verification/3.AHB-Lite-project/rtl/design.sv(297): Disabling old hierarchical reference handler
[INFO (VERI-1018)] /home/Abid.Hussain/verification/3.AHB-Lite-project/rtl/mem.sv(1): compiling module 'mem:(ABITS=8)'
[INFO (VERI-2571)] /home/Abid.Hussain/verification/3.AHB-Lite-project/rtl/mem.sv(25): extracting RAM for identifier 'mem_array'
[WARN (VERI-9033)] /home/Abid.Hussain/verification/3.AHB-Lite-project/rtl/mem.sv(25): array mem_array (size 8192) automatically BLACK-BOXED. Use the "elaborate -bbox_a" command to prevent automatic black-boxing.
[INFO (VERI-1018)] /home/Abid.Hussain/verification/3.AHB-Lite-project/sva/ahb_checker.sv(8): compiling module 'ahb_checker'
[WARN (VERI-1796)] /home/Abid.Hussain/verification/3.AHB-Lite-project/sva/ahb_checker.sv(68): system function call isunknown with non-constant argument is not supported for synthesis
[WARN (VERI-1796)] /home/Abid.Hussain/verification/3.AHB-Lite-project/sva/ahb_checker.sv(68): system function call isunknown with non-constant argument is not supported for synthesis
[INFO (VERI-1018)] /home/Abid.Hussain/verification/3.AHB-Lite-project/sva/ahb_assumptions.sv(7): compiling module 'ahb_assumptions'
[WARN (VERI-1796)] /home/Abid.Hussain/verification/3.AHB-Lite-project/sva/ahb_assumptions.sv(65): system function call isunknown with non-constant argument is not supported for synthesis
[WARN (VERI-1796)] /home/Abid.Hussain/verification/3.AHB-Lite-project/sva/ahb_assumptions.sv(74): system function call isunknown with non-constant argument is not supported for synthesis
[WARN (VERI-1796)] /home/Abid.Hussain/verification/3.AHB-Lite-project/sva/ahb_assumptions.sv(83): system function call isunknown with non-constant argument is not supported for synthesis
[WARN (VERI-1796)] /home/Abid.Hussain/verification/3.AHB-Lite-project/sva/ahb_assumptions.sv(92): system function call isunknown with non-constant argument is not supported for synthesis
[INFO (VERI-1018)] /home/Abid.Hussain/verification/3.AHB-Lite-project/rtl/design.sv(1): compiling module 'ahb3liten'
[WARN (VERI-1209)] /home/Abid.Hussain/verification/3.AHB-Lite-project/rtl/design.sv(113): expression size 16 truncated to fit in target size 7
[WARN (VERI-1959)] /home/Abid.Hussain/verification/3.AHB-Lite-project/rtl/design.sv(155): left shift count >= width of value
[WARN (VERI-1959)] /home/Abid.Hussain/verification/3.AHB-Lite-project/rtl/design.sv(156): left shift count >= width of value
[WARN (VERI-1959)] /home/Abid.Hussain/verification/3.AHB-Lite-project/rtl/design.sv(157): left shift count >= width of value
[WARN (VERI-1209)] /home/Abid.Hussain/verification/3.AHB-Lite-project/rtl/design.sv(126): expression size 32 truncated to fit in target size 16
[WARN (VERI-1209)] /home/Abid.Hussain/verification/3.AHB-Lite-project/rtl/design.sv(127): expression size 32 truncated to fit in target size 16
[WARN (VERI-1209)] /home/Abid.Hussain/verification/3.AHB-Lite-project/rtl/design.sv(128): expression size 32 truncated to fit in target size 16
[WARN (VERI-1209)] /home/Abid.Hussain/verification/3.AHB-Lite-project/rtl/design.sv(129): expression size 32 truncated to fit in target size 16
[WARN (VERI-1209)] /home/Abid.Hussain/verification/3.AHB-Lite-project/rtl/design.sv(130): expression size 32 truncated to fit in target size 16
[WARN (VERI-1209)] /home/Abid.Hussain/verification/3.AHB-Lite-project/rtl/design.sv(131): expression size 32 truncated to fit in target size 16
[WARN (VERI-1209)] /home/Abid.Hussain/verification/3.AHB-Lite-project/rtl/design.sv(132): expression size 32 truncated to fit in target size 16
[WARN (VERI-1209)] /home/Abid.Hussain/verification/3.AHB-Lite-project/rtl/design.sv(133): expression size 32 truncated to fit in target size 16
INFO (INL208): Elaboration synthesis summary:
  Number of synthesized netlists          5 (1 packages)
  Single run mode                         On
  Pipeline                                On (4 pipelined netlists)
  Late hierarchical reference connection  On
  Number of analyzed Verilog modules      6 (5 synthesized)
  Number of analyzed VHDL entities        0 (0 synthesized)
  Advanced Incremental run mode           Off
INFO (INL003): Clearing all state information (assumes, stopats, and so forth).
ahb3liten
%% 
%% # -----------------------------
%% # CLOCK / RESET
%% # -----------------------------
%% clock HCLK
%% reset !HRESETn
INFO (IPM031): Clearing proof results of all properties.
INFO (IRS006): Current reset condition is "HRESETn".
%% 
%% # -----------------------------
%% # PROVE
%% # -----------------------------
%% prove -all
INFO (IPF036): Starting proof on task: "<embedded>", 97 properties to prove with 0 already proven/unreachable
INFO (IRS029): Starting reset analysis: phase 1 of 4.
INFO (IRS030): Running reset analysis: phase 2 of 4.
INFO (IRS031): Running reset analysis: phase 3 of 4.
INFO (IRS020): Starting the reset analysis simulation with a limit of 100 iterations (phase 4 of 4).
INFO (ISIM006): Running simulation: {mode = single, probe = all}.
INFO (IRS024): Reset iterations 0 to 4 analyzed.
INFO (ISIM008): Simulation is processing trace data. Total number of nets in analysis 2319.
INFO (IRS018): Reset analysis simulation executed for 3 iterations. Assigned values for 2 of 113 design flops, 0 of 0 design latches, 216 of 438 internal elements.
INFO (IRS039): Reset analysis complete.
INFO (IPF031): Settings used for proof thread 2:
    orchestration                      = on
    time_limit                         = 86400s
    per_property_time_limit            = 1s * 10 ^ scan
    engine_mode                        = auto
    proofgrid_per_engine_max_jobs      = 1
    max engine jobs                    = auto
    proofgrid_mode                     = local
    proofgrid_restarts                 = 10
2.0.PRE: A proof was found: No trace exists. [0.00 s]
INFO (IPF057): 2.0.PRE: The property "ahb3liten.u_checker._assert_1" was proven in 0.00 s.
2.0.PRE: A proof was found: No trace exists. [0.00 s]
INFO (IPF051): 2.0.PRE: The cover property "ahb3liten.u_checker._assert_1:witness1" was proven unreachable in 0.00 s.
2.0.PRE: A proof was found: No trace exists. [0.00 s]
INFO (IPF051): 2.0.PRE: The cover property "ahb3liten.u_checker._assert_1:precondition1" was proven unreachable in 0.00 s.
2.0.PRE: A proof was found: No trace exists. [0.00 s]
INFO (IPF057): 2.0.PRE: The property "ahb3liten.u_checker._assert_3" was proven in 0.00 s.
2.0.PRE: A proof was found: No trace exists. [0.00 s]
INFO (IPF057): 2.0.PRE: The property "ahb3liten.u_checker._assert_7" was proven in 0.00 s.
2.0.PRE: A proof was found: No trace exists. [0.00 s]
INFO (IPF051): 2.0.PRE: The cover property "ahb3liten.u_checker._assert_7:witness1" was proven unreachable in 0.00 s.
2.0.PRE: A proof was found: No trace exists. [0.00 s]
INFO (IPF051): 2.0.PRE: The cover property "ahb3liten.u_checker._assert_7:precondition1" was proven unreachable in 0.00 s.
2.0.PRE: A proof was found: No trace exists. [0.00 s]
INFO (IPF051): 2.0.PRE: The cover property "ahb3liten.u_assumptions.assume_reset_htrans:witness1" was proven unreachable in 0.00 s.
2.0.PRE: A proof was found: No trace exists. [0.00 s]
INFO (IPF051): 2.0.PRE: The cover property "ahb3liten.u_assumptions.assume_reset_htrans:precondition1" was proven unreachable in 0.00 s.
2: Found proofs for 9 properties in preprocessing
2: Using multistage preprocessing
2: Starting reduce
2: Finished reduce in 0.001s
2.0.PRE: Performing Proof Simplification...
2.0.Hp: clocks: 1, declared: 1, looping: 0, posedge: 1, negedge: 0, noedge: 0, bothedge: 0
2.0.Hp: Proof Simplification Iteration 1	[0.00 s]
2.0.Hp: A max_length bound was found. The shortest trace is no longer than 1 cycles. [0.00 s]
INFO (IPF008): 2.0.Hp: A max_length bound of 1 was found for the property "ahb3liten.u_checker._assert_3:witness1" in 0.00 s.
2.0.Hp: A max_length bound was found. The shortest trace is no longer than 1 cycles. [0.00 s]
INFO (IPF008): 2.0.Hp: A max_length bound of 1 was found for the property "ahb3liten.u_assumptions.assume_valid_htrans:witness1" in 0.00 s.
2.0.Hp: A max_length bound was found. The shortest trace is no longer than 1 cycles. [0.00 s]
INFO (IPF008): 2.0.Hp: A max_length bound of 1 was found for the property "ahb3liten.u_assumptions.assume_valid_hburst:witness1" in 0.00 s.
2.0.Hp: A max_length bound was found. The shortest trace is no longer than 1 cycles. [0.00 s]
INFO (IPF008): 2.0.Hp: A max_length bound of 1 was found for the property "ahb3liten.u_assumptions.assume_valid_hsize:witness1" in 0.00 s.
2.0.Hp: A max_length bound was found. The shortest trace is no longer than 1 cycles. [0.00 s]
INFO (IPF008): 2.0.Hp: A max_length bound of 1 was found for the property "ahb3liten.u_assumptions.assume_valid_hwrite:witness1" in 0.00 s.
2.0.Hp: A max_length bound was found. The shortest trace is no longer than 1 cycles. [0.00 s]
INFO (IPF008): 2.0.Hp: A max_length bound of 1 was found for the property "ahb3liten.u_assumptions.assume_valid_hsel:witness1" in 0.00 s.
2.0.Hp: A max_length bound was found. The shortest trace is no longer than 1 cycles. [0.00 s]
INFO (IPF008): 2.0.Hp: A max_length bound of 1 was found for the property "ahb3liten.u_assumptions.assume_valid_hready:witness1" in 0.00 s.
2.0.Hp: Proof Simplification Iteration 2	[0.00 s]
2.0.Hp: Proof Simplification Iteration 3	[0.00 s]
2.0.Hp: Proof Simplification Iteration 4	[0.00 s]
2.0.PRE: Proof Simplification completed in 0.01 s
2.0.Hp: Identified and disabled 23 duplicated targets.
2: About to start ProofGrid in its own thread with a limit of 10000 pending notifications and a limit of 10 traces.
2: ============================= ProofGrid (v3) start =============================
2: ProofGrid usable level: 65
2: Initial ProofGrid level: 1
2: ProofGrid is starting event handling
2: Computed task hash in 0.00ss
2.0.Hp: pc9: Support for "CentOS Linux release 7.9.2009 (Core)" will be removed with the 2025.09 release.
2.0.Ht: pc9: Support for "CentOS Linux release 7.9.2009 (Core)" will be removed with the 2025.09 release.
2: ProofGrid usable level: 65
2.0.Hp: Proofgrid shell started at 2663@pc9(local) jg_27470_pc9_17
2: ProofGrid usable level: 65
2: ProofGrid usable level: 65
2.0.Hp: clocks: 1, declared: 1, looping: 0, posedge: 1, negedge: 0, noedge: 0, bothedge: 0
2: ProofGrid usable level: 65
2.0.Hp: Trace Attempt  1	[0.00 s]
2.0.Hp: A trace with 1 cycles was found. [0.00 s]
INFO (IPF047): 2.0.Hp: The cover property "ahb3liten.u_checker._assert_2:witness1" was covered in 1 cycles in 0.01 s.
INFO (IPF047): 2.0.Hp: The cover property "ahb3liten.u_checker._assert_2:precondition1" was covered in 1 cycles in 0.01 s.
INFO (IPF047): 2.0.Hp: The cover property "ahb3liten.u_checker._assert_3:witness1" was covered in 1 cycles in 0.01 s.
INFO (IPF047): 2.0.Hp: The cover property "ahb3liten.u_assumptions.assume_valid_htrans:witness1" was covered in 1 cycles in 0.01 s.
INFO (IPF047): 2.0.Hp: The cover property "ahb3liten.u_assumptions.assume_valid_hburst:witness1" was covered in 1 cycles in 0.01 s.
INFO (IPF047): 2.0.Hp: The cover property "ahb3liten.u_assumptions.assume_valid_hsize:witness1" was covered in 1 cycles in 0.01 s.
INFO (IPF047): 2.0.Hp: The cover property "ahb3liten.u_assumptions.assume_valid_hwrite:witness1" was covered in 1 cycles in 0.01 s.
INFO (IPF047): 2.0.Hp: The cover property "ahb3liten.u_assumptions.assume_valid_hsel:witness1" was covered in 1 cycles in 0.01 s.
INFO (IPF047): 2.0.Hp: The cover property "ahb3liten.u_assumptions.assume_valid_hready:witness1" was covered in 1 cycles in 0.01 s.
2.0.Hp: A trace with 1 cycles was found. [0.00 s]
INFO (IPF055): 2.0.Hp: A counterexample (cex) with 1 cycles was found for the property "ahb3liten.u_checker._assert_5" in 0.01 s.
INFO (IPF047): 2.0.Hp: The cover property "ahb3liten.u_checker._assert_5:precondition1" was covered in 1 cycles in 0.01 s.
INFO (IPF055): 2.0.Hp: A counterexample (cex) with 1 cycles was found for the property "ahb3liten.u_checker._assert_6" in 0.01 s.
INFO (IPF047): 2.0.Hp: The cover property "ahb3liten.u_checker._assert_6:precondition1" was covered in 1 cycles in 0.01 s.
INFO (IPF047): 2.0.Hp: The cover property "ahb3liten.u_assumptions.assume_align_halfword:witness1" was covered in 1 cycles in 0.01 s.
INFO (IPF047): 2.0.Hp: The cover property "ahb3liten.u_assumptions.assume_valid_haddr:witness1" was covered in 1 cycles in 0.01 s.
INFO (IPF047): 2.0.Hp: The cover property "ahb3liten.u_assumptions.assume_valid_haddr:precondition1" was covered in 1 cycles in 0.01 s.
INFO (IPF047): 2.0.Hp: The cover property "ahb3liten.u_assumptions.assume_align_halfword:precondition1" was covered in 1 cycles in 0.01 s.
2.0.Hp: A trace with 1 cycles was found. [0.00 s]
INFO (IPF047): 2.0.Hp: The cover property "ahb3liten.u_checker._assert_5:witness1" was covered in 1 cycles in 0.01 s.
INFO (IPF047): 2.0.Hp: The cover property "ahb3liten.u_assumptions.assume_burst_len_incr16:precondition1" was covered in 1 cycles in 0.01 s.
2.0.Hp: A trace with 1 cycles was found. [0.01 s]
INFO (IPF047): 2.0.Hp: The cover property "ahb3liten.u_checker._assert_6:witness1" was covered in 1 cycles in 0.02 s.
2.0.Hp: A trace with 1 cycles was found. [0.01 s]
INFO (IPF055): 2.0.Hp: A counterexample (cex) with 1 cycles was found for the property "ahb3liten.u_checker._assert_8" in 0.02 s.
INFO (IPF047): 2.0.Hp: The cover property "ahb3liten.u_checker._assert_8:precondition1" was covered in 1 cycles in 0.02 s.
INFO (IPF055): 2.0.Hp: A counterexample (cex) with 1 cycles was found for the property "ahb3liten.u_checker._assert_9" in 0.02 s.
INFO (IPF047): 2.0.Hp: The cover property "ahb3liten.u_assumptions.assume_1kb_boundary:witness1" was covered in 1 cycles in 0.02 s.
INFO (IPF047): 2.0.Hp: The cover property "ahb3liten.u_assumptions.assume_1kb_boundary:precondition1" was covered in 1 cycles in 0.02 s.
INFO (IPF047): 2.0.Hp: The cover property "ahb3liten.u_assumptions.assume_no_seq_after_idle:witness1" was covered in 1 cycles in 0.02 s.
INFO (IPF047): 2.0.Hp: The cover property "ahb3liten.u_assumptions.assume_no_seq_after_idle:precondition1" was covered in 1 cycles in 0.02 s.
INFO (IPF047): 2.0.Hp: The cover property "ahb3liten.u_assumptions.assume_const_hsize_burst:witness1" was covered in 1 cycles in 0.02 s.
INFO (IPF047): 2.0.Hp: The cover property "ahb3liten.u_assumptions.assume_const_hburst_burst:witness1" was covered in 1 cycles in 0.02 s.
INFO (IPF047): 2.0.Hp: The cover property "ahb3liten.u_checker._assert_9:precondition1" was covered in 1 cycles in 0.02 s.
INFO (IPF047): 2.0.Hp: The cover property "ahb3liten.u_assumptions.assume_const_hsize_burst:precondition1" was covered in 1 cycles in 0.02 s.
INFO (IPF047): 2.0.Hp: The cover property "ahb3liten.u_assumptions.assume_const_hwrite_burst:witness1" was covered in 1 cycles in 0.02 s.
INFO (IPF047): 2.0.Hp: The cover property "ahb3liten.u_assumptions.assume_const_hwrite_burst:precondition1" was covered in 1 cycles in 0.02 s.
INFO (IPF047): 2.0.Hp: The cover property "ahb3liten.u_assumptions.assume_const_hburst_burst:precondition1" was covered in 1 cycles in 0.02 s.
INFO (IPF047): 2.0.Hp: The cover property "ahb3liten.u_assumptions.assume_valid_seq_pred:witness1" was covered in 1 cycles in 0.02 s.
INFO (IPF047): 2.0.Hp: The cover property "ahb3liten.u_assumptions.assume_valid_seq_pred:precondition1" was covered in 1 cycles in 0.02 s.
2: ProofGrid is temporarily paused because there are too many pending traces.
2: ProofGrid is resuming to work after pausing for 0.03s. The amount of pending traces decreased.
2.0.Hp: A trace with 1 cycles was found. [0.01 s]
INFO (IPF047): 2.0.Hp: The cover property "ahb3liten.u_checker._assert_8:witness1" was covered in 1 cycles in 0.03 s.
2: ProofGrid usable level: 44
2.0.Hp: A trace with 1 cycles was found. [0.01 s]
INFO (IPF047): 2.0.Hp: The cover property "ahb3liten.u_checker._assert_9:witness1" was covered in 1 cycles in 0.06 s.
2.0.Hp: A trace with 1 cycles was found. [0.01 s]
INFO (IPF047): 2.0.Hp: The cover property "ahb3liten.u_assumptions.assume_align_word:witness1" was covered in 1 cycles in 0.06 s.
INFO (IPF047): 2.0.Hp: The cover property "ahb3liten.u_assumptions.assume_align_word:precondition1" was covered in 1 cycles in 0.06 s.
INFO (IPF047): 2.0.Hp: The cover property "ahb3liten.u_assumptions.assume_wrap4_word_bound:witness1" was covered in 1 cycles in 0.06 s.
INFO (IPF047): 2.0.Hp: The cover property "ahb3liten.u_assumptions.assume_wrap4_word_bound:precondition1" was covered in 1 cycles in 0.06 s.
2.0.Hp: A trace with 1 cycles was found. [0.01 s]
INFO (IPF047): 2.0.Hp: The cover property "ahb3liten.u_assumptions.assume_stable_haddr_wait:witness1" was covered in 1 cycles in 0.06 s.
INFO (IPF047): 2.0.Hp: The cover property "ahb3liten.u_assumptions.assume_stable_haddr_wait:precondition1" was covered in 1 cycles in 0.06 s.
INFO (IPF047): 2.0.Hp: The cover property "ahb3liten.u_assumptions.assume_stable_htrans_wait:witness1" was covered in 1 cycles in 0.06 s.
INFO (IPF047): 2.0.Hp: The cover property "ahb3liten.u_assumptions.assume_stable_hsize_wait:witness1" was covered in 1 cycles in 0.06 s.
INFO (IPF047): 2.0.Hp: The cover property "ahb3liten.u_assumptions.assume_stable_hburst_wait:witness1" was covered in 1 cycles in 0.06 s.
INFO (IPF047): 2.0.Hp: The cover property "ahb3liten.u_assumptions.assume_stable_hwrite_wait:witness1" was covered in 1 cycles in 0.06 s.
INFO (IPF047): 2.0.Hp: The cover property "ahb3liten.u_assumptions.assume_stable_hsel_wait:witness1" was covered in 1 cycles in 0.06 s.
INFO (IPF047): 2.0.Hp: The cover property "ahb3liten.u_assumptions.assume_stable_htrans_wait:precondition1" was covered in 1 cycles in 0.06 s.
INFO (IPF047): 2.0.Hp: The cover property "ahb3liten.u_assumptions.assume_stable_hsize_wait:precondition1" was covered in 1 cycles in 0.06 s.
INFO (IPF047): 2.0.Hp: The cover property "ahb3liten.u_assumptions.assume_stable_hburst_wait:precondition1" was covered in 1 cycles in 0.06 s.
INFO (IPF047): 2.0.Hp: The cover property "ahb3liten.u_assumptions.assume_stable_hwrite_wait:precondition1" was covered in 1 cycles in 0.06 s.
INFO (IPF047): 2.0.Hp: The cover property "ahb3liten.u_assumptions.assume_stable_hsel_wait:precondition1" was covered in 1 cycles in 0.06 s.
2.0.Hp: A trace with 1 cycles was found. [0.01 s]
INFO (IPF047): 2.0.Hp: The cover property "ahb3liten.u_assumptions.assume_valid_busy_pred:witness1" was covered in 1 cycles in 0.07 s.
INFO (IPF047): 2.0.Hp: The cover property "ahb3liten.u_assumptions.assume_valid_busy_pred:precondition1" was covered in 1 cycles in 0.07 s.
INFO (IPF047): 2.0.Hp: The cover property "ahb3liten.u_assumptions.assume_busy_addr_stable:witness1" was covered in 1 cycles in 0.07 s.
INFO (IPF047): 2.0.Hp: The cover property "ahb3liten.u_assumptions.assume_busy_addr_stable:precondition1" was covered in 1 cycles in 0.07 s.
2.0.Hp: A trace with 1 cycles was found. [0.01 s]
INFO (IPF047): 2.0.Hp: The cover property "ahb3liten.u_assumptions.assume_single_no_seq:witness1" was covered in 1 cycles in 0.07 s.
INFO (IPF047): 2.0.Hp: The cover property "ahb3liten.u_assumptions.assume_single_no_seq:precondition1" was covered in 1 cycles in 0.07 s.
INFO (IPF047): 2.0.Hp: The cover property "ahb3liten.u_assumptions.assume_single_no_busy:witness1" was covered in 1 cycles in 0.07 s.
INFO (IPF047): 2.0.Hp: The cover property "ahb3liten.u_assumptions.assume_single_no_busy:precondition1" was covered in 1 cycles in 0.07 s.
2: ProofGrid is temporarily paused because there are too many pending traces.
2: ProofGrid is resuming to work after pausing for 0.01s. The amount of pending traces decreased.
2.0.Hp: A trace with 1 cycles was found. [0.01 s]
INFO (IPF047): 2.0.Hp: The cover property "ahb3liten.u_assumptions.assume_burst_len_incr4:precondition1" was covered in 1 cycles in 0.07 s.
2.0.Hp: A trace with 1 cycles was found. [0.01 s]
INFO (IPF047): 2.0.Hp: The cover property "ahb3liten.u_assumptions.assume_burst_len_wrap4:precondition1" was covered in 1 cycles in 0.07 s.
2.0.Hp: A trace with 1 cycles was found. [0.01 s]
INFO (IPF047): 2.0.Hp: The cover property "ahb3liten.u_assumptions.assume_burst_len_incr8:precondition1" was covered in 1 cycles in 0.07 s.
2.0.Hp: A trace with 1 cycles was found. [0.01 s]
INFO (IPF047): 2.0.Hp: The cover property "ahb3liten.u_assumptions.assume_burst_len_wrap8:precondition1" was covered in 1 cycles in 0.08 s.
2.0.Hp: A trace with 1 cycles was found. [0.01 s]
INFO (IPF047): 2.0.Hp: The cover property "ahb3liten.u_assumptions.assume_burst_len_wrap16:precondition1" was covered in 1 cycles in 0.08 s.
2: ProofGrid is temporarily paused because there are too many pending traces.
2: ProofGrid is resuming to work after pausing for 0.01s. The amount of pending traces decreased.
2.0.Hp: A trace with 1 cycles was found. [0.01 s]
INFO (IPF047): 2.0.Hp: The cover property "ahb3liten.u_assumptions.assume_incr_addr_math:witness1" was covered in 1 cycles in 0.08 s.
INFO (IPF047): 2.0.Hp: The cover property "ahb3liten.u_assumptions.assume_incr_addr_math:precondition1" was covered in 1 cycles in 0.08 s.
2.0.Ht: Proofgrid shell started at 2682@pc9(local) jg_27470_pc9_17
2.0.Bm: pc9: Support for "CentOS Linux release 7.9.2009 (Core)" will be removed with the 2025.09 release.
2.0.Bm: Proofgrid shell started at 2704@pc9(local) jg_27470_pc9_17
2.0.Mpcustom2: pc9: Support for "CentOS Linux release 7.9.2009 (Core)" will be removed with the 2025.09 release.
2.0.Mpcustom2: Proofgrid shell started at 2706@pc9(local) jg_27470_pc9_17
2.0.Oh: pc9: Support for "CentOS Linux release 7.9.2009 (Core)" will be removed with the 2025.09 release.
2.0.L: pc9: Support for "CentOS Linux release 7.9.2009 (Core)" will be removed with the 2025.09 release.
2.0.Hp: A trace with 1 cycles was found. [0.01 s]
INFO (IPF047): 2.0.Hp: The cover property "ahb3liten.u_assumptions.assume_wrap8_word_bound:witness1" was covered in 1 cycles in 0.08 s.
INFO (IPF047): 2.0.Hp: The cover property "ahb3liten.u_assumptions.assume_wrap8_word_bound:precondition1" was covered in 1 cycles in 0.08 s.
2.0.Hp: A trace with 1 cycles was found. [0.01 s]
INFO (IPF047): 2.0.Hp: The cover property "ahb3liten.u_assumptions.assume_wrap16_word_bound:witness1" was covered in 1 cycles in 0.08 s.
INFO (IPF047): 2.0.Hp: The cover property "ahb3liten.u_assumptions.assume_wrap16_word_bound:precondition1" was covered in 1 cycles in 0.08 s.
2.0.Hp: A trace with 1 cycles was found. [0.01 s]
INFO (IPF047): 2.0.Hp: The cover property "ahb3liten.u_assumptions.assume_wrap4_hw_bound:witness1" was covered in 1 cycles in 0.09 s.
INFO (IPF047): 2.0.Hp: The cover property "ahb3liten.u_assumptions.assume_wrap4_hw_bound:precondition1" was covered in 1 cycles in 0.09 s.
2.0.Hp: A proof was found: No trace exists. [0.03 s]
INFO (IPF057): 2.0.Hp: The property "ahb3liten.u_checker._assert_2" was proven in 0.09 s.
2.0.Hp: Trace Attempt  2	[0.03 s]
2.0.Hp: A trace with 2 cycles was found. [0.03 s]
INFO (IPF055): 2.0.Hp: A counterexample (cex) with 2 cycles was found for the property "ahb3liten.u_checker._assert_4" in 0.09 s.
INFO (IPF047): 2.0.Hp: The cover property "ahb3liten.u_checker._assert_4:precondition1" was covered in 2 cycles in 0.09 s.
2: ProofGrid is temporarily paused because there are too many pending traces.
2: ProofGrid is resuming to work after pausing for 0.01s. The amount of pending traces decreased.
2.0.Hp: A trace with 2 cycles was found. [0.03 s]
INFO (IPF047): 2.0.Hp: The cover property "ahb3liten.u_checker._assert_4:witness1" was covered in 2 cycles in 0.09 s.
INFO (IPF047): 2.0.Hp: The cover property "ahb3liten.u_checker._assert_10:witness1" was covered in 2 cycles in 0.09 s.
INFO (IPF047): 2.0.Hp: The cover property "ahb3liten.u_checker._assert_10:precondition1" was covered in 2 cycles in 0.09 s.
2.0.Hp: A trace with 2 cycles was found. [0.03 s]
INFO (IPF055): 2.0.Hp: A counterexample (cex) with 2 cycles was found for the property "ahb3liten.u_checker._assert_10" in 0.09 s.
2.0.Hp: Trace Attempt  3	[0.04 s]
2.0.Hp: Trace Attempt  4	[0.05 s]
2.0.Hp: A trace with 4 cycles was found. [0.05 s]
INFO (IPF047): 2.0.Hp: The cover property "ahb3liten.u_assumptions.assume_burst_len_incr4:witness1" was covered in 4 cycles in 0.10 s.
2.0.Hp: A trace with 4 cycles was found. [0.05 s]
INFO (IPF047): 2.0.Hp: The cover property "ahb3liten.u_assumptions.assume_burst_len_wrap4:witness1" was covered in 4 cycles in 0.10 s.
2.0.Hp: Trace Attempt  5	[0.07 s]
2.0.Oh: Proofgrid shell started at 2707@pc9(local) jg_27470_pc9_17
2.0.Hp: Trace Attempt  8	[0.10 s]
2.0.Hp: A trace with 8 cycles was found. [0.10 s]
INFO (IPF047): 2.0.Hp: The cover property "ahb3liten.u_assumptions.assume_burst_len_incr8:witness1" was covered in 8 cycles in 0.10 s.
2: ProofGrid is temporarily paused because there are too many pending traces.
2: ProofGrid is resuming to work after pausing for 0.01s. The amount of pending traces decreased.
2.0.Hp: A trace with 8 cycles was found. [0.10 s]
INFO (IPF047): 2.0.Hp: The cover property "ahb3liten.u_assumptions.assume_burst_len_wrap8:witness1" was covered in 8 cycles in 0.10 s.
2.0.Ht: clocks: 1, declared: 1, looping: 0, posedge: 1, negedge: 0, noedge: 0, bothedge: 0
2.0.Ht: Trace Attempt  1	[0.02 s]
2.0.Ht: Trace Attempt  2	[0.02 s]
2.0.Ht: Trace Attempt  3	[0.02 s]
2.0.Ht: Trace Attempt  4	[0.02 s]
2.0.Ht: Trace Attempt  5	[0.02 s]
2.0.Bm: clocks: 1, declared: 1, looping: 0, posedge: 1, negedge: 0, noedge: 0, bothedge: 0
2.0.Bm: Trace Attempt  1	[0.02 s]
2.0.Bm: Trace Attempt  2	[0.02 s]
2.0.Mpcustom2: clocks: 1, declared: 1, looping: 0, posedge: 1, negedge: 0, noedge: 0, bothedge: 0
2.0.Mpcustom2: Trace Attempt  1	[0.01 s]
2.0.Mpcustom2: Trace Attempt  2	[0.01 s]
2.0.Hp: Trace Attempt  9	[0.11 s]
2.0.Bm: Trace Attempt  3	[0.02 s]
2.0.Bm: Trace Attempt  4	[0.02 s]
2.0.Oh: clocks: 1, declared: 1, looping: 0, posedge: 1, negedge: 0, noedge: 0, bothedge: 0
2.0.Oh: bwd trail(1): 1 0.00141052s
2.0.Oh: All properties either determined or skipped. [0.01 s]
2.0.L: Proofgrid shell started at 2708@pc9(local) jg_27470_pc9_17
2.0.AM: pc9: Support for "CentOS Linux release 7.9.2009 (Core)" will be removed with the 2025.09 release.
2.0.Bm: Trace Attempt  5	[0.03 s]
2.0.Oh: Exited with Success (@ 0.12 s)
2.0.L: clocks: 1, declared: 1, looping: 0, posedge: 1, negedge: 0, noedge: 0, bothedge: 0
2.0.L: Using trace diversification with seed 1 (0.05)
2.0.L: Using LRU state removal heuristic
2.0.L: Using states from traces to { (reset) }
2.0.L: Trace Attempt  3	[0.00 s]
2.0.Ht: Trace Attempt 16	[0.03 s]
2.0.Ht: A trace with 16 cycles was found. [0.03 s]
INFO (IPF047): 2.0.Ht: The cover property "ahb3liten.u_assumptions.assume_burst_len_incr16:witness1" was covered in 16 cycles in 0.01 s.
2.0.Ht: A trace with 16 cycles was found. [0.03 s]
INFO (IPF047): 2.0.Ht: The cover property "ahb3liten.u_assumptions.assume_burst_len_wrap16:witness1" was covered in 16 cycles in 0.01 s.
2.0.Hp: Interrupted (multi)
2.0.Ht: All properties determined. [0.03 s]
INFO (IPF144): 2: Initiating shutdown of proof [0.13 s]
2.0.Hp: Requesting engine job to terminate
2.0.AM: Requesting engine job to terminate
2.0.N: Requesting engine job to terminate
2.0.B: Requesting engine job to terminate
2.0.Mpcustom2: Requesting engine job to terminate
2.0.Ht: Requesting engine job to terminate
2.0.L: Requesting engine job to terminate
2.0.Bm: Requesting engine job to terminate
2.0.Hp: All properties determined. [0.00 s]
2.0.Bm: Trace Attempt 11	[0.03 s]
2.0.Bm: All properties determined. [0.00 s]
2.0.Bm: Exited with Success (@ 0.14 s)
2: ProofGrid usable level: 0
2.0.N: pc9: Support for "CentOS Linux release 7.9.2009 (Core)" will be removed with the 2025.09 release.
2.0.Hp: Exited with Success (@ 0.14 s)
2.0.Ht: Exited with Success (@ 0.14 s)
2.0.Mpcustom2: All properties determined. [0.00 s]
2.0.Mpcustom2: Exited with Success (@ 0.14 s)
2.0.L: All properties determined. [0.00 s]
2.0.B: pc9: Support for "CentOS Linux release 7.9.2009 (Core)" will be removed with the 2025.09 release.
2.0.L: Exited with Success (@ 0.14 s)
2.0.AM: Proofgrid shell started at 2790@pc9(local) jg_27470_pc9_17
2.0.AM: Preventing job from starting because proof is shutting down.
2.0.AM: Interrupted. [0.00 s]
2.0.N: Proofgrid shell started at 2785@pc9(local) jg_27470_pc9_17
2.0.AM: Exited with Success (@ 0.16 s)
2.0.N: Preventing job from starting because proof is shutting down.
2.0.N: Interrupted. [0.00 s]
2.0.N: Exited with Success (@ 0.16 s)
2.0.B: Proofgrid shell started at 2788@pc9(local) jg_27470_pc9_17
2.0.B: Preventing job from starting because proof is shutting down.
2.0.B: Interrupted. [0.00 s]
2.0.B: Exited with Success (@ 0.17 s)
2: --------------------------------------------------------------
ProofGrid Summary (utilization 20.13 %)
--------------------------------------------------------------
     engines started                               :     9
     engine jobs started                           :     9

    Time in state (seconds)
    --------------------------------------------
               Pending     Running        Dead
    --------------------------------------------
    min           0.00        0.00        0.00
    mean          0.09        0.02        0.00
    median        0.09        0.01        0.00
    max           0.12        0.13        0.00
    sum           0.81        0.20        0.00

    Data read    : 82.62 kiB
    Data written : 4.98 kiB

INFO (IPF180): 2: ProofGrid utilization: 20.13% slot-seconds: 0.20
2: ProofGrid usable level: 0
2: All pending notifications were processed.
2: ProofGrid was paused 5 times for a total of 0.07 seconds
INFO (IPF059): 2: Completed proof on task: "<embedded>"

==============================================================
SUMMARY
==============================================================
           Properties Considered              : 97
                 assertions                   : 10
                  - proven                    : 4 (40%)
                  - bounded_proven (user)     : 0 (0%)
                  - bounded_proven (auto)     : 0 (0%)
                  - marked_proven             : 0 (0%)
                  - cex                       : 6 (60%)
                  - ar_cex                    : 0 (0%)
                  - undetermined              : 0 (0%)
                  - unknown                   : 0 (0%)
                  - error                     : 0 (0%)
                 covers                       : 87
                  - unreachable               : 6 (6.89655%)
                  - bounded_unreachable (user): 0 (0%)
                  - covered                   : 81 (93.1034%)
                  - ar_covered                : 0 (0%)
                  - undetermined              : 0 (0%)
                  - unknown                   : 0 (0%)
                  - error                     : 0 (0%)
determined
determined
[<embedded>] % visualize -violation -property <embedded>::ahb3liten.u_checker._assert_4 -new_window
INFO (IVS015): Setting Visualize task to "<embedded>".
INFO (IVS008): Expanding analysis region to enable visualization of "<embedded>::ahb3liten.u_checker._assert_4".
cex
[<embedded>] % visualize -violation -property <embedded>::ahb3liten.u_checker._assert_4 -new_window
INFO (IVS015): Setting Visualize task to "<embedded>".
INFO (IVS008): Expanding analysis region to enable visualization of "<embedded>::ahb3liten.u_checker._assert_4".
cex
[<embedded>] % visualize -violation -property <embedded>::ahb3liten.u_checker._assert_5 -new_window
INFO (IVS015): Setting Visualize task to "<embedded>".
INFO (IVS008): Expanding analysis region to enable visualization of "<embedded>::ahb3liten.u_checker._assert_5".
cex
[<embedded>] % visualize -violation -property <embedded>::ahb3liten.u_checker._assert_6 -new_window
INFO (IVS015): Setting Visualize task to "<embedded>".
INFO (IVS008): Expanding analysis region to enable visualization of "<embedded>::ahb3liten.u_checker._assert_6".
cex
[<embedded>] % include scripts/fpv_setup.tcl
%% # =========================================================
%% # AHB-Lite SRAM Formal Verification Setup
%% # Role B - EE5214
%% # =========================================================
%% 
%% clear -all
INFO (IPF121): Cleared environment completely for new design analysis.
%% 
%% set ROOT [pwd]
/home/Abid.Hussain/verification/3.AHB-Lite-project
%% 
%% set top ahb3liten
ahb3liten
%% 
%% # -----------------------------
%% # STEP 1: PACKAGE FIRST (VERY IMPORTANT)
%% # -----------------------------
%% analyze -sv09 $ROOT/packages/ahb3lite_pkg.sv
[-- (VERI-1482)] Analyzing Verilog file '/mnt/cadence_tools/installs/JASPER25/lib/verilog/packages/std/std.sv' into library 'std'
[-- (VERI-1482)] Analyzing Verilog file '/home/Abid.Hussain/verification/3.AHB-Lite-project/packages/ahb3lite_pkg.sv'
%% 
%% # -----------------------------
%% # STEP 2: RTL
%% # -----------------------------
%% analyze -sv09 $ROOT/rtl/mem.sv
[-- (VERI-1482)] Analyzing Verilog file '/home/Abid.Hussain/verification/3.AHB-Lite-project/rtl/mem.sv'
%% analyze -sv09 $ROOT/rtl/design.sv
[-- (VERI-1482)] Analyzing Verilog file '/home/Abid.Hussain/verification/3.AHB-Lite-project/rtl/design.sv'
%% 
%% # -----------------------------
%% # STEP 3: SVA
%% # -----------------------------
%% analyze -sv09 $ROOT/sva/ahb_checker.sv
[-- (VERI-1482)] Analyzing Verilog file '/home/Abid.Hussain/verification/3.AHB-Lite-project/sva/ahb_checker.sv'
%% analyze -sv09 $ROOT/sva/ahb_assumptions.sv
[-- (VERI-1482)] Analyzing Verilog file '/home/Abid.Hussain/verification/3.AHB-Lite-project/sva/ahb_assumptions.sv'
%% #analyze -sv09 $ROOT/sva/ahb_cover.sv
%% 
%% # -----------------------------
%% # STEP 4: BIND
%% # -----------------------------
%% analyze -sv09 $ROOT/bind/bind_ahb.sv
[-- (VERI-1482)] Analyzing Verilog file '/home/Abid.Hussain/verification/3.AHB-Lite-project/bind/bind_ahb.sv'
%% 
%% # -----------------------------
%% # ELABORATE
%% # -----------------------------
%% elaborate -top $top -create_related_covers {precondition witness}
INFO (ISW003): Top module name is "ahb3liten".
[INFO (HIER-8002)] /home/Abid.Hussain/verification/3.AHB-Lite-project/rtl/design.sv(297): Disabling old hierarchical reference handler
[INFO (VERI-1018)] /home/Abid.Hussain/verification/3.AHB-Lite-project/rtl/mem.sv(1): compiling module 'mem:(ABITS=8)'
[INFO (VERI-2571)] /home/Abid.Hussain/verification/3.AHB-Lite-project/rtl/mem.sv(25): extracting RAM for identifier 'mem_array'
[WARN (VERI-9033)] /home/Abid.Hussain/verification/3.AHB-Lite-project/rtl/mem.sv(25): array mem_array (size 8192) automatically BLACK-BOXED. Use the "elaborate -bbox_a" command to prevent automatic black-boxing.
[INFO (VERI-1018)] /home/Abid.Hussain/verification/3.AHB-Lite-project/sva/ahb_checker.sv(8): compiling module 'ahb_checker'
[WARN (VERI-1796)] /home/Abid.Hussain/verification/3.AHB-Lite-project/sva/ahb_checker.sv(68): system function call isunknown with non-constant argument is not supported for synthesis
[WARN (VERI-1796)] /home/Abid.Hussain/verification/3.AHB-Lite-project/sva/ahb_checker.sv(68): system function call isunknown with non-constant argument is not supported for synthesis
[INFO (VERI-1018)] /home/Abid.Hussain/verification/3.AHB-Lite-project/sva/ahb_assumptions.sv(7): compiling module 'ahb_assumptions'
[WARN (VERI-1796)] /home/Abid.Hussain/verification/3.AHB-Lite-project/sva/ahb_assumptions.sv(65): system function call isunknown with non-constant argument is not supported for synthesis
[WARN (VERI-1796)] /home/Abid.Hussain/verification/3.AHB-Lite-project/sva/ahb_assumptions.sv(74): system function call isunknown with non-constant argument is not supported for synthesis
[WARN (VERI-1796)] /home/Abid.Hussain/verification/3.AHB-Lite-project/sva/ahb_assumptions.sv(83): system function call isunknown with non-constant argument is not supported for synthesis
[WARN (VERI-1796)] /home/Abid.Hussain/verification/3.AHB-Lite-project/sva/ahb_assumptions.sv(92): system function call isunknown with non-constant argument is not supported for synthesis
[INFO (VERI-1018)] /home/Abid.Hussain/verification/3.AHB-Lite-project/rtl/design.sv(1): compiling module 'ahb3liten'
[WARN (VERI-1209)] /home/Abid.Hussain/verification/3.AHB-Lite-project/rtl/design.sv(113): expression size 16 truncated to fit in target size 7
[WARN (VERI-1959)] /home/Abid.Hussain/verification/3.AHB-Lite-project/rtl/design.sv(155): left shift count >= width of value
[WARN (VERI-1959)] /home/Abid.Hussain/verification/3.AHB-Lite-project/rtl/design.sv(156): left shift count >= width of value
[WARN (VERI-1959)] /home/Abid.Hussain/verification/3.AHB-Lite-project/rtl/design.sv(157): left shift count >= width of value
[WARN (VERI-1209)] /home/Abid.Hussain/verification/3.AHB-Lite-project/rtl/design.sv(126): expression size 32 truncated to fit in target size 16
[WARN (VERI-1209)] /home/Abid.Hussain/verification/3.AHB-Lite-project/rtl/design.sv(127): expression size 32 truncated to fit in target size 16
[WARN (VERI-1209)] /home/Abid.Hussain/verification/3.AHB-Lite-project/rtl/design.sv(128): expression size 32 truncated to fit in target size 16
[WARN (VERI-1209)] /home/Abid.Hussain/verification/3.AHB-Lite-project/rtl/design.sv(129): expression size 32 truncated to fit in target size 16
[WARN (VERI-1209)] /home/Abid.Hussain/verification/3.AHB-Lite-project/rtl/design.sv(130): expression size 32 truncated to fit in target size 16
[WARN (VERI-1209)] /home/Abid.Hussain/verification/3.AHB-Lite-project/rtl/design.sv(131): expression size 32 truncated to fit in target size 16
[WARN (VERI-1209)] /home/Abid.Hussain/verification/3.AHB-Lite-project/rtl/design.sv(132): expression size 32 truncated to fit in target size 16
[WARN (VERI-1209)] /home/Abid.Hussain/verification/3.AHB-Lite-project/rtl/design.sv(133): expression size 32 truncated to fit in target size 16
INFO (INL208): Elaboration synthesis summary:
  Number of synthesized netlists          5 (1 packages)
  Single run mode                         On
  Pipeline                                On (4 pipelined netlists)
  Late hierarchical reference connection  On
  Number of analyzed Verilog modules      6 (5 synthesized)
  Number of analyzed VHDL entities        0 (0 synthesized)
  Advanced Incremental run mode           Off
INFO (INL003): Clearing all state information (assumes, stopats, and so forth).
ahb3liten
%% 
%% # -----------------------------
%% # CLOCK / RESET
%% # -----------------------------
%% clock HCLK
%% reset !HRESETn
INFO (IPM031): Clearing proof results of all properties.
INFO (IRS006): Current reset condition is "HRESETn".
%% 
%% # -----------------------------
%% # PROVE
%% # -----------------------------
%% prove -all
INFO (IPF036): Starting proof on task: "<embedded>", 95 properties to prove with 0 already proven/unreachable
INFO (IRS029): Starting reset analysis: phase 1 of 4.
INFO (IRS030): Running reset analysis: phase 2 of 4.
INFO (IRS031): Running reset analysis: phase 3 of 4.
INFO (IRS020): Starting the reset analysis simulation with a limit of 100 iterations (phase 4 of 4).
INFO (ISIM006): Running simulation: {mode = single, probe = all}.
INFO (IRS024): Reset iterations 0 to 4 analyzed.
INFO (ISIM008): Simulation is processing trace data. Total number of nets in analysis 2282.
INFO (IRS018): Reset analysis simulation executed for 3 iterations. Assigned values for 2 of 113 design flops, 0 of 0 design latches, 213 of 419 internal elements.
INFO (IRS039): Reset analysis complete.
INFO (IPF031): Settings used for proof thread 2:
    orchestration                      = on
    time_limit                         = 86400s
    per_property_time_limit            = 1s * 10 ^ scan
    engine_mode                        = auto
    proofgrid_per_engine_max_jobs      = 1
    max engine jobs                    = auto
    proofgrid_mode                     = local
    proofgrid_restarts                 = 10
2.0.PRE: A proof was found: No trace exists. [0.00 s]
INFO (IPF057): 2.0.PRE: The property "ahb3liten.u_checker._assert_1" was proven in 0.00 s.
2.0.PRE: A proof was found: No trace exists. [0.00 s]
INFO (IPF051): 2.0.PRE: The cover property "ahb3liten.u_checker._assert_1:witness1" was proven unreachable in 0.00 s.
2.0.PRE: A proof was found: No trace exists. [0.00 s]
INFO (IPF051): 2.0.PRE: The cover property "ahb3liten.u_checker._assert_1:precondition1" was proven unreachable in 0.00 s.
2.0.PRE: A proof was found: No trace exists. [0.00 s]
INFO (IPF057): 2.0.PRE: The property "ahb3liten.u_checker._assert_3" was proven in 0.00 s.
2.0.PRE: A proof was found: No trace exists. [0.00 s]
INFO (IPF057): 2.0.PRE: The property "ahb3liten.u_checker._assert_7" was proven in 0.00 s.
2.0.PRE: A proof was found: No trace exists. [0.00 s]
INFO (IPF051): 2.0.PRE: The cover property "ahb3liten.u_checker._assert_7:witness1" was proven unreachable in 0.00 s.
2.0.PRE: A proof was found: No trace exists. [0.00 s]
INFO (IPF051): 2.0.PRE: The cover property "ahb3liten.u_checker._assert_7:precondition1" was proven unreachable in 0.00 s.
2.0.PRE: A proof was found: No trace exists. [0.00 s]
INFO (IPF051): 2.0.PRE: The cover property "ahb3liten.u_assumptions.assume_reset_htrans:witness1" was proven unreachable in 0.00 s.
2.0.PRE: A proof was found: No trace exists. [0.00 s]
INFO (IPF051): 2.0.PRE: The cover property "ahb3liten.u_assumptions.assume_reset_htrans:precondition1" was proven unreachable in 0.00 s.
2: Found proofs for 9 properties in preprocessing
2: Using multistage preprocessing
2: Starting reduce
2: Finished reduce in 0.001s
2.0.PRE: Performing Proof Simplification...
2.0.Hp: clocks: 1, declared: 1, looping: 0, posedge: 1, negedge: 0, noedge: 0, bothedge: 0
2.0.Hp: Proof Simplification Iteration 1	[0.00 s]
2.0.Hp: A max_length bound was found. The shortest trace is no longer than 1 cycles. [0.00 s]
INFO (IPF008): 2.0.Hp: A max_length bound of 1 was found for the property "ahb3liten.u_checker._assert_3:witness1" in 0.00 s.
2.0.Hp: A max_length bound was found. The shortest trace is no longer than 1 cycles. [0.00 s]
INFO (IPF008): 2.0.Hp: A max_length bound of 1 was found for the property "ahb3liten.u_assumptions.assume_valid_htrans:witness1" in 0.00 s.
2.0.Hp: A max_length bound was found. The shortest trace is no longer than 1 cycles. [0.00 s]
INFO (IPF008): 2.0.Hp: A max_length bound of 1 was found for the property "ahb3liten.u_assumptions.assume_valid_hburst:witness1" in 0.00 s.
2.0.Hp: A max_length bound was found. The shortest trace is no longer than 1 cycles. [0.00 s]
INFO (IPF008): 2.0.Hp: A max_length bound of 1 was found for the property "ahb3liten.u_assumptions.assume_valid_hsize:witness1" in 0.00 s.
2.0.Hp: A max_length bound was found. The shortest trace is no longer than 1 cycles. [0.00 s]
INFO (IPF008): 2.0.Hp: A max_length bound of 1 was found for the property "ahb3liten.u_assumptions.assume_valid_hwrite:witness1" in 0.00 s.
2.0.Hp: A max_length bound was found. The shortest trace is no longer than 1 cycles. [0.00 s]
INFO (IPF008): 2.0.Hp: A max_length bound of 1 was found for the property "ahb3liten.u_assumptions.assume_valid_hsel:witness1" in 0.00 s.
2.0.Hp: A max_length bound was found. The shortest trace is no longer than 1 cycles. [0.00 s]
INFO (IPF008): 2.0.Hp: A max_length bound of 1 was found for the property "ahb3liten.u_assumptions.assume_valid_hready:witness1" in 0.00 s.
2.0.Hp: Proof Simplification Iteration 2	[0.00 s]
2.0.Hp: Proof Simplification Iteration 3	[0.00 s]
2.0.PRE: Proof Simplification completed in 0.01 s
2.0.Hp: Identified and disabled 23 duplicated targets.
2: About to start ProofGrid in its own thread with a limit of 10000 pending notifications and a limit of 10 traces.
2: ============================= ProofGrid (v3) start =============================
2: ProofGrid usable level: 63
2: Initial ProofGrid level: 1
2: ProofGrid is starting event handling
2: Computed task hash in 0.00ss
2.0.Hp: pc9: Support for "CentOS Linux release 7.9.2009 (Core)" will be removed with the 2025.09 release.
2.0.Ht: pc9: Support for "CentOS Linux release 7.9.2009 (Core)" will be removed with the 2025.09 release.
2: ProofGrid usable level: 63
2.0.Hp: Proofgrid shell started at 5993@pc9(local) jg_27470_pc9_18
2: ProofGrid usable level: 63
2: ProofGrid usable level: 63
2.0.Hp: clocks: 1, declared: 1, looping: 0, posedge: 1, negedge: 0, noedge: 0, bothedge: 0
2: ProofGrid usable level: 63
2.0.Ht: Proofgrid shell started at 6012@pc9(local) jg_27470_pc9_18
2: ProofGrid usable level: 63
2.0.Bm: pc9: Support for "CentOS Linux release 7.9.2009 (Core)" will be removed with the 2025.09 release.
2.0.Hp: Trace Attempt  1	[0.01 s]
2.0.Hp: A trace with 1 cycles was found. [0.01 s]
INFO (IPF047): 2.0.Hp: The cover property "ahb3liten.u_checker._assert_2:witness1" was covered in 1 cycles in 0.02 s.
INFO (IPF047): 2.0.Hp: The cover property "ahb3liten.u_checker._assert_2:precondition1" was covered in 1 cycles in 0.02 s.
INFO (IPF047): 2.0.Hp: The cover property "ahb3liten.u_checker._assert_3:witness1" was covered in 1 cycles in 0.02 s.
INFO (IPF047): 2.0.Hp: The cover property "ahb3liten.u_assumptions.assume_valid_htrans:witness1" was covered in 1 cycles in 0.02 s.
INFO (IPF047): 2.0.Hp: The cover property "ahb3liten.u_assumptions.assume_valid_hburst:witness1" was covered in 1 cycles in 0.02 s.
INFO (IPF047): 2.0.Hp: The cover property "ahb3liten.u_assumptions.assume_valid_hsize:witness1" was covered in 1 cycles in 0.02 s.
INFO (IPF047): 2.0.Hp: The cover property "ahb3liten.u_assumptions.assume_valid_hwrite:witness1" was covered in 1 cycles in 0.02 s.
INFO (IPF047): 2.0.Hp: The cover property "ahb3liten.u_assumptions.assume_valid_hsel:witness1" was covered in 1 cycles in 0.02 s.
INFO (IPF047): 2.0.Hp: The cover property "ahb3liten.u_assumptions.assume_valid_hready:witness1" was covered in 1 cycles in 0.02 s.
2.0.Hp: A trace with 1 cycles was found. [0.01 s]
INFO (IPF055): 2.0.Hp: A counterexample (cex) with 1 cycles was found for the property "ahb3liten.u_checker._assert_5" in 0.02 s.
INFO (IPF047): 2.0.Hp: The cover property "ahb3liten.u_checker._assert_5:precondition1" was covered in 1 cycles in 0.02 s.
INFO (IPF055): 2.0.Hp: A counterexample (cex) with 1 cycles was found for the property "ahb3liten.u_checker._assert_6" in 0.02 s.
INFO (IPF047): 2.0.Hp: The cover property "ahb3liten.u_checker._assert_6:precondition1" was covered in 1 cycles in 0.02 s.
INFO (IPF047): 2.0.Hp: The cover property "ahb3liten.u_assumptions.assume_align_halfword:witness1" was covered in 1 cycles in 0.02 s.
INFO (IPF047): 2.0.Hp: The cover property "ahb3liten.u_assumptions.assume_valid_haddr:witness1" was covered in 1 cycles in 0.02 s.
INFO (IPF047): 2.0.Hp: The cover property "ahb3liten.u_assumptions.assume_valid_haddr:precondition1" was covered in 1 cycles in 0.02 s.
INFO (IPF047): 2.0.Hp: The cover property "ahb3liten.u_assumptions.assume_align_halfword:precondition1" was covered in 1 cycles in 0.02 s.
2.0.Hp: A trace with 1 cycles was found. [0.01 s]
INFO (IPF047): 2.0.Hp: The cover property "ahb3liten.u_checker._assert_5:witness1" was covered in 1 cycles in 0.02 s.
INFO (IPF047): 2.0.Hp: The cover property "ahb3liten.u_assumptions.assume_burst_len_incr16:precondition1" was covered in 1 cycles in 0.02 s.
2.0.Hp: A trace with 1 cycles was found. [0.01 s]
INFO (IPF047): 2.0.Hp: The cover property "ahb3liten.u_checker._assert_6:witness1" was covered in 1 cycles in 0.02 s.
2.0.Hp: A trace with 1 cycles was found. [0.01 s]
INFO (IPF055): 2.0.Hp: A counterexample (cex) with 1 cycles was found for the property "ahb3liten.u_checker._assert_8" in 0.03 s.
INFO (IPF047): 2.0.Hp: The cover property "ahb3liten.u_checker._assert_8:precondition1" was covered in 1 cycles in 0.03 s.
INFO (IPF055): 2.0.Hp: A counterexample (cex) with 1 cycles was found for the property "ahb3liten.u_checker._assert_9" in 0.03 s.
INFO (IPF047): 2.0.Hp: The cover property "ahb3liten.u_assumptions.assume_1kb_boundary:witness1" was covered in 1 cycles in 0.03 s.
INFO (IPF047): 2.0.Hp: The cover property "ahb3liten.u_assumptions.assume_1kb_boundary:precondition1" was covered in 1 cycles in 0.03 s.
INFO (IPF047): 2.0.Hp: The cover property "ahb3liten.u_assumptions.assume_no_seq_after_idle:witness1" was covered in 1 cycles in 0.03 s.
INFO (IPF047): 2.0.Hp: The cover property "ahb3liten.u_assumptions.assume_no_seq_after_idle:precondition1" was covered in 1 cycles in 0.03 s.
INFO (IPF047): 2.0.Hp: The cover property "ahb3liten.u_assumptions.assume_const_hsize_burst:witness1" was covered in 1 cycles in 0.03 s.
INFO (IPF047): 2.0.Hp: The cover property "ahb3liten.u_assumptions.assume_const_hburst_burst:witness1" was covered in 1 cycles in 0.03 s.
INFO (IPF047): 2.0.Hp: The cover property "ahb3liten.u_checker._assert_9:precondition1" was covered in 1 cycles in 0.03 s.
INFO (IPF047): 2.0.Hp: The cover property "ahb3liten.u_assumptions.assume_const_hsize_burst:precondition1" was covered in 1 cycles in 0.03 s.
INFO (IPF047): 2.0.Hp: The cover property "ahb3liten.u_assumptions.assume_const_hwrite_burst:witness1" was covered in 1 cycles in 0.03 s.
INFO (IPF047): 2.0.Hp: The cover property "ahb3liten.u_assumptions.assume_const_hwrite_burst:precondition1" was covered in 1 cycles in 0.03 s.
INFO (IPF047): 2.0.Hp: The cover property "ahb3liten.u_assumptions.assume_const_hburst_burst:precondition1" was covered in 1 cycles in 0.03 s.
INFO (IPF047): 2.0.Hp: The cover property "ahb3liten.u_assumptions.assume_valid_seq_pred:witness1" was covered in 1 cycles in 0.03 s.
INFO (IPF047): 2.0.Hp: The cover property "ahb3liten.u_assumptions.assume_valid_seq_pred:precondition1" was covered in 1 cycles in 0.03 s.
2: ProofGrid is temporarily paused because there are too many pending traces.
2: ProofGrid is resuming to work after pausing for 0.03s. The amount of pending traces decreased.
2.0.Hp: A trace with 1 cycles was found. [0.01 s]
INFO (IPF047): 2.0.Hp: The cover property "ahb3liten.u_checker._assert_8:witness1" was covered in 1 cycles in 0.03 s.
2.0.Hp: A trace with 1 cycles was found. [0.01 s]
INFO (IPF047): 2.0.Hp: The cover property "ahb3liten.u_checker._assert_9:witness1" was covered in 1 cycles in 0.03 s.
2.0.Hp: A trace with 1 cycles was found. [0.01 s]
INFO (IPF047): 2.0.Hp: The cover property "ahb3liten.u_assumptions.assume_align_word:witness1" was covered in 1 cycles in 0.03 s.
INFO (IPF047): 2.0.Hp: The cover property "ahb3liten.u_assumptions.assume_align_word:precondition1" was covered in 1 cycles in 0.03 s.
2.0.Hp: A trace with 1 cycles was found. [0.01 s]
INFO (IPF047): 2.0.Hp: The cover property "ahb3liten.u_assumptions.assume_stable_haddr_wait:witness1" was covered in 1 cycles in 0.03 s.
INFO (IPF047): 2.0.Hp: The cover property "ahb3liten.u_assumptions.assume_stable_haddr_wait:precondition1" was covered in 1 cycles in 0.03 s.
INFO (IPF047): 2.0.Hp: The cover property "ahb3liten.u_assumptions.assume_stable_htrans_wait:witness1" was covered in 1 cycles in 0.03 s.
INFO (IPF047): 2.0.Hp: The cover property "ahb3liten.u_assumptions.assume_stable_hsize_wait:witness1" was covered in 1 cycles in 0.03 s.
INFO (IPF047): 2.0.Hp: The cover property "ahb3liten.u_assumptions.assume_stable_hburst_wait:witness1" was covered in 1 cycles in 0.03 s.
INFO (IPF047): 2.0.Hp: The cover property "ahb3liten.u_assumptions.assume_stable_hwrite_wait:witness1" was covered in 1 cycles in 0.03 s.
INFO (IPF047): 2.0.Hp: The cover property "ahb3liten.u_assumptions.assume_stable_hsel_wait:witness1" was covered in 1 cycles in 0.03 s.
INFO (IPF047): 2.0.Hp: The cover property "ahb3liten.u_assumptions.assume_stable_htrans_wait:precondition1" was covered in 1 cycles in 0.03 s.
INFO (IPF047): 2.0.Hp: The cover property "ahb3liten.u_assumptions.assume_stable_hsize_wait:precondition1" was covered in 1 cycles in 0.03 s.
INFO (IPF047): 2.0.Hp: The cover property "ahb3liten.u_assumptions.assume_stable_hburst_wait:precondition1" was covered in 1 cycles in 0.03 s.
INFO (IPF047): 2.0.Hp: The cover property "ahb3liten.u_assumptions.assume_stable_hwrite_wait:precondition1" was covered in 1 cycles in 0.03 s.
INFO (IPF047): 2.0.Hp: The cover property "ahb3liten.u_assumptions.assume_stable_hsel_wait:precondition1" was covered in 1 cycles in 0.03 s.
2.0.Hp: A trace with 1 cycles was found. [0.01 s]
INFO (IPF047): 2.0.Hp: The cover property "ahb3liten.u_assumptions.assume_valid_busy_pred:witness1" was covered in 1 cycles in 0.03 s.
INFO (IPF047): 2.0.Hp: The cover property "ahb3liten.u_assumptions.assume_valid_busy_pred:precondition1" was covered in 1 cycles in 0.03 s.
INFO (IPF047): 2.0.Hp: The cover property "ahb3liten.u_assumptions.assume_busy_addr_stable:witness1" was covered in 1 cycles in 0.03 s.
INFO (IPF047): 2.0.Hp: The cover property "ahb3liten.u_assumptions.assume_busy_addr_stable:precondition1" was covered in 1 cycles in 0.03 s.
2: ProofGrid is temporarily paused because there are too many pending traces.
2: ProofGrid is resuming to work after pausing for 0.01s. The amount of pending traces decreased.
2.0.Hp: A trace with 1 cycles was found. [0.01 s]
INFO (IPF047): 2.0.Hp: The cover property "ahb3liten.u_assumptions.assume_single_no_seq:witness1" was covered in 1 cycles in 0.04 s.
INFO (IPF047): 2.0.Hp: The cover property "ahb3liten.u_assumptions.assume_single_no_seq:precondition1" was covered in 1 cycles in 0.04 s.
INFO (IPF047): 2.0.Hp: The cover property "ahb3liten.u_assumptions.assume_single_no_busy:witness1" was covered in 1 cycles in 0.04 s.
INFO (IPF047): 2.0.Hp: The cover property "ahb3liten.u_assumptions.assume_single_no_busy:precondition1" was covered in 1 cycles in 0.04 s.
2.0.Hp: A trace with 1 cycles was found. [0.01 s]
INFO (IPF047): 2.0.Hp: The cover property "ahb3liten.u_assumptions.assume_burst_len_incr4:precondition1" was covered in 1 cycles in 0.04 s.
2.0.Hp: A trace with 1 cycles was found. [0.01 s]
INFO (IPF047): 2.0.Hp: The cover property "ahb3liten.u_assumptions.assume_burst_len_wrap4:precondition1" was covered in 1 cycles in 0.04 s.
2.0.Hp: A trace with 1 cycles was found. [0.01 s]
INFO (IPF047): 2.0.Hp: The cover property "ahb3liten.u_assumptions.assume_burst_len_incr8:precondition1" was covered in 1 cycles in 0.04 s.
2.0.Hp: A trace with 1 cycles was found. [0.01 s]
INFO (IPF047): 2.0.Hp: The cover property "ahb3liten.u_assumptions.assume_burst_len_wrap8:precondition1" was covered in 1 cycles in 0.05 s.
2: ProofGrid is temporarily paused because there are too many pending traces.
2: ProofGrid is resuming to work after pausing for 0.01s. The amount of pending traces decreased.
2.0.Hp: A trace with 1 cycles was found. [0.01 s]
INFO (IPF047): 2.0.Hp: The cover property "ahb3liten.u_assumptions.assume_burst_len_wrap16:precondition1" was covered in 1 cycles in 0.05 s.
2.0.Hp: A trace with 1 cycles was found. [0.01 s]
INFO (IPF047): 2.0.Hp: The cover property "ahb3liten.u_assumptions.assume_wrap4_word_bound:witness1" was covered in 1 cycles in 0.05 s.
INFO (IPF047): 2.0.Hp: The cover property "ahb3liten.u_assumptions.assume_wrap4_word_bound:precondition1" was covered in 1 cycles in 0.05 s.
2.0.Hp: A trace with 1 cycles was found. [0.01 s]
INFO (IPF047): 2.0.Hp: The cover property "ahb3liten.u_assumptions.assume_wrap8_word_bound:witness1" was covered in 1 cycles in 0.05 s.
INFO (IPF047): 2.0.Hp: The cover property "ahb3liten.u_assumptions.assume_wrap8_word_bound:precondition1" was covered in 1 cycles in 0.05 s.
2.0.Hp: A trace with 1 cycles was found. [0.01 s]
INFO (IPF047): 2.0.Hp: The cover property "ahb3liten.u_assumptions.assume_wrap16_word_bound:witness1" was covered in 1 cycles in 0.06 s.
INFO (IPF047): 2.0.Hp: The cover property "ahb3liten.u_assumptions.assume_wrap16_word_bound:precondition1" was covered in 1 cycles in 0.06 s.
2.0.Hp: A trace with 1 cycles was found. [0.01 s]
INFO (IPF047): 2.0.Hp: The cover property "ahb3liten.u_assumptions.assume_wrap4_hw_bound:witness1" was covered in 1 cycles in 0.06 s.
INFO (IPF047): 2.0.Hp: The cover property "ahb3liten.u_assumptions.assume_wrap4_hw_bound:precondition1" was covered in 1 cycles in 0.06 s.
2.0.Bm: Proofgrid shell started at 6034@pc9(local) jg_27470_pc9_18
2.0.Mpcustom2: pc9: Support for "CentOS Linux release 7.9.2009 (Core)" will be removed with the 2025.09 release.
2.0.Mpcustom2: Proofgrid shell started at 6036@pc9(local) jg_27470_pc9_18
2.0.Oh: pc9: Support for "CentOS Linux release 7.9.2009 (Core)" will be removed with the 2025.09 release.
2.0.L: pc9: Support for "CentOS Linux release 7.9.2009 (Core)" will be removed with the 2025.09 release.
2.0.L: Proofgrid shell started at 6049@pc9(local) jg_27470_pc9_18
2.0.Hp: A proof was found: No trace exists. [0.02 s]
INFO (IPF057): 2.0.Hp: The property "ahb3liten.u_checker._assert_2" was proven in 0.06 s.
2.0.Hp: Trace Attempt  2	[0.02 s]
2: ProofGrid is temporarily paused because there are too many pending traces.
2: ProofGrid is resuming to work after pausing for 0.01s. The amount of pending traces decreased.
2.0.Hp: A trace with 2 cycles was found. [0.02 s]
INFO (IPF055): 2.0.Hp: A counterexample (cex) with 2 cycles was found for the property "ahb3liten.u_checker._assert_4" in 0.06 s.
INFO (IPF047): 2.0.Hp: The cover property "ahb3liten.u_checker._assert_4:precondition1" was covered in 2 cycles in 0.06 s.
2.0.Hp: A trace with 2 cycles was found. [0.02 s]
INFO (IPF047): 2.0.Hp: The cover property "ahb3liten.u_checker._assert_4:witness1" was covered in 2 cycles in 0.06 s.
INFO (IPF047): 2.0.Hp: The cover property "ahb3liten.u_checker._assert_10:witness1" was covered in 2 cycles in 0.06 s.
INFO (IPF047): 2.0.Hp: The cover property "ahb3liten.u_checker._assert_10:precondition1" was covered in 2 cycles in 0.06 s.
2.0.Hp: A trace with 2 cycles was found. [0.03 s]
INFO (IPF055): 2.0.Hp: A counterexample (cex) with 2 cycles was found for the property "ahb3liten.u_checker._assert_10" in 0.07 s.
2.0.Hp: Trace Attempt  3	[0.03 s]
2.0.Hp: Trace Attempt  4	[0.04 s]
2.0.Hp: A trace with 4 cycles was found. [0.04 s]
INFO (IPF047): 2.0.Hp: The cover property "ahb3liten.u_assumptions.assume_burst_len_incr4:witness1" was covered in 4 cycles in 0.07 s.
2.0.Hp: A trace with 4 cycles was found. [0.04 s]
INFO (IPF047): 2.0.Hp: The cover property "ahb3liten.u_assumptions.assume_burst_len_wrap4:witness1" was covered in 4 cycles in 0.07 s.
2.0.Hp: Trace Attempt  5	[0.05 s]
2: ProofGrid is temporarily paused because there are too many pending traces.
2: ProofGrid is resuming to work after pausing for 0.01s. The amount of pending traces decreased.
2.0.Hp: Trace Attempt  8	[0.07 s]
2.0.Hp: A trace with 8 cycles was found. [0.07 s]
INFO (IPF047): 2.0.Hp: The cover property "ahb3liten.u_assumptions.assume_burst_len_incr8:witness1" was covered in 8 cycles in 0.07 s.
2.0.Hp: A trace with 8 cycles was found. [0.07 s]
INFO (IPF047): 2.0.Hp: The cover property "ahb3liten.u_assumptions.assume_burst_len_wrap8:witness1" was covered in 8 cycles in 0.08 s.
2.0.Hp: Trace Attempt  9	[0.08 s]
2.0.Ht: clocks: 1, declared: 1, looping: 0, posedge: 1, negedge: 0, noedge: 0, bothedge: 0
2.0.Ht: Trace Attempt  1	[0.06 s]
2.0.Ht: Trace Attempt  2	[0.06 s]
2.0.Ht: Trace Attempt  3	[0.06 s]
2.0.Ht: Trace Attempt  4	[0.06 s]
2.0.Ht: Trace Attempt  5	[0.06 s]
2.0.Ht: Trace Attempt 16	[0.06 s]
2.0.Ht: A trace with 16 cycles was found. [0.06 s]
INFO (IPF047): 2.0.Ht: The cover property "ahb3liten.u_assumptions.assume_burst_len_incr16:witness1" was covered in 16 cycles in 0.00 s.
2.0.Ht: A trace with 16 cycles was found. [0.06 s]
INFO (IPF047): 2.0.Ht: The cover property "ahb3liten.u_assumptions.assume_burst_len_wrap16:witness1" was covered in 16 cycles in 0.00 s.
2.0.Ht: All properties determined. [0.06 s]
INFO (IPF144): 2: Initiating shutdown of proof [0.12 s]
2.0.Oh: Requesting engine job to terminate
2.0.L: Requesting engine job to terminate
2.0.Ht: Requesting engine job to terminate
2.0.Hp: Requesting engine job to terminate
2.0.Bm: Requesting engine job to terminate
2.0.Mpcustom2: Requesting engine job to terminate
2.0.B: Requesting engine job to terminate
2.0.AM: Requesting engine job to terminate
2.0.N: Requesting engine job to terminate
2.0.N: pc9: Support for "CentOS Linux release 7.9.2009 (Core)" will be removed with the 2025.09 release.
2.0.AM: pc9: Support for "CentOS Linux release 7.9.2009 (Core)" will be removed with the 2025.09 release.
2.0.Mpcustom2: Interrupted. [0.02 s]
2.0.Bm: Interrupted. [0.02 s]
2.0.Oh: Proofgrid shell started at 6046@pc9(local) jg_27470_pc9_18
2.0.L: Interrupted. [0.02 s]
2.0.Mpcustom2: Exited with Success (@ 0.13 s)
2: ProofGrid usable level: 0
2.0.Oh: Preventing job from starting because proof is shutting down.
2.0.Oh: Interrupted. [0.00 s]
2.0.Bm: Exited with Success (@ 0.13 s)
2.0.Oh: Exited with Success (@ 0.13 s)
2.0.L: Exited with Success (@ 0.13 s)
2.0.Hp: Interrupted (multi)
2.0.Hp: Trace Attempt 15	[0.10 s]
2.0.Hp: All properties determined. [0.00 s]
2.0.B: pc9: Support for "CentOS Linux release 7.9.2009 (Core)" will be removed with the 2025.09 release.
2.0.Hp: Exited with Success (@ 0.13 s)
2.0.Ht: Exited with Success (@ 0.13 s)
2.0.AM: Proofgrid shell started at 6110@pc9(local) jg_27470_pc9_18
2.0.AM: Preventing job from starting because proof is shutting down.
2.0.AM: Interrupted. [0.00 s]
2.0.AM: Exited with Success (@ 0.15 s)
2.0.N: Proofgrid shell started at 6071@pc9(local) jg_27470_pc9_18
2.0.B: Proofgrid shell started at 6096@pc9(local) jg_27470_pc9_18
2.0.N: Preventing job from starting because proof is shutting down.
2.0.B: Preventing job from starting because proof is shutting down.
2.0.N: Interrupted. [0.00 s]
2.0.B: Interrupted. [0.00 s]
2.0.B: Exited with Success (@ 0.16 s)
2.0.N: Exited with Success (@ 0.16 s)
2: --------------------------------------------------------------
ProofGrid Summary (utilization 21.09 %)
--------------------------------------------------------------
     engines started                               :     9
     engine jobs started                           :     9

    Time in state (seconds)
    --------------------------------------------
               Pending     Running        Dead
    --------------------------------------------
    min           0.00        0.00        0.00
    mean          0.08        0.02        0.00
    median        0.09        0.02        0.00
    max           0.11        0.11        0.00
    sum           0.76        0.20        0.00

    Data read    : 111.48 kiB
    Data written : 3.34 kiB

INFO (IPF180): 2: ProofGrid utilization: 21.09% slot-seconds: 0.20
2: ProofGrid usable level: 0
2: All pending notifications were processed.
2: ProofGrid was paused 5 times for a total of 0.07 seconds
INFO (IPF059): 2: Completed proof on task: "<embedded>"

==============================================================
SUMMARY
==============================================================
           Properties Considered              : 95
                 assertions                   : 10
                  - proven                    : 4 (40%)
                  - bounded_proven (user)     : 0 (0%)
                  - bounded_proven (auto)     : 0 (0%)
                  - marked_proven             : 0 (0%)
                  - cex                       : 6 (60%)
                  - ar_cex                    : 0 (0%)
                  - undetermined              : 0 (0%)
                  - unknown                   : 0 (0%)
                  - error                     : 0 (0%)
                 covers                       : 85
                  - unreachable               : 6 (7.05882%)
                  - bounded_unreachable (user): 0 (0%)
                  - covered                   : 79 (92.9412%)
                  - ar_covered                : 0 (0%)
                  - undetermined              : 0 (0%)
                  - unknown                   : 0 (0%)
                  - error                     : 0 (0%)
determined
determined
[<embedded>] % visualize -violation -property <embedded>::ahb3liten.u_checker._assert_8 -new_window
INFO (IVS015): Setting Visualize task to "<embedded>".
INFO (IVS008): Expanding analysis region to enable visualization of "<embedded>::ahb3liten.u_checker._assert_8".
cex
[<embedded>] % include scripts/fpv_setup.tcl
%% # =========================================================
%% # AHB-Lite SRAM Formal Verification Setup
%% # Role B - EE5214
%% # =========================================================
%% 
%% clear -all
INFO (IPF121): Cleared environment completely for new design analysis.
%% 
%% set ROOT [pwd]
/home/Abid.Hussain/verification/3.AHB-Lite-project
%% 
%% set top ahb3liten
ahb3liten
%% 
%% # -----------------------------
%% # STEP 1: PACKAGE FIRST (VERY IMPORTANT)
%% # -----------------------------
%% analyze -sv09 $ROOT/packages/ahb3lite_pkg.sv
[-- (VERI-1482)] Analyzing Verilog file '/mnt/cadence_tools/installs/JASPER25/lib/verilog/packages/std/std.sv' into library 'std'
[-- (VERI-1482)] Analyzing Verilog file '/home/Abid.Hussain/verification/3.AHB-Lite-project/packages/ahb3lite_pkg.sv'
%% 
%% # -----------------------------
%% # STEP 2: RTL
%% # -----------------------------
%% analyze -sv09 $ROOT/rtl/mem.sv
[-- (VERI-1482)] Analyzing Verilog file '/home/Abid.Hussain/verification/3.AHB-Lite-project/rtl/mem.sv'
%% analyze -sv09 $ROOT/rtl/design.sv
[-- (VERI-1482)] Analyzing Verilog file '/home/Abid.Hussain/verification/3.AHB-Lite-project/rtl/design.sv'
%% 
%% # -----------------------------
%% # STEP 3: SVA
%% # -----------------------------
%% analyze -sv09 $ROOT/sva/ahb_checker.sv
[-- (VERI-1482)] Analyzing Verilog file '/home/Abid.Hussain/verification/3.AHB-Lite-project/sva/ahb_checker.sv'
%% analyze -sv09 $ROOT/sva/ahb_assumptions.sv
[-- (VERI-1482)] Analyzing Verilog file '/home/Abid.Hussain/verification/3.AHB-Lite-project/sva/ahb_assumptions.sv'
%% #analyze -sv09 $ROOT/sva/ahb_cover.sv
%% 
%% # -----------------------------
%% # STEP 4: BIND
%% # -----------------------------
%% analyze -sv09 $ROOT/bind/bind_ahb.sv
[-- (VERI-1482)] Analyzing Verilog file '/home/Abid.Hussain/verification/3.AHB-Lite-project/bind/bind_ahb.sv'
%% 
%% # -----------------------------
%% # ELABORATE
%% # -----------------------------
%% elaborate -top $top -create_related_covers {precondition witness}
INFO (ISW003): Top module name is "ahb3liten".
[INFO (HIER-8002)] /home/Abid.Hussain/verification/3.AHB-Lite-project/rtl/design.sv(297): Disabling old hierarchical reference handler
[INFO (VERI-1018)] /home/Abid.Hussain/verification/3.AHB-Lite-project/rtl/mem.sv(1): compiling module 'mem:(ABITS=8)'
[INFO (VERI-2571)] /home/Abid.Hussain/verification/3.AHB-Lite-project/rtl/mem.sv(25): extracting RAM for identifier 'mem_array'
[WARN (VERI-9033)] /home/Abid.Hussain/verification/3.AHB-Lite-project/rtl/mem.sv(25): array mem_array (size 8192) automatically BLACK-BOXED. Use the "elaborate -bbox_a" command to prevent automatic black-boxing.
[INFO (VERI-1018)] /home/Abid.Hussain/verification/3.AHB-Lite-project/sva/ahb_checker.sv(8): compiling module 'ahb_checker'
[WARN (VERI-1796)] /home/Abid.Hussain/verification/3.AHB-Lite-project/sva/ahb_checker.sv(68): system function call isunknown with non-constant argument is not supported for synthesis
[WARN (VERI-1796)] /home/Abid.Hussain/verification/3.AHB-Lite-project/sva/ahb_checker.sv(68): system function call isunknown with non-constant argument is not supported for synthesis
[INFO (VERI-1018)] /home/Abid.Hussain/verification/3.AHB-Lite-project/sva/ahb_assumptions.sv(7): compiling module 'ahb_assumptions'
[WARN (VERI-1796)] /home/Abid.Hussain/verification/3.AHB-Lite-project/sva/ahb_assumptions.sv(65): system function call isunknown with non-constant argument is not supported for synthesis
[WARN (VERI-1796)] /home/Abid.Hussain/verification/3.AHB-Lite-project/sva/ahb_assumptions.sv(74): system function call isunknown with non-constant argument is not supported for synthesis
[WARN (VERI-1796)] /home/Abid.Hussain/verification/3.AHB-Lite-project/sva/ahb_assumptions.sv(83): system function call isunknown with non-constant argument is not supported for synthesis
[WARN (VERI-1796)] /home/Abid.Hussain/verification/3.AHB-Lite-project/sva/ahb_assumptions.sv(92): system function call isunknown with non-constant argument is not supported for synthesis
[INFO (VERI-1018)] /home/Abid.Hussain/verification/3.AHB-Lite-project/rtl/design.sv(1): compiling module 'ahb3liten'
[WARN (VERI-1209)] /home/Abid.Hussain/verification/3.AHB-Lite-project/rtl/design.sv(113): expression size 16 truncated to fit in target size 7
[WARN (VERI-1959)] /home/Abid.Hussain/verification/3.AHB-Lite-project/rtl/design.sv(155): left shift count >= width of value
[WARN (VERI-1959)] /home/Abid.Hussain/verification/3.AHB-Lite-project/rtl/design.sv(156): left shift count >= width of value
[WARN (VERI-1959)] /home/Abid.Hussain/verification/3.AHB-Lite-project/rtl/design.sv(157): left shift count >= width of value
[WARN (VERI-1209)] /home/Abid.Hussain/verification/3.AHB-Lite-project/rtl/design.sv(126): expression size 32 truncated to fit in target size 16
[WARN (VERI-1209)] /home/Abid.Hussain/verification/3.AHB-Lite-project/rtl/design.sv(127): expression size 32 truncated to fit in target size 16
[WARN (VERI-1209)] /home/Abid.Hussain/verification/3.AHB-Lite-project/rtl/design.sv(128): expression size 32 truncated to fit in target size 16
[WARN (VERI-1209)] /home/Abid.Hussain/verification/3.AHB-Lite-project/rtl/design.sv(129): expression size 32 truncated to fit in target size 16
[WARN (VERI-1209)] /home/Abid.Hussain/verification/3.AHB-Lite-project/rtl/design.sv(130): expression size 32 truncated to fit in target size 16
[WARN (VERI-1209)] /home/Abid.Hussain/verification/3.AHB-Lite-project/rtl/design.sv(131): expression size 32 truncated to fit in target size 16
[WARN (VERI-1209)] /home/Abid.Hussain/verification/3.AHB-Lite-project/rtl/design.sv(132): expression size 32 truncated to fit in target size 16
[WARN (VERI-1209)] /home/Abid.Hussain/verification/3.AHB-Lite-project/rtl/design.sv(133): expression size 32 truncated to fit in target size 16
INFO (INL208): Elaboration synthesis summary:
  Number of synthesized netlists          5 (1 packages)
  Single run mode                         On
  Pipeline                                On (4 pipelined netlists)
  Late hierarchical reference connection  On
  Number of analyzed Verilog modules      6 (5 synthesized)
  Number of analyzed VHDL entities        0 (0 synthesized)
  Advanced Incremental run mode           Off
INFO (INL003): Clearing all state information (assumes, stopats, and so forth).
ahb3liten
%% 
%% # -----------------------------
%% # CLOCK / RESET
%% # -----------------------------
%% clock HCLK
%% reset !HRESETn
INFO (IPM031): Clearing proof results of all properties.
INFO (IRS006): Current reset condition is "HRESETn".
%% 
%% # -----------------------------
%% # PROVE
%% # -----------------------------
%% prove -all
INFO (IPF036): Starting proof on task: "<embedded>", 95 properties to prove with 0 already proven/unreachable
INFO (IRS029): Starting reset analysis: phase 1 of 4.
INFO (IRS030): Running reset analysis: phase 2 of 4.
INFO (IRS031): Running reset analysis: phase 3 of 4.
INFO (IRS020): Starting the reset analysis simulation with a limit of 100 iterations (phase 4 of 4).
INFO (ISIM006): Running simulation: {mode = single, probe = all}.
INFO (IRS024): Reset iterations 0 to 4 analyzed.
INFO (ISIM008): Simulation is processing trace data. Total number of nets in analysis 2282.
INFO (IRS018): Reset analysis simulation executed for 3 iterations. Assigned values for 2 of 113 design flops, 0 of 0 design latches, 213 of 419 internal elements.
INFO (IRS039): Reset analysis complete.
INFO (IPF031): Settings used for proof thread 2:
    orchestration                      = on
    time_limit                         = 86400s
    per_property_time_limit            = 1s * 10 ^ scan
    engine_mode                        = auto
    proofgrid_per_engine_max_jobs      = 1
    max engine jobs                    = auto
    proofgrid_mode                     = local
    proofgrid_restarts                 = 10
2.0.PRE: A proof was found: No trace exists. [0.00 s]
INFO (IPF057): 2.0.PRE: The property "ahb3liten.u_checker._assert_1" was proven in 0.00 s.
2.0.PRE: A proof was found: No trace exists. [0.00 s]
INFO (IPF051): 2.0.PRE: The cover property "ahb3liten.u_checker._assert_1:witness1" was proven unreachable in 0.00 s.
2.0.PRE: A proof was found: No trace exists. [0.00 s]
INFO (IPF051): 2.0.PRE: The cover property "ahb3liten.u_checker._assert_1:precondition1" was proven unreachable in 0.00 s.
2.0.PRE: A proof was found: No trace exists. [0.00 s]
INFO (IPF057): 2.0.PRE: The property "ahb3liten.u_checker._assert_3" was proven in 0.00 s.
2.0.PRE: A proof was found: No trace exists. [0.00 s]
INFO (IPF057): 2.0.PRE: The property "ahb3liten.u_checker._assert_7" was proven in 0.00 s.
2.0.PRE: A proof was found: No trace exists. [0.00 s]
INFO (IPF051): 2.0.PRE: The cover property "ahb3liten.u_checker._assert_7:witness1" was proven unreachable in 0.00 s.
2.0.PRE: A proof was found: No trace exists. [0.00 s]
INFO (IPF051): 2.0.PRE: The cover property "ahb3liten.u_checker._assert_7:precondition1" was proven unreachable in 0.00 s.
2.0.PRE: A proof was found: No trace exists. [0.00 s]
INFO (IPF051): 2.0.PRE: The cover property "ahb3liten.u_assumptions.assume_reset_htrans:witness1" was proven unreachable in 0.00 s.
2.0.PRE: A proof was found: No trace exists. [0.00 s]
INFO (IPF051): 2.0.PRE: The cover property "ahb3liten.u_assumptions.assume_reset_htrans:precondition1" was proven unreachable in 0.00 s.
2: Found proofs for 9 properties in preprocessing
2: Using multistage preprocessing
2: Starting reduce
2: Finished reduce in 0.001s
2.0.PRE: Performing Proof Simplification...
2.0.Hp: clocks: 1, declared: 1, looping: 0, posedge: 1, negedge: 0, noedge: 0, bothedge: 0
2.0.Hp: Proof Simplification Iteration 1	[0.00 s]
2.0.Hp: A max_length bound was found. The shortest trace is no longer than 1 cycles. [0.00 s]
INFO (IPF008): 2.0.Hp: A max_length bound of 1 was found for the property "ahb3liten.u_checker._assert_3:witness1" in 0.00 s.
2.0.Hp: A max_length bound was found. The shortest trace is no longer than 1 cycles. [0.00 s]
INFO (IPF008): 2.0.Hp: A max_length bound of 1 was found for the property "ahb3liten.u_assumptions.assume_valid_htrans:witness1" in 0.00 s.
2.0.Hp: A max_length bound was found. The shortest trace is no longer than 1 cycles. [0.00 s]
INFO (IPF008): 2.0.Hp: A max_length bound of 1 was found for the property "ahb3liten.u_assumptions.assume_valid_hburst:witness1" in 0.00 s.
2.0.Hp: A max_length bound was found. The shortest trace is no longer than 1 cycles. [0.00 s]
INFO (IPF008): 2.0.Hp: A max_length bound of 1 was found for the property "ahb3liten.u_assumptions.assume_valid_hsize:witness1" in 0.00 s.
2.0.Hp: A max_length bound was found. The shortest trace is no longer than 1 cycles. [0.00 s]
INFO (IPF008): 2.0.Hp: A max_length bound of 1 was found for the property "ahb3liten.u_assumptions.assume_valid_hwrite:witness1" in 0.00 s.
2.0.Hp: A max_length bound was found. The shortest trace is no longer than 1 cycles. [0.00 s]
INFO (IPF008): 2.0.Hp: A max_length bound of 1 was found for the property "ahb3liten.u_assumptions.assume_valid_hsel:witness1" in 0.00 s.
2.0.Hp: A max_length bound was found. The shortest trace is no longer than 1 cycles. [0.00 s]
INFO (IPF008): 2.0.Hp: A max_length bound of 1 was found for the property "ahb3liten.u_assumptions.assume_valid_hready:witness1" in 0.00 s.
2.0.Hp: Proof Simplification Iteration 2	[0.00 s]
2.0.Hp: Proof Simplification Iteration 3	[0.00 s]
2.0.PRE: Proof Simplification completed in 0.01 s
2.0.Hp: Identified and disabled 23 duplicated targets.
2: About to start ProofGrid in its own thread with a limit of 10000 pending notifications and a limit of 10 traces.
2: ============================= ProofGrid (v3) start =============================
2: ProofGrid usable level: 63
2: Initial ProofGrid level: 1
2: ProofGrid is starting event handling
2: Computed task hash in 0.00ss
2.0.Hp: pc9: Support for "CentOS Linux release 7.9.2009 (Core)" will be removed with the 2025.09 release.
2.0.Ht: pc9: Support for "CentOS Linux release 7.9.2009 (Core)" will be removed with the 2025.09 release.
2: ProofGrid usable level: 63
2.0.Hp: Proofgrid shell started at 6632@pc9(local) jg_27470_pc9_19
2: ProofGrid usable level: 63
2: ProofGrid usable level: 63
2.0.Hp: clocks: 1, declared: 1, looping: 0, posedge: 1, negedge: 0, noedge: 0, bothedge: 0
2: ProofGrid usable level: 63
2.0.Bm: pc9: Support for "CentOS Linux release 7.9.2009 (Core)" will be removed with the 2025.09 release.
2: ProofGrid usable level: 63
2.0.Hp: Trace Attempt  1	[0.00 s]
2.0.Hp: A trace with 1 cycles was found. [0.00 s]
INFO (IPF047): 2.0.Hp: The cover property "ahb3liten.u_checker._assert_2:witness1" was covered in 1 cycles in 0.05 s.
INFO (IPF047): 2.0.Hp: The cover property "ahb3liten.u_checker._assert_2:precondition1" was covered in 1 cycles in 0.05 s.
INFO (IPF047): 2.0.Hp: The cover property "ahb3liten.u_checker._assert_3:witness1" was covered in 1 cycles in 0.05 s.
INFO (IPF047): 2.0.Hp: The cover property "ahb3liten.u_assumptions.assume_valid_htrans:witness1" was covered in 1 cycles in 0.05 s.
INFO (IPF047): 2.0.Hp: The cover property "ahb3liten.u_assumptions.assume_valid_hburst:witness1" was covered in 1 cycles in 0.05 s.
INFO (IPF047): 2.0.Hp: The cover property "ahb3liten.u_assumptions.assume_valid_hsize:witness1" was covered in 1 cycles in 0.05 s.
INFO (IPF047): 2.0.Hp: The cover property "ahb3liten.u_assumptions.assume_valid_hwrite:witness1" was covered in 1 cycles in 0.05 s.
INFO (IPF047): 2.0.Hp: The cover property "ahb3liten.u_assumptions.assume_valid_hsel:witness1" was covered in 1 cycles in 0.05 s.
INFO (IPF047): 2.0.Hp: The cover property "ahb3liten.u_assumptions.assume_valid_hready:witness1" was covered in 1 cycles in 0.05 s.
2.0.Hp: A trace with 1 cycles was found. [0.00 s]
INFO (IPF055): 2.0.Hp: A counterexample (cex) with 1 cycles was found for the property "ahb3liten.u_checker._assert_5" in 0.05 s.
INFO (IPF047): 2.0.Hp: The cover property "ahb3liten.u_checker._assert_5:precondition1" was covered in 1 cycles in 0.05 s.
INFO (IPF055): 2.0.Hp: A counterexample (cex) with 1 cycles was found for the property "ahb3liten.u_checker._assert_6" in 0.05 s.
INFO (IPF047): 2.0.Hp: The cover property "ahb3liten.u_checker._assert_6:precondition1" was covered in 1 cycles in 0.05 s.
INFO (IPF047): 2.0.Hp: The cover property "ahb3liten.u_assumptions.assume_align_halfword:witness1" was covered in 1 cycles in 0.05 s.
INFO (IPF047): 2.0.Hp: The cover property "ahb3liten.u_assumptions.assume_valid_haddr:witness1" was covered in 1 cycles in 0.05 s.
INFO (IPF047): 2.0.Hp: The cover property "ahb3liten.u_assumptions.assume_valid_haddr:precondition1" was covered in 1 cycles in 0.05 s.
INFO (IPF047): 2.0.Hp: The cover property "ahb3liten.u_assumptions.assume_align_halfword:precondition1" was covered in 1 cycles in 0.05 s.
2.0.Hp: A trace with 1 cycles was found. [0.00 s]
INFO (IPF047): 2.0.Hp: The cover property "ahb3liten.u_checker._assert_5:witness1" was covered in 1 cycles in 0.06 s.
INFO (IPF047): 2.0.Hp: The cover property "ahb3liten.u_assumptions.assume_burst_len_incr16:precondition1" was covered in 1 cycles in 0.06 s.
2.0.Hp: A trace with 1 cycles was found. [0.00 s]
INFO (IPF047): 2.0.Hp: The cover property "ahb3liten.u_checker._assert_6:witness1" was covered in 1 cycles in 0.07 s.
2.0.Hp: A trace with 1 cycles was found. [0.00 s]
INFO (IPF055): 2.0.Hp: A counterexample (cex) with 1 cycles was found for the property "ahb3liten.u_checker._assert_8" in 0.07 s.
INFO (IPF047): 2.0.Hp: The cover property "ahb3liten.u_checker._assert_8:precondition1" was covered in 1 cycles in 0.07 s.
INFO (IPF055): 2.0.Hp: A counterexample (cex) with 1 cycles was found for the property "ahb3liten.u_checker._assert_9" in 0.07 s.
INFO (IPF047): 2.0.Hp: The cover property "ahb3liten.u_assumptions.assume_1kb_boundary:witness1" was covered in 1 cycles in 0.07 s.
INFO (IPF047): 2.0.Hp: The cover property "ahb3liten.u_assumptions.assume_1kb_boundary:precondition1" was covered in 1 cycles in 0.07 s.
INFO (IPF047): 2.0.Hp: The cover property "ahb3liten.u_assumptions.assume_no_seq_after_idle:witness1" was covered in 1 cycles in 0.07 s.
INFO (IPF047): 2.0.Hp: The cover property "ahb3liten.u_assumptions.assume_no_seq_after_idle:precondition1" was covered in 1 cycles in 0.07 s.
INFO (IPF047): 2.0.Hp: The cover property "ahb3liten.u_assumptions.assume_const_hsize_burst:witness1" was covered in 1 cycles in 0.07 s.
INFO (IPF047): 2.0.Hp: The cover property "ahb3liten.u_assumptions.assume_const_hburst_burst:witness1" was covered in 1 cycles in 0.07 s.
INFO (IPF047): 2.0.Hp: The cover property "ahb3liten.u_checker._assert_9:precondition1" was covered in 1 cycles in 0.07 s.
INFO (IPF047): 2.0.Hp: The cover property "ahb3liten.u_assumptions.assume_const_hsize_burst:precondition1" was covered in 1 cycles in 0.07 s.
INFO (IPF047): 2.0.Hp: The cover property "ahb3liten.u_assumptions.assume_const_hwrite_burst:witness1" was covered in 1 cycles in 0.07 s.
INFO (IPF047): 2.0.Hp: The cover property "ahb3liten.u_assumptions.assume_const_hwrite_burst:precondition1" was covered in 1 cycles in 0.07 s.
INFO (IPF047): 2.0.Hp: The cover property "ahb3liten.u_assumptions.assume_const_hburst_burst:precondition1" was covered in 1 cycles in 0.07 s.
INFO (IPF047): 2.0.Hp: The cover property "ahb3liten.u_assumptions.assume_valid_seq_pred:witness1" was covered in 1 cycles in 0.07 s.
INFO (IPF047): 2.0.Hp: The cover property "ahb3liten.u_assumptions.assume_valid_seq_pred:precondition1" was covered in 1 cycles in 0.07 s.
2: ProofGrid is temporarily paused because there are too many pending traces.
2: ProofGrid is resuming to work after pausing for 0.04s. The amount of pending traces decreased.
2.0.Hp: A trace with 1 cycles was found. [0.01 s]
INFO (IPF047): 2.0.Hp: The cover property "ahb3liten.u_checker._assert_8:witness1" was covered in 1 cycles in 0.10 s.
2.0.Hp: A trace with 1 cycles was found. [0.01 s]
INFO (IPF047): 2.0.Hp: The cover property "ahb3liten.u_checker._assert_9:witness1" was covered in 1 cycles in 0.11 s.
2.0.Hp: A trace with 1 cycles was found. [0.01 s]
INFO (IPF047): 2.0.Hp: The cover property "ahb3liten.u_assumptions.assume_align_word:witness1" was covered in 1 cycles in 0.12 s.
INFO (IPF047): 2.0.Hp: The cover property "ahb3liten.u_assumptions.assume_align_word:precondition1" was covered in 1 cycles in 0.12 s.
2.0.Hp: A trace with 1 cycles was found. [0.01 s]
INFO (IPF047): 2.0.Hp: The cover property "ahb3liten.u_assumptions.assume_stable_haddr_wait:witness1" was covered in 1 cycles in 0.14 s.
INFO (IPF047): 2.0.Hp: The cover property "ahb3liten.u_assumptions.assume_stable_haddr_wait:precondition1" was covered in 1 cycles in 0.14 s.
INFO (IPF047): 2.0.Hp: The cover property "ahb3liten.u_assumptions.assume_stable_htrans_wait:witness1" was covered in 1 cycles in 0.14 s.
INFO (IPF047): 2.0.Hp: The cover property "ahb3liten.u_assumptions.assume_stable_hsize_wait:witness1" was covered in 1 cycles in 0.14 s.
INFO (IPF047): 2.0.Hp: The cover property "ahb3liten.u_assumptions.assume_stable_hburst_wait:witness1" was covered in 1 cycles in 0.14 s.
INFO (IPF047): 2.0.Hp: The cover property "ahb3liten.u_assumptions.assume_stable_hwrite_wait:witness1" was covered in 1 cycles in 0.14 s.
INFO (IPF047): 2.0.Hp: The cover property "ahb3liten.u_assumptions.assume_stable_hsel_wait:witness1" was covered in 1 cycles in 0.14 s.
INFO (IPF047): 2.0.Hp: The cover property "ahb3liten.u_assumptions.assume_stable_htrans_wait:precondition1" was covered in 1 cycles in 0.14 s.
INFO (IPF047): 2.0.Hp: The cover property "ahb3liten.u_assumptions.assume_stable_hsize_wait:precondition1" was covered in 1 cycles in 0.14 s.
INFO (IPF047): 2.0.Hp: The cover property "ahb3liten.u_assumptions.assume_stable_hburst_wait:precondition1" was covered in 1 cycles in 0.14 s.
INFO (IPF047): 2.0.Hp: The cover property "ahb3liten.u_assumptions.assume_stable_hwrite_wait:precondition1" was covered in 1 cycles in 0.14 s.
INFO (IPF047): 2.0.Hp: The cover property "ahb3liten.u_assumptions.assume_stable_hsel_wait:precondition1" was covered in 1 cycles in 0.14 s.
2.0.Hp: A trace with 1 cycles was found. [0.01 s]
INFO (IPF047): 2.0.Hp: The cover property "ahb3liten.u_assumptions.assume_valid_busy_pred:witness1" was covered in 1 cycles in 0.16 s.
INFO (IPF047): 2.0.Hp: The cover property "ahb3liten.u_assumptions.assume_valid_busy_pred:precondition1" was covered in 1 cycles in 0.16 s.
INFO (IPF047): 2.0.Hp: The cover property "ahb3liten.u_assumptions.assume_busy_addr_stable:witness1" was covered in 1 cycles in 0.16 s.
INFO (IPF047): 2.0.Hp: The cover property "ahb3liten.u_assumptions.assume_busy_addr_stable:precondition1" was covered in 1 cycles in 0.16 s.
2: ProofGrid is temporarily paused because there are too many pending traces.
2: ProofGrid is resuming to work after pausing for 0.09s. The amount of pending traces decreased.
2.0.Hp: A trace with 1 cycles was found. [0.01 s]
INFO (IPF047): 2.0.Hp: The cover property "ahb3liten.u_assumptions.assume_single_no_seq:witness1" was covered in 1 cycles in 0.18 s.
INFO (IPF047): 2.0.Hp: The cover property "ahb3liten.u_assumptions.assume_single_no_seq:precondition1" was covered in 1 cycles in 0.18 s.
INFO (IPF047): 2.0.Hp: The cover property "ahb3liten.u_assumptions.assume_single_no_busy:witness1" was covered in 1 cycles in 0.18 s.
INFO (IPF047): 2.0.Hp: The cover property "ahb3liten.u_assumptions.assume_single_no_busy:precondition1" was covered in 1 cycles in 0.18 s.
2.0.Hp: A trace with 1 cycles was found. [0.01 s]
INFO (IPF047): 2.0.Hp: The cover property "ahb3liten.u_assumptions.assume_burst_len_incr4:precondition1" was covered in 1 cycles in 0.18 s.
2.0.Hp: A trace with 1 cycles was found. [0.01 s]
INFO (IPF047): 2.0.Hp: The cover property "ahb3liten.u_assumptions.assume_burst_len_wrap4:precondition1" was covered in 1 cycles in 0.18 s.
2.0.Hp: A trace with 1 cycles was found. [0.01 s]
INFO (IPF047): 2.0.Hp: The cover property "ahb3liten.u_assumptions.assume_burst_len_incr8:precondition1" was covered in 1 cycles in 0.18 s.
2.0.Hp: A trace with 1 cycles was found. [0.01 s]
INFO (IPF047): 2.0.Hp: The cover property "ahb3liten.u_assumptions.assume_burst_len_wrap8:precondition1" was covered in 1 cycles in 0.19 s.
2: ProofGrid is temporarily paused because there are too many pending traces.
2: ProofGrid is resuming to work after pausing for 0.02s. The amount of pending traces decreased.
2.0.Hp: A trace with 1 cycles was found. [0.01 s]
INFO (IPF047): 2.0.Hp: The cover property "ahb3liten.u_assumptions.assume_burst_len_wrap16:precondition1" was covered in 1 cycles in 0.20 s.
2.0.Hp: A trace with 1 cycles was found. [0.01 s]
INFO (IPF047): 2.0.Hp: The cover property "ahb3liten.u_assumptions.assume_wrap4_word_bound:witness1" was covered in 1 cycles in 0.20 s.
INFO (IPF047): 2.0.Hp: The cover property "ahb3liten.u_assumptions.assume_wrap4_word_bound:precondition1" was covered in 1 cycles in 0.20 s.
2.0.Hp: A trace with 1 cycles was found. [0.01 s]
INFO (IPF047): 2.0.Hp: The cover property "ahb3liten.u_assumptions.assume_wrap8_word_bound:witness1" was covered in 1 cycles in 0.20 s.
INFO (IPF047): 2.0.Hp: The cover property "ahb3liten.u_assumptions.assume_wrap8_word_bound:precondition1" was covered in 1 cycles in 0.20 s.
2.0.Hp: A trace with 1 cycles was found. [0.01 s]
INFO (IPF047): 2.0.Hp: The cover property "ahb3liten.u_assumptions.assume_wrap16_word_bound:witness1" was covered in 1 cycles in 0.20 s.
INFO (IPF047): 2.0.Hp: The cover property "ahb3liten.u_assumptions.assume_wrap16_word_bound:precondition1" was covered in 1 cycles in 0.20 s.
2.0.Hp: A trace with 1 cycles was found. [0.01 s]
INFO (IPF047): 2.0.Hp: The cover property "ahb3liten.u_assumptions.assume_wrap4_hw_bound:witness1" was covered in 1 cycles in 0.21 s.
INFO (IPF047): 2.0.Hp: The cover property "ahb3liten.u_assumptions.assume_wrap4_hw_bound:precondition1" was covered in 1 cycles in 0.21 s.
2.0.Ht: Proofgrid shell started at 6652@pc9(local) jg_27470_pc9_19
2.0.Bm: Proofgrid shell started at 6673@pc9(local) jg_27470_pc9_19
2.0.Mpcustom2: pc9: Support for "CentOS Linux release 7.9.2009 (Core)" will be removed with the 2025.09 release.
2.0.Mpcustom2: Proofgrid shell started at 6675@pc9(local) jg_27470_pc9_19
2.0.Oh: pc9: Support for "CentOS Linux release 7.9.2009 (Core)" will be removed with the 2025.09 release.
2.0.Oh: Proofgrid shell started at 6682@pc9(local) jg_27470_pc9_19
2.0.L: pc9: Support for "CentOS Linux release 7.9.2009 (Core)" will be removed with the 2025.09 release.
2.0.L: Proofgrid shell started at 6685@pc9(local) jg_27470_pc9_19
2.0.Hp: A proof was found: No trace exists. [0.03 s]
INFO (IPF057): 2.0.Hp: The property "ahb3liten.u_checker._assert_2" was proven in 0.21 s.
2.0.Hp: Trace Attempt  2	[0.03 s]
2: ProofGrid is temporarily paused because there are too many pending traces.
2: ProofGrid is resuming to work after pausing for 0.02s. The amount of pending traces decreased.
2.0.Hp: A trace with 2 cycles was found. [0.03 s]
INFO (IPF055): 2.0.Hp: A counterexample (cex) with 2 cycles was found for the property "ahb3liten.u_checker._assert_4" in 0.21 s.
INFO (IPF047): 2.0.Hp: The cover property "ahb3liten.u_checker._assert_4:precondition1" was covered in 2 cycles in 0.21 s.
2.0.Hp: A trace with 2 cycles was found. [0.03 s]
INFO (IPF047): 2.0.Hp: The cover property "ahb3liten.u_checker._assert_4:witness1" was covered in 2 cycles in 0.22 s.
INFO (IPF047): 2.0.Hp: The cover property "ahb3liten.u_checker._assert_10:witness1" was covered in 2 cycles in 0.22 s.
INFO (IPF047): 2.0.Hp: The cover property "ahb3liten.u_checker._assert_10:precondition1" was covered in 2 cycles in 0.22 s.
2.0.Hp: A trace with 2 cycles was found. [0.03 s]
INFO (IPF055): 2.0.Hp: A counterexample (cex) with 2 cycles was found for the property "ahb3liten.u_checker._assert_10" in 0.22 s.
2.0.Hp: Trace Attempt  3	[0.04 s]
2.0.Hp: Trace Attempt  4	[0.05 s]
2.0.Hp: A trace with 4 cycles was found. [0.05 s]
INFO (IPF047): 2.0.Hp: The cover property "ahb3liten.u_assumptions.assume_burst_len_incr4:witness1" was covered in 4 cycles in 0.22 s.
2.0.Hp: A trace with 4 cycles was found. [0.05 s]
INFO (IPF047): 2.0.Hp: The cover property "ahb3liten.u_assumptions.assume_burst_len_wrap4:witness1" was covered in 4 cycles in 0.22 s.
2.0.Hp: Trace Attempt  5	[0.06 s]
2: ProofGrid is temporarily paused because there are too many pending traces.
2: ProofGrid is resuming to work after pausing for 0.01s. The amount of pending traces decreased.
2.0.Hp: Trace Attempt  8	[0.09 s]
2.0.Hp: A trace with 8 cycles was found. [0.09 s]
INFO (IPF047): 2.0.Hp: The cover property "ahb3liten.u_assumptions.assume_burst_len_incr8:witness1" was covered in 8 cycles in 0.23 s.
2.0.Hp: A trace with 8 cycles was found. [0.09 s]
INFO (IPF047): 2.0.Hp: The cover property "ahb3liten.u_assumptions.assume_burst_len_wrap8:witness1" was covered in 8 cycles in 0.23 s.
2.0.Hp: Trace Attempt  9	[0.09 s]
2.0.Hp: Trace Attempt 16	[0.19 s]
2.0.Hp: A trace with 16 cycles was found. [0.19 s]
INFO (IPF047): 2.0.Hp: The cover property "ahb3liten.u_assumptions.assume_burst_len_incr16:witness1" was covered in 16 cycles in 0.23 s.
2.0.Hp: A trace with 16 cycles was found. [0.19 s]
INFO (IPF047): 2.0.Hp: The cover property "ahb3liten.u_assumptions.assume_burst_len_wrap16:witness1" was covered in 16 cycles in 0.23 s.
2.0.Hp: All properties determined. [0.19 s]
INFO (IPF144): 2: Initiating shutdown of proof [0.23 s]
2.0.N: Requesting engine job to terminate
2.0.Hp: Requesting engine job to terminate
2.0.Bm: Requesting engine job to terminate
2.0.Ht: Requesting engine job to terminate
2.0.L: Requesting engine job to terminate
2.0.Mpcustom2: Requesting engine job to terminate
2.0.Oh: Requesting engine job to terminate
2.0.B: Requesting engine job to terminate
2.0.AM: Requesting engine job to terminate
2.0.Hp: Outbound connection closed
2.0.Hp: Outbound connection closed
2.0.N: pc9: Support for "CentOS Linux release 7.9.2009 (Core)" will be removed with the 2025.09 release.
2.0.B: pc9: Support for "CentOS Linux release 7.9.2009 (Core)" will be removed with the 2025.09 release.
2.0.AM: pc9: Support for "CentOS Linux release 7.9.2009 (Core)" will be removed with the 2025.09 release.
2.0.Hp: Exited with Success (@ 0.23 s)
2: ProofGrid usable level: 0
2.0.Ht: Interrupted. [0.03 s]
2.0.Bm: Interrupted. [0.03 s]
2.0.Mpcustom2: Interrupted. [0.03 s]
2.0.Oh: Interrupted. [0.03 s]
2.0.L: Interrupted. [0.03 s]
2.0.N: Proofgrid shell started at 6713@pc9(local) jg_27470_pc9_19
2.0.N: Preventing job from starting because proof is shutting down.
2.0.N: Interrupted. [0.00 s]
2.0.AM: Proofgrid shell started at 6732@pc9(local) jg_27470_pc9_19
2.0.AM: Preventing job from starting because proof is shutting down.
2.0.AM: Interrupted. [0.00 s]
2.0.Ht: Exited with Success (@ 0.24 s)
2.0.Bm: Exited with Success (@ 0.24 s)
2.0.Mpcustom2: Exited with Success (@ 0.24 s)
2.0.Oh: Exited with Success (@ 0.24 s)
2.0.L: Exited with Success (@ 0.24 s)
2.0.AM: Exited with Success (@ 0.24 s)
2.0.B: Proofgrid shell started at 6719@pc9(local) jg_27470_pc9_19
2.0.N: Exited with Success (@ 0.25 s)
2.0.B: Preventing job from starting because proof is shutting down.
2.0.B: Interrupted. [0.00 s]
2.0.B: Exited with Success (@ 0.26 s)
2: --------------------------------------------------------------
ProofGrid Summary (utilization 17.84 %)
--------------------------------------------------------------
     engines started                               :     9
     engine jobs started                           :     9

    Time in state (seconds)
    --------------------------------------------
               Pending     Running        Dead
    --------------------------------------------
    min           0.00        0.00        0.00
    mean          0.19        0.04        0.00
    median        0.20        0.03        0.00
    max           0.22        0.23        0.00
    sum           1.68        0.37        0.00

    Data read    : 88.11 kiB
    Data written : 3.09 kiB

INFO (IPF180): 2: ProofGrid utilization: 17.84% slot-seconds: 0.37
2: ProofGrid usable level: 0
2: All pending notifications were processed.
2: ProofGrid was paused 5 times for a total of 0.179 seconds
INFO (IPF059): 2: Completed proof on task: "<embedded>"

==============================================================
SUMMARY
==============================================================
           Properties Considered              : 95
                 assertions                   : 10
                  - proven                    : 4 (40%)
                  - bounded_proven (user)     : 0 (0%)
                  - bounded_proven (auto)     : 0 (0%)
                  - marked_proven             : 0 (0%)
                  - cex                       : 6 (60%)
                  - ar_cex                    : 0 (0%)
                  - undetermined              : 0 (0%)
                  - unknown                   : 0 (0%)
                  - error                     : 0 (0%)
                 covers                       : 85
                  - unreachable               : 6 (7.05882%)
                  - bounded_unreachable (user): 0 (0%)
                  - covered                   : 79 (92.9412%)
                  - ar_covered                : 0 (0%)
                  - undetermined              : 0 (0%)
                  - unknown                   : 0 (0%)
                  - error                     : 0 (0%)
determined
determined
[<embedded>] % visualize -violation -property <embedded>::ahb3liten.u_checker._assert_9 -new_window
INFO (IVS015): Setting Visualize task to "<embedded>".
INFO (IVS008): Expanding analysis region to enable visualization of "<embedded>::ahb3liten.u_checker._assert_9".
cex
INFO (IPL005): Received request to exit from the console.
INFO (IPL014): Waiting for the Tcl-thread to exit.
INFO: Waiting for proof threads to stop...
INFO: Proof threads stopped.
INFO (IPL018): The peak resident set memory use for this session was 0.405 GB.
INFO (IPL015): The Tcl-thread exited with status 0.
INFO (IPL016): Exiting the analysis session with status 0.
